"build_time_min","deploy_time_min","commit_size_loc","num_bugs","test_coverage_pct","ticket_resolution_h","team","module","priority","deploy_status"
15.76,6.86,115,0,71.5,14.72,"Equipo_2","Auth","Medium","Success"
6.76,6.79,143,1,68.95,21.58,"Equipo_1","Database","Medium","Success"
9.2,6.08,128,3,71.37,12.44,"Equipo_2","Auth","Low","Success"
4.92,5.44,134,1,89.56,5.91,"Equipo_2","Dashboard","Low","Success"
8.56,8.39,102,1,65.86,28.57,"Equipo_2","Database","Low","Success"
6.43,8.46,127,6,67.8,20.12,"Equipo_4","Payments","Medium","Success"
19.6,8.93,132,3,69.09,20.07,"Equipo_4","Auth","Low","Success"
8.74,10.21,124,0,82.79,8.73,"Equipo_4","Dashboard","Medium","Success"
4.98,6.88,107,1,76.19,29.13,"Equipo_2","API","High","Success"
4.07,3.12,119,0,74.97,22.48,"Equipo_5","Database","Low","Success"
15.44,9.4,124,1,53.49,9.36,"Equipo_5","Database","Medium","Success"
13.63,8.38,118,2,93.87,14.96,"Equipo_1","Database","Low","Success"
13.13,7.32,135,0,63.99,9.19,"Equipo_1","Dashboard","Medium","Success"
11.16,10.51,119,0,98.75,20.66,"Equipo_2","Dashboard","Medium","Success"
13.56,4.55,108,1,82.49,23.2,"Equipo_1","Database","High","Success"
5.88,8.61,95,1,60.94,20.06,"Equipo_2","Database","Medium","Success"
7.75,9.1,145,4,62.45,36.37,"Equipo_5","Auth","High","Success"
19.09,11.49,126,0,75.53,16.01,"Equipo_5","API","Low","Success"
17.8,14.14,125,1,76.97,8,"Equipo_4","Auth","Medium","Success"
10.58,11.33,111,0,50.39,42.91,"Equipo_4","API","Medium","Success"
10.33,8.08,110,1,99.62,16.1,"Equipo_3","API","Medium","Success"
7.41,9.45,144,0,93.72,11.31,"Equipo_3","Database","Medium","Success"
3.07,12.41,108,1,84.69,8.67,"Equipo_4","API","Low","Success"
5.42,6.68,126,2,91.35,6.84,"Equipo_3","Auth","Low","Success"
11.04,7.3,108,2,48.84,26.23,"Equipo_3","API","High","Success"
12.24,4.79,134,1,80.85,28.44,"Equipo_3","Payments","Medium","Success"
13.93,4.95,111,2,78.02,13.33,"Equipo_4","Database","Medium","Success"
6.6,6,113,0,56.08,19.55,"Equipo_1","API","Low","Failed"
6.26,4.42,127,1,88.49,12.6,"Equipo_4","API","Medium","Success"
5.98,8.48,135,0,91.58,17.66,"Equipo_2","API","Medium","Success"
11.63,11.66,120,3,46.3,8.66,"Equipo_5","Payments","High","Success"
7.7,5.13,119,2,82.26,15.63,"Equipo_5","Database","Medium","Success"
9.9,2.65,123,0,73.84,6.25,"Equipo_5","Auth","Medium","Success"
7.53,8.95,137,2,58.96,7.94,"Equipo_1","API","High","Success"
9.69,5.67,129,2,77.87,13.11,"Equipo_4","Database","Medium","Success"
4.21,4.6,116,1,58.71,12.33,"Equipo_5","Auth","Medium","Failed"
10.93,7.56,106,3,99.28,19.24,"Equipo_1","Database","High","Failed"
5.89,10.2,131,0,65.91,8.93,"Equipo_4","Auth","Low","Success"
11.85,5,121,2,96.62,11.49,"Equipo_3","Dashboard","Low","Failed"
9.16,6.94,128,0,47.64,24.77,"Equipo_4","Auth","Low","Success"
10.33,8.56,121,3,49.33,6.81,"Equipo_1","Dashboard","Medium","Success"
5.99,8.74,130,1,82.67,22.67,"Equipo_2","Database","Low","Success"
16.93,6.14,116,1,73.88,39.56,"Equipo_2","Auth","Low","Success"
11.93,7.17,130,2,58.2,28.66,"Equipo_3","Auth","Low","Success"
9.38,9.28,116,0,68.45,21.22,"Equipo_4","Dashboard","Medium","Success"
10.21,10.03,120,0,84.62,29.55,"Equipo_2","API","Medium","Success"
12.11,6.2,127,2,57.39,7.57,"Equipo_2","API","Medium","Success"
9.39,5.81,124,0,79.66,16.25,"Equipo_2","Auth","High","Success"
13.67,7.17,116,0,85.87,23.74,"Equipo_4","Database","Low","Success"
8.07,5.92,120,1,46.46,11.21,"Equipo_3","Database","Low","Success"
11.64,13.34,117,1,77.82,21.72,"Equipo_3","API","Low","Success"
15.92,15.65,108,2,59.28,21.84,"Equipo_3","API","Low","Success"
6.18,7.77,127,3,48.75,29.75,"Equipo_5","API","Low","Success"
10.15,4.62,126,2,76.69,14.52,"Equipo_3","API","High","Success"
16.68,10.23,117,3,46.07,19.99,"Equipo_3","Dashboard","High","Success"
9.87,6.87,130,1,87.23,8.96,"Equipo_5","Auth","Low","Success"
4.61,5.8,110,1,71.83,1.05,"Equipo_5","API","Low","Success"
5.12,5.36,128,1,63.18,10.28,"Equipo_4","Database","Medium","Success"
12.56,9.92,122,1,99.46,5.11,"Equipo_4","Auth","High","Success"
13.25,4.68,106,2,61.32,25.17,"Equipo_1","Dashboard","Low","Success"
17.04,3.62,108,0,51.15,4.95,"Equipo_3","Database","Medium","Success"
5.13,6.86,149,4,89.1,15.54,"Equipo_5","Auth","Low","Success"
12.55,8.15,105,0,86.27,14.09,"Equipo_3","Dashboard","Low","Success"
11.08,9.93,119,1,83.74,14.68,"Equipo_3","API","Low","Success"
5.63,11.8,119,2,58.02,71.25,"Equipo_5","Auth","Medium","Success"
11.1,8.42,119,1,93.25,92.97,"Equipo_5","Database","Low","Failed"
9.55,4.55,95,1,52.71,5.75,"Equipo_3","Auth","Medium","Success"
5.75,8.95,121,2,73.08,5.57,"Equipo_1","API","Low","Success"
8.49,10.64,126,1,70.97,42.66,"Equipo_3","Payments","Medium","Success"
5.61,6.04,108,1,89.13,29.93,"Equipo_2","Dashboard","High","Success"
8.1,5.79,122,3,96.92,2.95,"Equipo_2","Dashboard","Medium","Success"
4.95,7.95,116,2,45.41,33.07,"Equipo_5","Database","Medium","Success"
12.82,11.85,134,3,69.31,5.57,"Equipo_5","API","Low","Success"
15.88,9.07,114,0,67.2,34.87,"Equipo_3","Auth","High","Success"
7.09,9.75,148,0,75.23,7.73,"Equipo_3","Auth","High","Success"
12.05,4.58,133,2,92.46,17.75,"Equipo_1","Auth","Low","Success"
12.8,10.93,129,1,45.48,14.73,"Equipo_4","Database","Low","Success"
6.78,5.73,122,3,93.91,23.62,"Equipo_2","Database","Medium","Success"
4.84,7.56,107,1,63.18,9.58,"Equipo_4","Database","High","Success"
20.8,6.36,144,0,89.96,88.28,"Equipo_2","Dashboard","Low","Success"
14.82,6.96,96,2,94.25,7.13,"Equipo_4","Auth","Low","Success"
13.98,5.96,141,0,73.47,18.97,"Equipo_3","API","Medium","Success"
5.25,10.18,127,2,57.51,22.51,"Equipo_3","API","Critical","Success"
8.84,7.05,126,2,88.2,16.3,"Equipo_3","API","Medium","Success"
9.45,5.37,122,1,60.5,27.9,"Equipo_2","Auth","Low","Success"
7.3,15.1,116,0,47.16,4.41,"Equipo_5","Auth","High","Success"
13.69,9.15,126,2,56.51,9.8,"Equipo_4","Auth","Medium","Failed"
7.47,8.97,116,1,86.07,46.29,"Equipo_3","Database","Medium","Success"
8.89,4.13,118,3,49.17,15.58,"Equipo_1","Database","Low","Success"
18.06,9.7,132,1,93.81,50.28,"Equipo_4","Payments","Low","Success"
13.31,10.14,115,2,68.85,14.65,"Equipo_3","Dashboard","Medium","Success"
5.6,8.06,133,0,53.92,30.59,"Equipo_2","Payments","Medium","Success"
7.45,3.52,128,2,55.86,17.76,"Equipo_2","API","Medium","Success"
2.28,10.8,117,4,70.84,8.72,"Equipo_2","Auth","High","Success"
4.15,13.17,129,1,81.91,18.31,"Equipo_2","API","Medium","Success"
8.18,7.83,125,0,59.83,5.54,"Equipo_2","Dashboard","Low","Success"
3.84,6.9,111,2,52.15,33.99,"Equipo_5","Auth","Medium","Success"
8.81,8.09,118,3,79.62,19.73,"Equipo_2","Auth","Medium","Success"
8.99,12.3,124,1,54.08,13.07,"Equipo_1","Auth","Medium","Success"
5.64,5.68,128,1,91.05,12.86,"Equipo_1","API","Low","Success"
18.09,10.1,117,3,63.65,6.23,"Equipo_5","Database","Low","Success"
10.33,3.52,118,2,67.54,25.11,"Equipo_4","Payments","Medium","Success"
4.76,5.67,138,1,86.9,47.92,"Equipo_5","Dashboard","Medium","Success"
9,3.61,114,1,68.73,16.35,"Equipo_3","API","Medium","Success"
14.39,8.55,130,1,73.13,80.14,"Equipo_5","Auth","Low","Success"
16.15,5.59,120,1,67.71,24.1,"Equipo_2","API","Low","Success"
4.95,5.38,124,1,91.47,20.21,"Equipo_3","Database","Low","Rolled_Back"
4.94,5.75,125,1,75.94,36.49,"Equipo_3","Database","Low","Rolled_Back"
7.12,6.65,123,2,65.29,23.94,"Equipo_5","Dashboard","High","Success"
7.63,7.57,120,2,50.76,30.26,"Equipo_3","Database","Low","Success"
5.63,12.13,119,0,57.41,39.48,"Equipo_4","Auth","Critical","Rolled_Back"
16.23,11.15,105,0,48.66,10.91,"Equipo_5","API","Medium","Failed"
7.26,7.04,109,1,46.68,40.67,"Equipo_1","Payments","Low","Success"
10.14,9.79,111,1,83.58,26.11,"Equipo_2","Dashboard","Low","Success"
2.87,8.28,130,3,85.94,22.75,"Equipo_3","API","Low","Success"
3.62,6.95,132,1,83.7,25.18,"Equipo_3","Auth","Low","Success"
16.38,9.15,81,1,95.5,36.9,"Equipo_5","API","Low","Success"
5.26,8.31,115,4,65.21,15.51,"Equipo_1","Dashboard","Medium","Success"
4.51,9.75,126,1,68.95,11.08,"Equipo_1","Auth","Low","Success"
4.26,7.19,106,2,72.86,40.95,"Equipo_1","Dashboard","Medium","Failed"
6.88,6.94,113,3,83.68,27.49,"Equipo_3","API","Medium","Rolled_Back"
21.78,6.78,111,1,81.28,21.84,"Equipo_5","Database","Medium","Success"
7.89,9.64,105,2,58.73,9.56,"Equipo_4","Dashboard","Low","Success"
9.71,9.09,96,2,98.33,32.83,"Equipo_3","Auth","Low","Failed"
7.53,9.97,116,0,74.14,31.65,"Equipo_2","Database","High","Success"
12.1,6.47,130,2,98.59,39.25,"Equipo_4","Dashboard","Medium","Success"
15.44,6.87,117,2,93.19,61.23,"Equipo_5","Database","Medium","Success"
9.36,4.95,136,1,93.5,14.14,"Equipo_5","Payments","Low","Success"
13.2,4.32,112,3,69.9,24.78,"Equipo_2","Dashboard","High","Success"
8.05,9.52,120,1,56.15,2.4,"Equipo_5","Database","Medium","Success"
7.54,4.41,118,1,54.62,28.98,"Equipo_2","Payments","High","Success"
17.59,6.98,113,2,93.6,75.86,"Equipo_2","API","Medium","Success"
13.04,8.08,134,2,56.77,9.99,"Equipo_4","Auth","Medium","Success"
8.37,5.17,118,1,87.58,3.36,"Equipo_1","Dashboard","High","Success"
5.34,13,114,2,46.98,10.35,"Equipo_3","Payments","Medium","Success"
11.17,8.39,111,1,99.67,36.46,"Equipo_5","Dashboard","Medium","Success"
8.97,8.52,131,1,52.59,20.44,"Equipo_1","API","Low","Failed"
10.74,8.96,120,1,60.1,32.39,"Equipo_4","Dashboard","Low","Success"
19.81,7.52,87,0,54.01,13.56,"Equipo_4","API","High","Success"
9.91,4.05,108,1,60.65,43.76,"Equipo_4","Auth","Low","Success"
16.15,8.5,94,3,88.27,6.84,"Equipo_2","Dashboard","Medium","Success"
6.78,4.37,127,3,93.97,33.12,"Equipo_2","Database","High","Success"
12.22,9.29,100,2,57.41,17.78,"Equipo_5","Auth","Low","Success"
11.5,7.73,124,1,57.38,19.26,"Equipo_2","Payments","Low","Success"
5.8,8.82,127,4,86.51,26.8,"Equipo_4","Database","Medium","Success"
13.5,5.71,129,2,50.19,22.79,"Equipo_4","Database","Medium","Success"
8.68,8.2,124,4,89.82,4.13,"Equipo_4","Dashboard","Low","Success"
10.1,6.98,101,3,88.77,1.82,"Equipo_3","Payments","High","Success"
4.35,9.16,119,1,88.25,35.93,"Equipo_4","Dashboard","High","Success"
4.14,7.43,121,1,85.24,30.08,"Equipo_3","Database","Medium","Success"
10.79,8,137,0,72.19,8.42,"Equipo_3","Dashboard","High","Rolled_Back"
11.66,6.81,133,1,55.74,13.4,"Equipo_5","Payments","Low","Success"
18.35,4.74,122,2,99.04,4.82,"Equipo_5","Auth","Low","Failed"
9.55,7.98,118,1,89.08,8.35,"Equipo_1","Dashboard","Medium","Success"
2.51,7.98,120,2,82.37,14.04,"Equipo_1","Database","Medium","Success"
8.15,8.02,121,1,57.11,48.42,"Equipo_2","Payments","Medium","Success"
19.86,5.13,123,3,97.41,4.81,"Equipo_3","Dashboard","Medium","Failed"
4.11,10.45,94,0,82.6,14.59,"Equipo_3","Payments","Medium","Success"
9.89,9.54,99,0,93.22,7.98,"Equipo_3","Auth","Low","Failed"
11.67,7.4,133,1,57.92,20.19,"Equipo_5","API","Medium","Success"
5.18,9.53,126,4,94.29,11.93,"Equipo_4","API","Low","Success"
8.23,4.39,110,1,45.36,32.2,"Equipo_3","Auth","Medium","Rolled_Back"
8.82,2.27,136,2,52.62,11.48,"Equipo_2","API","High","Success"
9.46,8.76,120,1,70.26,30.03,"Equipo_1","Payments","Low","Success"
8.65,11.97,105,1,54.28,48.53,"Equipo_1","Dashboard","Medium","Success"
9.15,6.52,128,0,52.33,35.03,"Equipo_3","Auth","Medium","Success"
9.49,8.22,109,3,73.04,43.23,"Equipo_5","Payments","Medium","Success"
10.08,9.64,133,3,54,27.98,"Equipo_5","Payments","Low","Success"
4.38,10.41,121,3,65.09,2.74,"Equipo_3","Dashboard","Medium","Success"
16,4.35,136,1,77.79,17.15,"Equipo_1","Payments","Low","Success"
14.05,8.01,131,1,76.43,22.32,"Equipo_4","Payments","Low","Success"
8.64,5.44,128,1,70.88,6.29,"Equipo_5","API","Low","Success"
10.91,7.38,102,1,48.94,3,"Equipo_1","Dashboard","Low","Rolled_Back"
8.28,6.21,108,1,60.6,5.6,"Equipo_3","Auth","High","Success"
10.83,7.55,114,0,80.5,17.74,"Equipo_3","Payments","Low","Success"
6.99,7.24,112,1,47.31,42.68,"Equipo_4","Payments","Medium","Failed"
15.09,4.94,111,0,63.88,9.87,"Equipo_1","Auth","Medium","Success"
7.88,7.06,97,4,84.69,2.81,"Equipo_5","Database","Low","Success"
3.89,10.19,127,1,57.87,3.45,"Equipo_5","Payments","Medium","Success"
7.13,7.41,121,6,78.66,2.98,"Equipo_4","Database","Medium","Success"
14.22,5.11,116,1,53.15,40.45,"Equipo_2","Dashboard","Medium","Success"
0.8,8.07,116,0,64.65,62.58,"Equipo_2","Database","Low","Success"
8.9,4.27,128,2,60.49,16.14,"Equipo_5","Dashboard","Medium","Success"
15.45,5.92,122,3,89.91,19.57,"Equipo_2","Payments","Medium","Success"
12.67,7.41,126,2,94.6,20,"Equipo_5","Auth","Medium","Success"
9.84,5.72,116,1,73.1,15.88,"Equipo_3","API","Low","Success"
4.89,7.24,111,1,81.51,13.61,"Equipo_5","API","Medium","Success"
15.08,10.93,114,1,62.58,8.97,"Equipo_4","Payments","Medium","Success"
4.1,3.32,114,1,57.82,30.72,"Equipo_5","Payments","Critical","Success"
8.83,3.25,120,3,89.41,21.97,"Equipo_5","API","Low","Rolled_Back"
8.89,8.04,136,2,71.5,5.43,"Equipo_4","Payments","High","Success"
6.97,7.04,129,1,89.69,28.39,"Equipo_1","API","Low","Failed"
4.95,7.58,116,0,96.47,26.53,"Equipo_4","API","Low","Success"
13.13,9.19,115,1,83.11,6.15,"Equipo_1","Dashboard","Medium","Success"
15.06,10.62,116,2,50.76,20.83,"Equipo_5","Payments","High","Success"
5.09,7.18,128,0,67.49,5.69,"Equipo_4","API","Medium","Success"
5.15,10.41,122,1,91.38,25.17,"Equipo_1","Payments","High","Success"
6.97,12.17,110,0,77.5,20.55,"Equipo_4","Database","Critical","Success"
5.2,5.29,129,0,79.29,44.98,"Equipo_5","Payments","Medium","Success"
9.86,10.76,127,2,63.16,45.52,"Equipo_1","API","Medium","Failed"
16.49,12.3,107,1,55.16,25.1,"Equipo_3","API","Medium","Success"
4.81,10.05,109,3,80.75,10.32,"Equipo_5","Payments","Medium","Success"
2.86,10.23,118,0,48.26,32.45,"Equipo_5","Database","High","Success"
6.55,5.47,133,1,63.81,43.42,"Equipo_5","API","Low","Success"
12.78,8.46,127,0,96,30.76,"Equipo_1","Dashboard","Medium","Success"
8.21,8.94,120,1,56.03,35.78,"Equipo_2","Database","Low","Success"
9.33,7.46,132,0,47.99,6.98,"Equipo_1","API","Medium","Success"
5.94,5.98,136,0,46.89,45.29,"Equipo_5","Auth","Low","Success"
9.2,8.53,142,1,58.61,79.6,"Equipo_3","API","Medium","Success"
9.68,5.81,128,0,88.27,14.48,"Equipo_2","Auth","Medium","Failed"
10.92,11.21,115,0,70.75,32.7,"Equipo_2","API","Low","Failed"
7.4,12.04,107,1,73.97,11.3,"Equipo_5","Database","Low","Success"
5.77,8.45,121,0,53.18,29.59,"Equipo_5","Payments","Low","Success"
4.5,4.14,115,1,66.99,8.77,"Equipo_2","Payments","Low","Success"
6.67,10.41,127,1,86.83,7.05,"Equipo_3","API","Medium","Success"
12.84,5.81,114,0,73.38,21.44,"Equipo_5","Dashboard","Low","Success"
3.33,10.56,114,1,84.77,25.83,"Equipo_3","Payments","High","Success"
7.43,12.3,129,1,50.77,4.65,"Equipo_5","API","Medium","Success"
9.19,8.83,97,1,62.43,15.96,"Equipo_4","API","Critical","Success"
10.54,9.48,125,2,95.57,12.95,"Equipo_4","Auth","Medium","Success"
22.46,7.87,116,2,81.07,14.09,"Equipo_3","Auth","Medium","Success"
5.86,6.76,118,1,85.09,14.69,"Equipo_3","Database","Low","Success"
2.67,5.79,132,0,90.54,23.48,"Equipo_5","Database","Medium","Failed"
6.32,7.71,108,2,82.93,22.31,"Equipo_4","Payments","Medium","Success"
10.65,11.47,131,2,61.67,6.93,"Equipo_4","Database","Low","Success"
8.79,9.75,128,2,88.72,16.87,"Equipo_4","Payments","Low","Success"
8.48,7.49,111,2,73.12,31.1,"Equipo_4","API","Low","Success"
13.58,5.42,108,2,98.96,57.99,"Equipo_4","Auth","High","Success"
23.76,7.18,110,2,79.92,14.45,"Equipo_3","Dashboard","Medium","Failed"
8.85,5.82,123,2,72.18,20.55,"Equipo_2","Auth","Low","Success"
3.42,9.74,118,2,52.56,22.24,"Equipo_4","API","Low","Success"
6.73,4.65,120,3,56.3,13.87,"Equipo_1","Auth","Low","Success"
9.17,8.42,117,1,61.91,5.59,"Equipo_3","Database","Low","Success"
12.39,10.86,115,0,90.69,17.45,"Equipo_2","Dashboard","Low","Success"
8.39,9.42,115,5,83.4,8.71,"Equipo_1","Dashboard","Low","Success"
9.26,7.34,127,0,78.2,26.07,"Equipo_3","API","Medium","Success"
7.46,10.58,111,2,69.78,35.14,"Equipo_3","Auth","Low","Failed"
4.49,13.33,118,2,91.72,13.03,"Equipo_2","Payments","Low","Rolled_Back"
7.17,7.98,120,1,48.29,16.55,"Equipo_2","Payments","Medium","Success"
6.07,5.86,147,2,86.34,20.77,"Equipo_4","Payments","Medium","Success"
11.33,7.11,118,2,75.67,4.53,"Equipo_5","Dashboard","High","Success"
8.23,10.86,119,0,97.15,25.68,"Equipo_2","API","Low","Success"
7.32,12.11,119,0,88.89,68.95,"Equipo_3","Dashboard","Low","Rolled_Back"
6.28,7.36,113,1,60.64,20.01,"Equipo_1","Auth","Medium","Success"
4.52,7.03,101,0,74.1,9.25,"Equipo_4","Auth","Low","Failed"
11.57,7.1,113,3,48.07,14.67,"Equipo_5","Payments","Low","Success"
4.64,4.61,133,1,93.59,6.96,"Equipo_2","Payments","Medium","Success"
9.22,8.66,106,1,53.75,26.27,"Equipo_4","Dashboard","Medium","Success"
9,9.98,114,2,68.68,52.17,"Equipo_2","Payments","Low","Success"
16.04,7.8,120,7,50.82,24.71,"Equipo_3","Database","High","Success"
17.62,10.83,121,1,58.59,29.66,"Equipo_1","Dashboard","Medium","Success"
11.33,9.07,125,2,55.53,22.96,"Equipo_1","Database","Low","Success"
8.8,8.87,138,2,68.88,33.58,"Equipo_2","Database","Low","Success"
8.71,9.63,137,1,60.3,11.35,"Equipo_4","API","Low","Success"
15.29,8.94,119,0,93.32,42.21,"Equipo_4","Payments","Medium","Success"
13.38,6.2,127,1,57.19,26.27,"Equipo_4","Dashboard","Low","Success"
12.34,11.85,138,1,57.65,16.08,"Equipo_3","Auth","Medium","Success"
8.2,6.13,136,2,66.16,14.36,"Equipo_5","Dashboard","High","Success"
8.69,4.54,102,1,86.29,4.78,"Equipo_2","Payments","Medium","Success"
7.9,6.67,125,0,56.13,12.76,"Equipo_1","Database","Low","Success"
6.04,8.5,130,1,92.13,14.07,"Equipo_4","Database","Low","Success"
7.7,5.39,127,5,65.24,7.62,"Equipo_1","Auth","Medium","Success"
12.07,10.65,139,1,99.67,10.64,"Equipo_3","API","Critical","Success"
7.25,8.54,98,2,75.81,8.63,"Equipo_1","Auth","High","Success"
4.78,5.37,143,2,45.6,8.01,"Equipo_1","Dashboard","Medium","Failed"
10.21,12.84,135,0,63.33,46.31,"Equipo_3","Dashboard","Medium","Success"
14.58,8.05,112,2,57.56,37.97,"Equipo_4","Dashboard","Medium","Success"
3.28,5.07,134,2,88.04,38.09,"Equipo_1","API","Medium","Success"
17.08,8.38,128,0,75.03,33.3,"Equipo_2","Auth","Critical","Success"
8.54,12.71,124,1,80.97,17.51,"Equipo_5","Dashboard","Low","Success"
5.81,5.92,127,3,57.72,12.57,"Equipo_2","API","Medium","Success"
11.45,4.31,119,1,98.3,2.62,"Equipo_4","Dashboard","Low","Rolled_Back"
6.89,6.67,128,1,94.39,33.65,"Equipo_5","Auth","Medium","Success"
14.74,9.07,119,1,91.95,21.83,"Equipo_5","Database","Medium","Success"
7.81,7.25,117,1,96.78,18.45,"Equipo_3","API","Low","Success"
11.7,8.97,116,2,88.49,37.8,"Equipo_2","Payments","High","Success"
6.89,6.25,120,0,71.43,10.28,"Equipo_2","API","Medium","Success"
5.76,9.08,119,1,72.39,11.12,"Equipo_2","API","Low","Success"
7.68,9.14,147,0,61.58,30.4,"Equipo_5","Auth","Medium","Failed"
7.63,7.69,121,2,80.93,11.56,"Equipo_2","Database","Medium","Success"
10.13,8.65,103,0,91.86,6.79,"Equipo_3","Payments","High","Success"
17.85,8.66,134,0,59.23,10.29,"Equipo_1","Database","Medium","Rolled_Back"
15.75,9.05,107,3,46.86,12.78,"Equipo_4","Auth","Medium","Failed"
8.76,11.42,104,3,71.98,17.94,"Equipo_3","Dashboard","Medium","Success"
10.54,10.78,122,1,63.98,19.26,"Equipo_3","API","Low","Success"
17.23,13.19,122,1,67,3.24,"Equipo_4","Database","Low","Success"
9.38,13.3,134,1,74.23,11.14,"Equipo_5","Auth","High","Failed"
15.03,7.47,122,2,60.38,9.98,"Equipo_4","API","Medium","Success"
3.38,8.28,128,1,99.03,11.09,"Equipo_2","Payments","Medium","Success"
7.72,5.47,128,1,77.3,12.5,"Equipo_5","API","High","Success"
7.87,3.62,130,2,48.45,8.43,"Equipo_5","Payments","Medium","Failed"
6.45,10.59,115,3,83.65,4.71,"Equipo_5","Dashboard","Medium","Success"
18.17,8.94,124,2,70.65,8.07,"Equipo_3","Database","Medium","Success"
22.21,16.34,140,5,68.61,19.15,"Equipo_2","Auth","Medium","Success"
5.01,8.15,111,1,52.12,19.88,"Equipo_5","Auth","Low","Success"
11.11,7.47,125,2,91.38,24.85,"Equipo_2","Payments","Critical","Failed"
8.04,10.01,126,0,57.43,8.83,"Equipo_3","Dashboard","Medium","Success"
8.1,4.1,132,1,97.77,55.83,"Equipo_5","Database","Low","Success"
21.05,5.94,104,1,74.76,31.81,"Equipo_3","Auth","Low","Failed"
10.41,10.71,111,1,66.24,5.51,"Equipo_1","Payments","Low","Success"
7.76,8.62,129,1,84.11,7.94,"Equipo_3","Dashboard","Medium","Success"
4.82,8.81,123,4,76.93,29.51,"Equipo_1","Payments","High","Success"
7.85,8.28,133,2,66.06,16.13,"Equipo_5","Dashboard","Medium","Success"
7.8,4.94,109,1,83.11,22.12,"Equipo_1","Database","Low","Success"
10.05,3.56,120,1,90.27,21.32,"Equipo_4","Dashboard","Medium","Success"
7.95,3.84,131,2,57.35,15.71,"Equipo_5","Payments","Medium","Success"
5.01,9.87,133,7,67.13,16.61,"Equipo_3","Dashboard","Medium","Success"
5.69,7.89,121,2,67.69,35.59,"Equipo_4","Database","High","Failed"
5.28,7.87,114,1,52.84,15.57,"Equipo_4","Database","Medium","Success"
6.71,10.31,103,4,74.8,12.55,"Equipo_4","Auth","High","Failed"
15.97,10.98,96,3,89.29,16,"Equipo_3","Database","Low","Success"
10.29,4.59,141,1,49.04,0.91,"Equipo_3","Auth","Medium","Rolled_Back"
10.3,9.21,110,0,50.71,14.44,"Equipo_2","Auth","Low","Success"
4.03,12.04,102,0,79.02,14.75,"Equipo_5","Dashboard","Medium","Success"
6.27,12.23,129,0,59.84,17.9,"Equipo_2","Database","High","Failed"
3.29,8.01,127,2,85.28,9.97,"Equipo_2","Payments","Low","Failed"
6.1,10.32,119,2,55.84,9.9,"Equipo_5","API","Low","Success"
3.52,9.83,137,2,93.73,19.03,"Equipo_2","Auth","Medium","Success"
2.11,12.41,108,2,61.94,6.11,"Equipo_1","Payments","Medium","Success"
10.17,12.4,140,5,65.38,25.41,"Equipo_4","Payments","High","Success"
11.03,5.6,139,4,92.81,30.73,"Equipo_4","Dashboard","High","Failed"
1.21,6.03,129,1,75.56,18.11,"Equipo_4","Auth","Low","Success"
3.89,13.19,119,2,97.27,4.69,"Equipo_3","Database","Medium","Rolled_Back"
4.97,9.11,111,3,77.43,4.82,"Equipo_2","Dashboard","Low","Success"
13.16,6.96,125,1,71.81,13.86,"Equipo_5","Database","Low","Success"
9.23,9.44,138,2,95.91,5.57,"Equipo_5","Payments","Low","Success"
6.79,7.12,121,4,91.78,48.51,"Equipo_1","Payments","Medium","Success"
3.01,9.74,111,1,47.59,13.82,"Equipo_4","Database","Medium","Success"
8.32,6.31,109,1,90.15,9.1,"Equipo_1","Dashboard","Low","Success"
11.05,9.47,119,0,98.13,12.49,"Equipo_1","Auth","Low","Success"
5.88,11.56,129,2,52.51,22.4,"Equipo_1","Database","High","Success"
3.64,9.23,122,0,81.36,19.7,"Equipo_4","Dashboard","Medium","Failed"
7.32,8.54,108,1,71.48,12.5,"Equipo_4","Payments","Low","Success"
15.48,3.28,128,0,54.85,22.16,"Equipo_4","Dashboard","Medium","Success"
8.75,7.44,134,3,90.79,28.07,"Equipo_5","Auth","Medium","Success"
15.68,8.08,117,3,60.94,31.91,"Equipo_5","Database","High","Success"
10.48,9.3,106,1,69.44,16.26,"Equipo_2","Payments","Low","Success"
16.09,7.24,140,2,45.14,6.93,"Equipo_2","Database","Medium","Success"
5.7,7.82,120,1,64.92,44.28,"Equipo_5","Dashboard","High","Success"
13.03,8.81,133,3,59.07,4.13,"Equipo_5","Payments","Low","Success"
8.46,6.3,118,2,47.25,23.48,"Equipo_4","API","High","Failed"
7.77,8.43,119,3,64.2,10.34,"Equipo_2","Auth","High","Success"
3.83,8.16,129,8,60.16,24.19,"Equipo_4","Dashboard","Low","Success"
4.32,4.51,122,0,62.94,18.5,"Equipo_5","Payments","Medium","Success"
1.94,6.72,103,0,92.06,25.94,"Equipo_1","Dashboard","High","Success"
7.37,7.44,122,2,72.64,5.71,"Equipo_5","Database","Low","Success"
4.67,7.44,131,2,90.11,16.02,"Equipo_4","Payments","Medium","Success"
17.18,4.88,110,2,93.08,11.79,"Equipo_2","Payments","Low","Success"
12.29,9.95,139,1,74.45,67.45,"Equipo_5","Database","Low","Success"
25.98,10.94,113,5,80.74,30.44,"Equipo_5","API","Critical","Success"
5.94,7.59,113,1,68.66,17.67,"Equipo_2","Auth","Low","Success"
20.08,5.04,141,1,85.24,10.01,"Equipo_1","Payments","Medium","Success"
4.79,9.39,142,1,58.2,31.07,"Equipo_2","Auth","Medium","Success"
4.99,9.35,127,4,99.37,11.61,"Equipo_2","Dashboard","Low","Success"
8.45,5.42,121,2,73.38,20.79,"Equipo_1","Payments","Low","Success"
15.41,7.54,118,0,84.98,14.63,"Equipo_2","API","Medium","Success"
12.47,8.83,153,0,60.05,61.67,"Equipo_5","Payments","Medium","Success"
14.09,4.82,112,1,88.38,47.95,"Equipo_4","Payments","Medium","Success"
9.15,7.82,106,3,57.82,35.13,"Equipo_2","Auth","Low","Success"
7.39,3.79,132,1,60.54,16.27,"Equipo_4","Database","Medium","Success"
10.11,7.67,108,0,55.94,13.5,"Equipo_4","Payments","Low","Success"
11.9,7.24,124,0,90.44,11.53,"Equipo_1","API","Medium","Success"
10.34,8.16,141,3,97.62,43.65,"Equipo_1","Dashboard","Medium","Failed"
12.97,9.83,134,1,80.66,15.85,"Equipo_3","API","Low","Success"
11.09,7.15,122,0,59.17,38.32,"Equipo_3","Dashboard","Medium","Failed"
10.88,12.59,105,3,79.29,47.27,"Equipo_1","API","Medium","Success"
13.22,6.17,134,1,71.94,13.17,"Equipo_1","Database","High","Success"
15.29,10.04,154,2,54.59,3.44,"Equipo_3","Dashboard","Medium","Success"
5.67,8.42,131,3,85.93,7.9,"Equipo_4","Payments","Low","Success"
8,9.27,94,2,93.72,5.83,"Equipo_1","Dashboard","Medium","Success"
9.84,12.19,117,1,47.9,8.87,"Equipo_2","Auth","Low","Success"
5.57,5.36,110,2,52,14.55,"Equipo_2","Dashboard","Critical","Success"
11.54,10.57,110,2,68.69,36.48,"Equipo_3","Auth","Low","Success"
8.26,4.71,123,2,46.32,13.67,"Equipo_3","Payments","Low","Success"
12.82,9.03,122,4,78.56,7.24,"Equipo_3","Auth","Low","Success"
6.21,4.22,135,3,70.04,7.58,"Equipo_4","Database","Low","Success"
6.58,5.87,126,3,51.47,12.59,"Equipo_1","Payments","Medium","Success"
4.34,6.38,127,0,59.22,13.34,"Equipo_4","Dashboard","Medium","Failed"
4.66,2.79,132,0,54.74,6.32,"Equipo_2","Payments","Medium","Success"
17.86,7.08,130,5,94.27,18.64,"Equipo_5","Auth","Low","Success"
8.99,4.62,108,0,94.59,24.7,"Equipo_5","Auth","Medium","Success"
11.64,0.5,128,1,52.69,13.86,"Equipo_1","API","High","Success"
13.15,7.59,122,0,99.69,4.23,"Equipo_1","API","Low","Success"
9.71,9.67,109,0,67.96,8.46,"Equipo_2","Auth","High","Success"
5.72,5.02,113,0,85.34,10.56,"Equipo_5","Database","Medium","Failed"
4.57,6.44,128,3,90.28,27.83,"Equipo_3","API","Low","Success"
6.9,8.43,122,0,47.7,12.52,"Equipo_1","API","Low","Success"
7.33,7.29,109,3,85.85,15.61,"Equipo_3","API","Medium","Success"
7.69,6.95,101,2,80.02,2.49,"Equipo_2","Auth","Medium","Success"
21.02,11.09,120,0,75.89,0.87,"Equipo_3","Payments","High","Success"
19.74,11.44,137,1,72.68,9.97,"Equipo_3","Payments","Low","Success"
3.18,7.53,136,2,50.56,3.46,"Equipo_1","Dashboard","Low","Success"
9.48,9.48,125,2,56.88,10.37,"Equipo_4","Database","Medium","Success"
10.53,7.32,108,2,83.34,5.44,"Equipo_3","API","High","Success"
4.14,8.36,124,1,72.96,44.92,"Equipo_4","API","Medium","Success"
7.64,6.41,135,1,53.1,17.5,"Equipo_5","Auth","Low","Success"
5.76,5.69,118,2,94.43,8.21,"Equipo_4","Dashboard","Medium","Success"
27.91,11.81,108,3,84.56,21.64,"Equipo_5","Dashboard","Medium","Success"
13.33,11.1,116,2,54.72,28.31,"Equipo_1","API","Low","Success"
4.61,9.35,120,2,67.49,7.43,"Equipo_5","Auth","Low","Success"
13.37,2.39,128,1,68.23,17.92,"Equipo_2","Auth","Low","Success"
9.3,6.59,106,3,56.71,33.45,"Equipo_3","Database","Low","Success"
6.77,4.86,92,0,65.32,34.01,"Equipo_2","Database","Low","Success"
4.87,9.61,121,5,86.06,13.34,"Equipo_5","API","Medium","Success"
11.3,9.45,136,2,72.3,32.12,"Equipo_2","API","Low","Success"
6.3,6.42,140,0,70.52,33.96,"Equipo_3","API","High","Success"
9.7,10.61,106,3,45.19,9.8,"Equipo_5","Auth","Medium","Success"
8.73,10.17,138,0,55.64,5.32,"Equipo_2","API","Medium","Success"
11.07,5.7,135,0,84.61,10.29,"Equipo_3","Dashboard","Critical","Success"
25.61,7.87,120,1,87.06,17.32,"Equipo_5","Payments","Medium","Failed"
11.4,7.85,114,0,76.06,12.8,"Equipo_1","Dashboard","Low","Failed"
17.11,6.72,126,0,53.01,50.14,"Equipo_2","Database","Medium","Success"
11.31,6.22,130,3,70,33.94,"Equipo_1","Payments","Medium","Failed"
15.82,8.99,119,1,58.59,15.12,"Equipo_2","Payments","Medium","Success"
12.53,11.25,128,3,67.8,43.38,"Equipo_1","API","Low","Success"
6.55,8.87,132,3,88.92,46.86,"Equipo_4","Database","Low","Success"
4.15,10.23,117,1,65.22,45.71,"Equipo_2","Dashboard","High","Success"
3.59,5.65,119,1,96.07,47.09,"Equipo_1","Auth","Low","Success"
3.89,5.63,127,1,66.55,28.05,"Equipo_3","Dashboard","High","Success"
13.11,9.03,144,1,73.4,31.09,"Equipo_4","Dashboard","Medium","Success"
12.46,5.76,111,2,90.12,9.92,"Equipo_5","Database","Low","Success"
10.32,8.41,116,0,58.81,11.76,"Equipo_2","Dashboard","High","Success"
16.45,5.36,138,3,60.67,5.95,"Equipo_5","API","Medium","Success"
3.69,7.03,128,3,83.39,28.05,"Equipo_4","API","Medium","Success"
12.8,5.24,116,0,67.69,37.47,"Equipo_2","Auth","Low","Success"
15.51,7.55,114,3,53.85,42.18,"Equipo_3","API","Medium","Success"
15.34,6.53,113,0,57.42,22.09,"Equipo_3","Auth","Low","Success"
7.42,10.68,119,2,49.23,6.1,"Equipo_4","API","Medium","Success"
9.34,9.02,115,1,69.41,23.04,"Equipo_5","Auth","Low","Success"
20.75,8.01,117,1,84.07,9.17,"Equipo_3","Payments","High","Success"
26.04,5.95,126,1,47.74,51.91,"Equipo_4","Database","Low","Success"
6.38,9.21,99,1,79.94,8.69,"Equipo_4","Database","Low","Success"
11.38,8.94,120,2,99.83,13.5,"Equipo_1","Auth","Low","Failed"
6.28,6.49,146,0,58.08,14.77,"Equipo_5","API","Medium","Success"
8.09,11.54,104,0,51.28,20.84,"Equipo_4","Dashboard","Medium","Success"
1.77,9.39,127,2,90.54,10.23,"Equipo_3","API","Low","Success"
9.01,10.45,125,1,79.75,16.03,"Equipo_5","Database","Medium","Rolled_Back"
8.66,6.53,117,2,92.9,19.34,"Equipo_3","Payments","Low","Success"
5.28,10.35,125,5,97.6,14.59,"Equipo_1","Database","Medium","Success"
7.25,7.84,118,0,61.65,17.8,"Equipo_5","API","Medium","Success"
6.29,7.36,105,2,89.49,7.87,"Equipo_4","API","Medium","Success"
10.81,5.83,121,1,75.99,23.02,"Equipo_5","Database","Medium","Success"
3.87,2.48,117,2,75.24,25.29,"Equipo_3","Payments","Low","Failed"
14.34,5.71,138,2,75.09,10.06,"Equipo_4","API","High","Success"
2.04,7.39,116,2,65.71,7.03,"Equipo_3","Auth","High","Success"
8.99,10.69,130,1,88.48,4.48,"Equipo_5","Auth","Medium","Success"
4.75,8.8,130,0,66.4,16.13,"Equipo_1","Dashboard","High","Failed"
11.72,8.32,120,0,48.11,27.8,"Equipo_1","Auth","Low","Failed"
8.47,8.27,129,2,65.27,13.45,"Equipo_1","Auth","Medium","Failed"
15.33,8.67,122,0,98.95,32.02,"Equipo_1","API","High","Success"
11.24,8.29,107,1,47.57,11.55,"Equipo_1","Database","High","Success"
4.3,5.69,121,2,94.51,6.2,"Equipo_5","Payments","Medium","Success"
2.15,11.31,143,0,67.03,19.45,"Equipo_5","Auth","High","Success"
8.44,7.17,119,0,87.24,8.54,"Equipo_5","Dashboard","Low","Success"
10.88,11.78,117,1,56.15,42.42,"Equipo_4","Database","Low","Success"
13.68,4.82,135,2,87.11,24.31,"Equipo_5","API","High","Success"
12.89,6.55,127,1,46.5,14.38,"Equipo_5","Payments","Medium","Success"
6.42,5.18,105,2,74.5,22.69,"Equipo_4","API","Medium","Rolled_Back"
19.92,7.99,117,1,65.47,34.42,"Equipo_5","Auth","Low","Success"
7.78,7.84,118,0,70.24,36.93,"Equipo_4","Database","Medium","Success"
6.96,9.44,97,0,53.99,8.74,"Equipo_2","Dashboard","Low","Failed"
13.91,9.49,125,3,75.02,20.1,"Equipo_4","Auth","Medium","Success"
10.74,8.23,125,2,54.21,44.63,"Equipo_3","API","Medium","Success"
7.05,11.68,110,3,77.88,27.72,"Equipo_1","Dashboard","Medium","Success"
10.2,9.65,148,2,64.01,31.28,"Equipo_2","Database","Medium","Success"
14.44,5.23,129,1,99.38,7.39,"Equipo_1","Auth","Medium","Success"
12.91,8.41,113,3,47.51,16.22,"Equipo_1","Auth","High","Success"
6.44,10.17,128,1,84.31,4.69,"Equipo_2","Auth","High","Success"
9.25,7.05,105,2,50.61,11.99,"Equipo_5","Payments","Low","Success"
8.87,5.18,118,1,74.87,15.71,"Equipo_3","Database","Medium","Success"
13.75,11.35,124,0,56.4,8.46,"Equipo_5","Payments","Medium","Success"
12.45,7.15,115,3,49.73,11.39,"Equipo_5","Auth","Low","Failed"
6.54,6.61,101,2,56.54,7.64,"Equipo_1","Database","Medium","Success"
12.9,7.7,119,0,70.9,4.46,"Equipo_3","Dashboard","Low","Success"
12.16,7.24,130,0,92,23.95,"Equipo_3","Database","Low","Success"
12.12,9.84,114,0,67.41,10.98,"Equipo_1","API","High","Failed"
15.82,9.12,117,0,52.34,47.98,"Equipo_2","Dashboard","High","Failed"
7.89,11.1,104,1,81.65,14.67,"Equipo_3","Payments","Low","Failed"
11.61,7.7,111,1,54.51,39.11,"Equipo_1","Dashboard","Critical","Failed"
6.12,8.34,129,1,52.79,12.54,"Equipo_2","Database","High","Success"
14.66,6.65,151,0,74.78,22.98,"Equipo_2","API","Medium","Success"
15.88,9.58,117,1,63.08,32.35,"Equipo_1","Dashboard","Medium","Success"
6.41,5.09,130,0,75.38,22.3,"Equipo_1","API","Medium","Success"
8.41,7.97,105,2,82.82,11.59,"Equipo_4","Auth","High","Success"
5.54,8.97,105,1,91.78,8.19,"Equipo_3","API","High","Success"
7.46,9.78,114,1,86.04,10.31,"Equipo_1","Auth","Medium","Success"
6.73,6.4,115,0,72.63,19.79,"Equipo_3","Payments","Medium","Success"
10.79,7.14,107,1,45.63,34.08,"Equipo_1","Dashboard","High","Success"
10.48,6.74,131,4,69.42,9.8,"Equipo_3","Dashboard","Low","Success"
9.29,9.75,111,2,81.47,8.47,"Equipo_1","Auth","High","Success"
6.59,9.95,118,0,86.24,6.71,"Equipo_2","API","Low","Success"
12.87,7.14,112,0,85.08,12.7,"Equipo_4","API","Medium","Failed"
10.1,6.47,111,1,61.94,2.57,"Equipo_5","Dashboard","Medium","Success"
11.07,7.3,110,1,77.03,57.09,"Equipo_1","API","Low","Success"
12.94,3.91,113,4,97.03,1.59,"Equipo_3","Auth","Medium","Success"
8.82,4.09,123,1,70.36,4.48,"Equipo_5","Database","High","Success"
15.08,4.78,128,1,55.82,26.04,"Equipo_2","Database","Medium","Success"
14.52,10.7,111,0,60.69,47.83,"Equipo_5","Dashboard","Low","Success"
8.76,9.97,117,3,56.78,21.97,"Equipo_4","Auth","Medium","Rolled_Back"
6.61,5.77,133,1,51.7,12.38,"Equipo_1","Dashboard","Low","Success"
7.24,9.62,117,1,55.14,6.95,"Equipo_5","Database","Low","Success"
12.19,7.35,104,1,94.37,53.35,"Equipo_1","Auth","Low","Success"
6.64,9.02,120,0,71.8,27.93,"Equipo_4","Database","Medium","Success"
16,11.02,105,1,84.77,7.92,"Equipo_5","Payments","Medium","Success"
12.34,8.56,114,1,85.62,12.75,"Equipo_3","API","High","Success"
13.68,9.99,123,1,89.49,39.02,"Equipo_5","Payments","Low","Success"
8.19,9.95,122,2,71.57,31.26,"Equipo_3","Payments","Medium","Success"
14.15,11.15,138,1,91.88,7.73,"Equipo_5","API","High","Failed"
9.92,10.41,103,3,51.22,30.16,"Equipo_5","Dashboard","Low","Success"
3.73,10.62,121,1,85.24,31.19,"Equipo_4","Dashboard","High","Success"
9.16,6.68,134,2,85.45,13.15,"Equipo_2","Dashboard","Medium","Failed"
6.56,7.43,106,3,50.16,17.24,"Equipo_1","Database","High","Success"
8.28,9.75,128,0,97.19,13.2,"Equipo_1","Payments","Medium","Success"
7.09,7.61,124,0,75.05,23.03,"Equipo_4","API","Low","Success"
5.53,10.03,113,2,83.68,9.48,"Equipo_4","Payments","Medium","Rolled_Back"
6.79,7.42,121,1,87.92,29.57,"Equipo_2","Database","Medium","Success"
4.53,9.7,119,1,51.38,8.94,"Equipo_2","Payments","Low","Success"
5.75,3.83,128,2,67.44,14.31,"Equipo_2","Dashboard","Low","Failed"
4.25,6.97,96,1,90.27,49.96,"Equipo_4","Dashboard","High","Success"
8.33,8.64,141,1,92.67,21.26,"Equipo_2","API","Medium","Success"
14.81,13.76,116,2,49.08,24.54,"Equipo_2","API","Medium","Success"
7.1,6.58,119,8,60.39,33.5,"Equipo_4","Auth","Low","Success"
8.21,9.42,126,0,71.98,47.07,"Equipo_5","Auth","Low","Success"
7.54,11.29,103,1,76.14,16,"Equipo_2","Auth","High","Success"
20.24,6.09,107,3,63.17,9.43,"Equipo_3","Database","Low","Success"
14.46,4.11,110,3,89.53,40.47,"Equipo_2","Dashboard","Low","Success"
5.71,6.81,128,1,87.75,40.55,"Equipo_1","API","Low","Failed"
5.9,9.36,104,1,98.07,32.99,"Equipo_2","Dashboard","Medium","Success"
8.7,5.68,117,1,85.28,49.05,"Equipo_1","Database","Medium","Success"
17.25,6.23,133,1,46.93,14.41,"Equipo_1","API","Low","Success"
16.15,9.77,112,0,56.28,26.59,"Equipo_5","API","Critical","Success"
10.74,7.96,117,1,71.91,1.5,"Equipo_2","Payments","Medium","Success"
5.25,11.08,113,2,45.73,6.26,"Equipo_5","Payments","Low","Failed"
11.01,3.4,126,1,69.87,28.55,"Equipo_5","Database","Low","Failed"
8,8.19,119,0,86.9,0.8,"Equipo_5","Auth","Low","Success"
4.6,8.04,125,0,87.66,6.74,"Equipo_5","Database","High","Success"
8.56,9.82,139,2,61.81,22.92,"Equipo_5","API","Low","Success"
7.88,11.27,121,3,97.65,6.65,"Equipo_1","Database","Medium","Failed"
8.54,10.01,129,0,62.68,6.42,"Equipo_3","API","High","Success"
8.75,6.56,122,3,57.75,50.14,"Equipo_2","API","Low","Success"
5.55,8.92,111,2,63,29.01,"Equipo_2","Dashboard","Low","Success"
7.05,13.09,122,2,57.78,22.13,"Equipo_2","Dashboard","High","Success"
13.06,6.83,110,4,97.08,15.45,"Equipo_4","Payments","High","Success"
11.04,6.35,118,0,74.12,23.23,"Equipo_2","Database","Critical","Success"
17.81,9.2,110,0,51.61,17.66,"Equipo_1","Auth","Low","Success"
7.16,14.04,133,1,58.21,17.56,"Equipo_1","API","Low","Success"
16.3,3.3,128,0,56.12,9.63,"Equipo_1","Dashboard","High","Success"
7.55,5.05,123,2,83.14,20.45,"Equipo_5","Auth","Medium","Success"
14.7,7.08,135,1,62.36,37.71,"Equipo_1","Auth","Low","Success"
14.31,5.98,112,4,53.15,5.83,"Equipo_2","Database","Medium","Success"
9.75,10.96,116,2,51.84,31.07,"Equipo_4","Database","Low","Success"
7.87,7,124,3,92.03,7.22,"Equipo_1","Auth","Low","Success"
6.29,12.34,117,2,70.98,40.18,"Equipo_3","API","High","Success"
6.21,4.72,118,1,90,6.19,"Equipo_3","Payments","Medium","Success"
8.98,7.84,121,3,65.03,19.84,"Equipo_2","API","Medium","Success"
10.43,7.72,108,2,62.32,8.61,"Equipo_3","Payments","High","Success"
6.2,11.11,119,2,61.95,29.8,"Equipo_1","Dashboard","Low","Rolled_Back"
12.42,5.67,124,1,60.48,0.87,"Equipo_1","Auth","Medium","Failed"
8.58,7.1,125,2,81.44,35.62,"Equipo_2","Database","Medium","Success"
8.58,9.32,120,1,70.83,11.68,"Equipo_3","Dashboard","Critical","Success"
9.06,6.76,114,3,86.41,6.93,"Equipo_5","Auth","High","Success"
5.53,10.47,128,1,95.15,35.1,"Equipo_3","API","Medium","Success"
9.18,8.95,115,2,67.76,23.57,"Equipo_3","Dashboard","Low","Failed"
9.69,9.29,128,0,55.48,73.38,"Equipo_5","API","Medium","Success"
17.57,8.21,146,4,72.55,3.83,"Equipo_5","API","High","Rolled_Back"
9.84,10.1,119,1,66.07,28.14,"Equipo_2","Payments","Low","Success"
5.64,12.84,129,0,52.62,25.42,"Equipo_5","Dashboard","Low","Success"
7.87,8.4,132,2,48.09,5.11,"Equipo_4","Database","Low","Success"
11.77,7.07,120,2,79.54,10.71,"Equipo_2","API","Medium","Success"
5.06,8.02,152,3,69.36,5.13,"Equipo_2","API","Low","Success"
2.63,8.61,108,2,67.15,17.54,"Equipo_1","Payments","Critical","Success"
11.34,7.99,121,0,64.12,17.82,"Equipo_3","Payments","Medium","Failed"
6.74,12.7,123,2,65.96,35.71,"Equipo_1","Database","Low","Success"
10.27,8.45,142,0,70.73,36.89,"Equipo_3","Payments","Low","Rolled_Back"
10.88,8.39,117,3,59.72,8.5,"Equipo_4","Payments","Low","Success"
15.33,12.93,119,4,62.4,21.8,"Equipo_1","API","Low","Success"
9.71,7.61,126,1,78.4,17.62,"Equipo_2","Auth","Low","Success"
9.89,8.55,124,0,65.55,23.11,"Equipo_1","Auth","Low","Success"
11.75,10.49,118,2,92.13,26.09,"Equipo_1","Payments","Low","Success"
8.92,8.25,113,2,88.82,9.69,"Equipo_4","Dashboard","Low","Success"
6.87,7.49,119,1,83.41,19.4,"Equipo_4","Auth","Low","Success"
12.43,6.89,121,1,47.98,41.9,"Equipo_5","Auth","Medium","Success"
7.26,6.08,117,1,67.35,34.63,"Equipo_4","Auth","Low","Success"
11.35,10.62,98,2,50.59,42.54,"Equipo_3","API","Low","Failed"
19.42,5.14,117,3,81.55,7.8,"Equipo_2","Auth","Medium","Success"
5.41,8.34,120,3,69.26,16.49,"Equipo_1","Payments","Low","Success"
16.76,7.23,121,0,65.66,40.31,"Equipo_5","Payments","Medium","Success"
5.36,4.43,126,1,53.9,12.83,"Equipo_1","Payments","Medium","Success"
13.66,7.63,97,1,73.18,43.87,"Equipo_3","Auth","Medium","Success"
10.91,10.55,104,5,75.78,23.98,"Equipo_2","API","Medium","Success"
11.01,9,116,2,94,47.62,"Equipo_3","Auth","Low","Success"
14.79,6.08,118,2,88.07,22.03,"Equipo_1","Auth","Low","Success"
8.68,9.55,116,1,46.39,5.04,"Equipo_4","Payments","Medium","Failed"
5.08,9.01,137,3,52.22,10.84,"Equipo_4","API","Medium","Failed"
9.63,8.26,108,0,80.73,9.46,"Equipo_2","Database","High","Success"
25.49,8.75,129,0,64.44,4.41,"Equipo_1","API","High","Success"
5.64,6.65,129,1,80.05,6.98,"Equipo_4","Database","Low","Success"
4.63,6.26,124,1,91.39,15.19,"Equipo_5","API","Low","Success"
8.04,3.36,127,2,81.1,11.82,"Equipo_2","Payments","Critical","Success"
6.42,6.02,133,0,64.9,6.95,"Equipo_3","API","Low","Success"
11.01,8.39,128,4,49.61,43.37,"Equipo_4","Database","Low","Success"
5.1,8.05,124,2,49.76,28.76,"Equipo_4","Dashboard","Critical","Failed"
10.13,9.08,117,1,97.09,19.93,"Equipo_1","Auth","Critical","Success"
9.7,4.62,118,1,46.55,9.38,"Equipo_4","Payments","Low","Success"
13.38,7.24,121,1,98.36,44.65,"Equipo_3","Database","Medium","Success"
8.75,8.06,133,2,81.04,24.22,"Equipo_2","Auth","Low","Success"
8.95,6.02,152,2,58.07,38.18,"Equipo_1","Database","Medium","Rolled_Back"
18.06,10.62,117,2,50.47,19.06,"Equipo_5","API","Medium","Success"
2.44,4.84,124,0,73.72,17.2,"Equipo_4","Auth","Low","Success"
12.16,9.36,108,2,54.96,19.72,"Equipo_1","Payments","Medium","Success"
12.34,6.44,124,2,63.85,29.4,"Equipo_2","Database","Low","Success"
9.95,8.5,136,1,64.46,4.21,"Equipo_3","Auth","Medium","Success"
8.16,11.47,126,2,68.75,6.32,"Equipo_5","Auth","Low","Success"
9.53,8.61,116,1,77.53,9.09,"Equipo_3","API","Low","Success"
7.83,8.07,133,2,65.8,8.86,"Equipo_1","API","Medium","Success"
12.03,12.48,109,4,80.32,14.66,"Equipo_5","Payments","Low","Success"
15.41,7.13,122,0,92.04,20.63,"Equipo_5","Auth","Medium","Success"
11.25,7.14,101,0,78.64,46.42,"Equipo_4","Database","Low","Success"
4.85,7.53,119,1,95.08,3.07,"Equipo_5","Auth","Medium","Success"
4.17,7.93,125,4,85.87,10.74,"Equipo_3","Auth","Medium","Success"
9.97,9.6,118,4,58.55,9.66,"Equipo_2","Payments","Medium","Success"
27.5,6.17,122,3,85.66,13.36,"Equipo_3","Dashboard","Medium","Failed"
12.77,9.8,116,0,93.92,27.67,"Equipo_4","Auth","High","Success"
5.71,6.62,113,2,49.59,15.03,"Equipo_4","Dashboard","Low","Success"
8.01,2.92,136,1,77.36,4.22,"Equipo_5","Auth","Low","Success"
15.71,8.07,102,0,62.81,21.83,"Equipo_1","Database","Medium","Rolled_Back"
6.91,6.76,126,3,63.64,14.51,"Equipo_3","Auth","Medium","Success"
20.45,8.92,129,4,99.42,7.04,"Equipo_5","Dashboard","Critical","Failed"
7.87,11.61,125,0,73.65,13.57,"Equipo_1","Dashboard","Low","Success"
8.94,5.58,112,1,49.16,20.93,"Equipo_4","Auth","Medium","Success"
11.15,3.48,125,1,84.19,21.66,"Equipo_3","Dashboard","Low","Success"
3.49,4.17,109,0,90.34,1.79,"Equipo_3","Auth","Medium","Success"
31.03,1.18,123,2,73.13,10.54,"Equipo_2","Auth","Low","Failed"
5.39,3.11,99,1,67.85,4.98,"Equipo_5","API","Critical","Success"
13.45,9.87,126,2,99.62,20.72,"Equipo_2","API","Critical","Success"
5.24,9.85,134,1,70.84,10.24,"Equipo_1","Dashboard","Medium","Failed"
13.33,6.61,108,3,78.32,17.02,"Equipo_5","Payments","Low","Success"
4.67,6.55,112,4,47.63,37.63,"Equipo_1","Dashboard","High","Success"
7.6,7.18,104,2,49.14,9.1,"Equipo_2","Database","Low","Failed"
12.02,10.39,131,0,73.46,7.36,"Equipo_5","Payments","High","Rolled_Back"
7.64,9.32,122,0,61.56,25.24,"Equipo_1","API","High","Success"
4.49,8.78,134,1,61.46,27.35,"Equipo_1","API","High","Success"
8.95,6.9,113,1,64.76,19.87,"Equipo_3","Payments","Medium","Success"
11.52,6.85,131,0,79.61,16.82,"Equipo_4","Database","High","Success"
7.95,4.42,102,1,59.24,10.29,"Equipo_1","Dashboard","Medium","Success"
4.04,0.5,118,1,97.33,37.68,"Equipo_2","Payments","Low","Success"
7.68,8.27,135,2,55.01,33.62,"Equipo_5","API","Critical","Success"
14.28,3.77,129,2,96.62,61.09,"Equipo_4","Database","Medium","Success"
4.31,6.33,103,2,73.6,26.24,"Equipo_5","Auth","Medium","Success"
6.97,7.77,110,0,74.06,16.46,"Equipo_5","API","Medium","Success"
10.87,9.05,129,2,91.93,20.59,"Equipo_5","Payments","Low","Success"
6.12,8.81,119,3,78.06,33.42,"Equipo_2","Auth","Critical","Success"
9.88,6.75,119,0,45.21,3.47,"Equipo_1","API","Medium","Failed"
8.94,6.42,126,0,86.76,8.04,"Equipo_3","API","Low","Success"
10.09,10.01,122,0,84.04,15.64,"Equipo_2","Auth","High","Success"
22.85,10.08,127,3,46.3,13.86,"Equipo_1","Dashboard","Low","Success"
15.9,5.64,117,0,90.16,51.07,"Equipo_3","API","Medium","Rolled_Back"
9.62,5.65,116,0,66.57,22.15,"Equipo_5","API","Medium","Success"
6.49,7.78,115,3,86.23,18.18,"Equipo_4","API","Low","Success"
3.74,11.88,117,0,54.03,8.91,"Equipo_4","Dashboard","Low","Success"
9.43,8.26,129,3,57.08,34.18,"Equipo_1","Database","Low","Success"
5.34,6.33,126,0,49.58,9.86,"Equipo_5","Dashboard","Medium","Success"
9.95,5.19,137,1,49.1,18.54,"Equipo_2","Database","Medium","Success"
5.87,8.5,131,3,66.56,14.03,"Equipo_3","Database","Medium","Success"
5.64,8.63,114,2,96.58,5.68,"Equipo_1","API","Medium","Success"
6.07,2.89,154,0,70.68,19.33,"Equipo_5","Database","Medium","Success"
18.92,9.79,124,1,91.56,12.17,"Equipo_3","Database","Low","Success"
6,8.65,110,1,89.03,1.17,"Equipo_3","API","Low","Success"
14.35,10.3,120,1,45.81,21.68,"Equipo_1","Payments","Critical","Success"
9.79,7.72,101,1,52.67,5.77,"Equipo_2","Dashboard","Low","Success"
11.37,6.52,129,0,48.23,6.1,"Equipo_5","Auth","Medium","Failed"
5.32,8.3,119,1,86.13,6.48,"Equipo_3","Database","Low","Success"
15.95,5.49,120,1,52.98,8.91,"Equipo_5","Payments","Medium","Failed"
8.2,10.95,124,0,70.39,11.37,"Equipo_4","Dashboard","Low","Failed"
7.05,4.69,118,1,49.36,9.36,"Equipo_4","Auth","Critical","Success"
11.27,8.61,113,2,60.5,14.15,"Equipo_3","Dashboard","Medium","Success"
5.15,8.98,122,3,98.6,6.17,"Equipo_4","Dashboard","High","Success"
12.25,7.1,125,0,80.35,20.48,"Equipo_1","Payments","High","Success"
11.92,8.75,144,1,95.6,3.16,"Equipo_5","Database","Medium","Success"
18.08,6.05,127,0,48.66,20.44,"Equipo_5","API","Low","Success"
7.25,12.12,108,1,80.19,3.23,"Equipo_3","Database","Medium","Success"
10.96,11.05,137,0,87.84,13.95,"Equipo_5","Auth","Medium","Success"
7.6,6.67,121,1,78.19,11.77,"Equipo_2","API","Low","Success"
9.47,11.16,120,2,61.4,46.07,"Equipo_1","API","Medium","Success"
9.93,8.45,116,4,67.01,25.54,"Equipo_1","Database","High","Success"
3.6,1.75,124,2,73.47,20.09,"Equipo_3","Payments","Low","Success"
13.4,9.81,126,1,57.12,7.97,"Equipo_3","Database","Low","Success"
7.29,8.93,122,2,89.31,30.9,"Equipo_3","API","Low","Success"
11.36,5.15,133,0,73.03,81.84,"Equipo_1","Database","Medium","Success"
14.35,7.42,109,3,96.09,22.46,"Equipo_4","Dashboard","Low","Failed"
5.4,11.27,119,1,99.26,12.22,"Equipo_4","Database","Low","Success"
6.39,7.81,133,1,65.55,13.76,"Equipo_2","API","Low","Success"
10.19,9.85,103,0,49.81,6.1,"Equipo_2","Dashboard","High","Failed"
6.3,9.67,133,1,78.79,18.67,"Equipo_3","Payments","Medium","Success"
11.36,5.42,126,1,94.07,19.65,"Equipo_3","Auth","Low","Success"
19.07,8.89,118,0,91.62,4.4,"Equipo_4","API","Medium","Success"
10.09,9.23,144,1,94.22,14.99,"Equipo_4","Payments","High","Success"
12.45,9.12,115,0,80.83,11.92,"Equipo_3","API","Low","Success"
13.75,4.46,130,2,69.69,17.74,"Equipo_3","API","Low","Success"
8.67,7.13,116,1,68.77,13.09,"Equipo_4","API","Low","Success"
7.98,2.24,113,1,83.2,15.58,"Equipo_3","Dashboard","Medium","Success"
15.12,9.48,135,0,81.16,14.2,"Equipo_2","Payments","Medium","Failed"
10.45,8.96,138,0,61.6,12.5,"Equipo_4","Auth","High","Failed"
15.32,10.65,126,1,84.68,32.61,"Equipo_4","Payments","Medium","Success"
8.99,8.05,106,2,48.59,5.96,"Equipo_1","API","Medium","Success"
6.61,7.76,145,0,97.83,22.26,"Equipo_5","Auth","Low","Success"
15,7.41,109,1,91.55,11.71,"Equipo_4","API","Low","Failed"
11.08,5.43,116,2,75.77,8.09,"Equipo_2","Dashboard","Low","Success"
9.78,7.23,126,3,81.36,10.39,"Equipo_5","Database","Medium","Success"
6.86,5.26,122,2,79.98,15.53,"Equipo_5","API","Medium","Failed"
13.93,14.39,106,0,86.77,18.71,"Equipo_2","Auth","High","Success"
4.21,7.84,113,2,53.45,9.3,"Equipo_2","Auth","Medium","Failed"
9.01,6.44,137,1,97.18,10.57,"Equipo_1","Auth","Low","Success"
4.51,8.1,125,0,55.96,35.53,"Equipo_3","Dashboard","Medium","Success"
13.02,12.92,117,3,67,4.63,"Equipo_3","Auth","Medium","Success"
6.41,10.14,99,3,74.62,34.52,"Equipo_4","Dashboard","Medium","Success"
14.34,15.82,129,1,82.93,19.07,"Equipo_1","Dashboard","Low","Failed"
7.61,5.14,120,0,73.97,17.83,"Equipo_1","API","Low","Failed"
13.74,8.87,123,0,81.49,15.88,"Equipo_5","Dashboard","Medium","Success"
10.29,7.18,121,0,81.41,2.54,"Equipo_3","Payments","Low","Success"
16.16,8.58,144,4,86.79,21.93,"Equipo_2","API","Low","Success"
9.61,9.31,109,3,66.64,18.23,"Equipo_4","Database","Low","Success"
21.18,9.68,102,0,77.75,3.27,"Equipo_4","Auth","Medium","Success"
6.42,6.65,125,3,79.51,12.98,"Equipo_1","Dashboard","Low","Success"
14.86,6.39,130,4,75.7,23.26,"Equipo_3","Database","Low","Success"
15.36,7.2,110,0,97.8,15.45,"Equipo_2","API","High","Success"
14.14,8.39,121,2,54.58,5.53,"Equipo_5","Auth","Medium","Success"
13.43,7.46,126,2,95.79,4.13,"Equipo_2","Database","Low","Rolled_Back"
9.71,15.53,126,1,52.62,23.53,"Equipo_1","Auth","Medium","Success"
5.63,10.18,125,1,54.52,14.57,"Equipo_3","Dashboard","Low","Rolled_Back"
17.02,5.35,123,1,93.28,17.36,"Equipo_1","API","Low","Success"
5.27,2.92,116,2,71.63,14.91,"Equipo_4","Dashboard","High","Success"
17.69,12.23,123,2,55.75,27.84,"Equipo_3","Database","Low","Success"
19.14,6.74,112,2,47.17,27.87,"Equipo_5","API","Medium","Success"
9.84,12.08,148,1,77.41,18.84,"Equipo_1","Auth","Low","Success"
7.6,6.75,131,3,75.87,22.41,"Equipo_1","Auth","Low","Success"
11.72,6.51,114,1,53.32,24.41,"Equipo_3","Auth","Medium","Failed"
17.85,8.19,114,1,83.37,3.24,"Equipo_3","Database","Medium","Success"
19.08,8.11,107,1,81.09,15.64,"Equipo_1","Auth","Low","Success"
11.4,4.33,113,1,95.29,8.84,"Equipo_3","Auth","Low","Success"
12.31,8.48,120,2,99.06,30.53,"Equipo_2","Dashboard","Low","Success"
11.53,9.16,110,1,50.28,10.5,"Equipo_5","Payments","Low","Rolled_Back"
8.92,9.33,124,1,48.86,28.35,"Equipo_1","Auth","Medium","Rolled_Back"
4.1,8.31,114,1,88,2.15,"Equipo_1","Payments","Low","Success"
7.42,5.31,140,1,88.56,32.95,"Equipo_5","Payments","Medium","Failed"
3.81,10.42,116,1,98.42,22.13,"Equipo_1","API","Medium","Success"
3.4,6.69,96,2,53.98,21.43,"Equipo_1","API","Medium","Success"
6.12,4.81,126,3,88.63,18.23,"Equipo_5","Database","Low","Rolled_Back"
29.94,5.88,136,3,95.25,20.14,"Equipo_2","Database","Medium","Success"
13.3,5.9,121,2,62.88,9.6,"Equipo_5","API","Low","Success"
14,9.84,138,0,68.89,24.48,"Equipo_1","Auth","Medium","Failed"
12.53,13.74,119,0,48.23,7.91,"Equipo_4","Payments","Medium","Success"
6.62,9.23,120,1,47.89,25.2,"Equipo_2","Dashboard","High","Success"
6.49,7.96,106,3,60.72,24.37,"Equipo_3","Payments","Critical","Success"
14.03,9.09,113,1,54.48,29.91,"Equipo_4","Auth","Low","Success"
11.64,5.89,136,1,81.39,32.39,"Equipo_5","Database","Low","Success"
5.3,6.75,138,1,67.79,18.44,"Equipo_2","API","Medium","Success"
6.54,8.87,136,1,55.3,14.55,"Equipo_4","Database","Medium","Success"
7.26,6.46,116,1,73.86,38.18,"Equipo_1","Dashboard","Medium","Success"
8.36,6.73,133,0,92.11,13.59,"Equipo_3","Auth","Low","Success"
13.59,5.44,104,2,69.86,45.48,"Equipo_2","Auth","High","Success"
10.67,9.89,117,1,45.2,8.12,"Equipo_1","Payments","Low","Success"
5.27,10.25,119,2,47.88,51.36,"Equipo_4","Database","Low","Success"
4.78,10.57,103,0,91.98,1.4,"Equipo_1","Dashboard","Low","Failed"
19.76,9.65,128,0,58.39,24.22,"Equipo_5","Dashboard","Low","Rolled_Back"
17.46,10.82,133,2,78.11,9.94,"Equipo_2","Database","Critical","Success"
9.28,13.68,103,0,65.26,24.17,"Equipo_5","Dashboard","Medium","Success"
4.88,7.65,116,2,45.49,2.69,"Equipo_3","Dashboard","Medium","Success"
6.84,7.33,98,3,91.26,28.8,"Equipo_1","Dashboard","Low","Success"
13.93,6.42,114,1,84.63,20.8,"Equipo_5","Auth","High","Success"
6.74,13.31,122,3,46.24,10.03,"Equipo_4","API","Critical","Success"
3.3,8.88,107,0,64.15,24.56,"Equipo_4","API","Medium","Success"
4.36,4.87,111,0,55.16,14.22,"Equipo_4","API","Low","Success"
16.16,8.59,135,4,90.28,14.63,"Equipo_1","API","Medium","Success"
8.82,7.21,130,0,49.06,11.76,"Equipo_1","Auth","Medium","Success"
12.53,8.47,125,2,74.16,8.12,"Equipo_3","Auth","Low","Success"
5.3,6.37,109,1,96.66,17.21,"Equipo_1","Database","Medium","Success"
10.72,7.69,120,0,97.7,25.96,"Equipo_4","Database","Medium","Success"
5.77,10.48,121,1,54.86,30.2,"Equipo_2","Dashboard","Low","Success"
10.83,4.49,140,1,74.65,24.5,"Equipo_2","Database","Low","Success"
10.94,4.59,116,2,99.55,25.26,"Equipo_1","Database","High","Success"
9.85,7.56,121,1,63.61,26.14,"Equipo_2","Auth","Medium","Success"
5.15,5,102,2,91.79,94.42,"Equipo_5","Database","Medium","Success"
10.15,7.92,93,0,63.58,10.59,"Equipo_4","Database","Medium","Success"
9.3,13.63,126,1,98.28,21.95,"Equipo_3","Dashboard","Low","Success"
6.9,6.96,116,1,84.7,50.32,"Equipo_1","Dashboard","Low","Success"
11.33,6.73,139,3,47.7,5.06,"Equipo_2","Payments","High","Success"
9.8,1.44,119,1,68.79,26.55,"Equipo_4","Auth","Low","Success"
8.97,9.01,125,1,68.25,38.07,"Equipo_1","API","Low","Success"
5.77,4.03,110,3,97.58,66.84,"Equipo_1","Dashboard","Medium","Success"
6.26,7.84,122,0,99.44,12.02,"Equipo_1","Payments","Low","Success"
27.61,8.73,131,5,57.38,54.5,"Equipo_4","API","Low","Success"
10.36,3.15,111,3,84.43,26.62,"Equipo_4","Dashboard","Critical","Failed"
7.36,12.57,107,1,93.86,45.75,"Equipo_5","API","High","Success"
5.88,5.39,112,1,61.64,3.05,"Equipo_2","API","Low","Success"
8.96,10.18,124,1,74.96,7.46,"Equipo_3","Auth","Low","Success"
10.88,6.11,136,2,58.96,15.35,"Equipo_2","Dashboard","Medium","Success"
9.02,4.44,104,1,84.99,7.61,"Equipo_5","Auth","Low","Success"
11.82,5.68,107,2,85.21,8.01,"Equipo_5","Auth","Low","Rolled_Back"
10.92,7.97,113,5,87.48,24.53,"Equipo_1","API","Medium","Success"
11.52,7.39,116,1,48.11,33.83,"Equipo_2","Payments","Medium","Success"
11.23,8.45,120,4,84.89,3.79,"Equipo_3","Dashboard","High","Success"
17.43,10.34,121,1,90.01,15.18,"Equipo_1","Payments","Low","Success"
5.08,5.12,125,1,99.7,50.52,"Equipo_3","Auth","Low","Success"
8.79,3.97,110,2,48.04,39.77,"Equipo_1","Database","Critical","Success"
8.73,6.79,132,2,47.52,26.56,"Equipo_5","Database","Medium","Success"
15.82,4.03,127,2,59.35,12.2,"Equipo_1","API","Low","Rolled_Back"
6.96,7.29,130,2,60.26,16.51,"Equipo_2","API","Low","Success"
7.72,8.88,126,1,65.23,6.21,"Equipo_3","Database","High","Success"
12.99,6.1,109,2,46.57,14.2,"Equipo_3","API","Medium","Success"
11.55,6.18,133,1,78.31,8.54,"Equipo_2","Database","Low","Success"
15.12,2.58,119,3,69.35,52.04,"Equipo_1","Payments","Critical","Success"
4.93,7.99,113,2,92.14,20.46,"Equipo_3","Auth","Medium","Success"
10.16,6.8,110,3,84.35,35.69,"Equipo_1","Payments","Low","Success"
5.96,9.64,102,2,91.27,48.76,"Equipo_4","API","Low","Rolled_Back"
15.4,8.43,121,1,75.1,4.17,"Equipo_4","Dashboard","Medium","Success"
5.79,11.79,121,1,65.69,17.27,"Equipo_3","API","Medium","Success"
8.35,2.67,115,1,47.17,73.21,"Equipo_3","Database","Medium","Success"
11.48,10.1,112,0,47.81,3.96,"Equipo_2","Database","Medium","Failed"
4.1,6.88,111,2,92.19,42.8,"Equipo_3","Dashboard","Low","Success"
10.9,5.11,121,0,97.87,16.88,"Equipo_4","Database","Low","Success"
7.83,6.52,130,2,54.94,10.65,"Equipo_2","Auth","Medium","Failed"
8.76,7.49,137,1,48.3,27,"Equipo_5","Database","High","Success"
9.66,6.1,116,0,89.05,17.24,"Equipo_5","Database","High","Success"
5.75,8.98,108,2,92.33,43.05,"Equipo_5","Auth","Low","Success"
10.37,3.47,141,2,60.18,4.32,"Equipo_2","Dashboard","Critical","Success"
13.66,8.05,150,2,62.12,11.48,"Equipo_3","Payments","Low","Success"
4.28,8.77,145,3,62.12,10.38,"Equipo_3","API","Low","Success"
13.42,13.35,125,0,67.33,19.33,"Equipo_1","Dashboard","Medium","Success"
12.54,10.16,115,2,59.09,10.62,"Equipo_5","API","Medium","Success"
6.1,4.01,109,0,99.18,12.37,"Equipo_2","Auth","Low","Success"
10.65,4.74,106,1,74.57,24.46,"Equipo_2","Payments","Medium","Success"
15.17,7.42,119,2,75.28,25.97,"Equipo_5","Payments","High","Success"
10.43,8.93,112,2,72.47,25.57,"Equipo_4","Dashboard","Low","Success"
8.42,10.16,128,4,82.02,22.81,"Equipo_2","Payments","High","Rolled_Back"
8.99,10.1,110,0,57.95,42.07,"Equipo_4","Database","Medium","Rolled_Back"
5.25,7.48,124,0,97.19,12.35,"Equipo_1","API","Critical","Success"
11.09,12.67,147,0,60.47,19.29,"Equipo_2","Dashboard","Medium","Success"
15.61,5.8,88,1,59.86,15.51,"Equipo_2","API","High","Success"
8.56,8.09,129,1,81.6,20.94,"Equipo_5","API","Medium","Success"
6.47,7.64,124,2,69.17,19.94,"Equipo_3","Auth","High","Success"
13.31,5.49,120,2,79.3,25.81,"Equipo_1","Dashboard","Medium","Failed"
6.19,7.33,126,2,92,14.76,"Equipo_2","API","Medium","Success"
4.43,10.61,111,1,50.44,11.93,"Equipo_1","API","Medium","Success"
13.98,10.26,125,1,81.97,34.63,"Equipo_1","Database","High","Success"
9.65,4.77,128,2,59.18,35.3,"Equipo_3","Auth","Low","Success"
4.81,8.63,131,2,56.18,22.77,"Equipo_1","Payments","Medium","Success"
10.88,9.12,110,1,46.34,15.66,"Equipo_3","Auth","Low","Success"
17.55,11.19,120,0,58.74,71.11,"Equipo_1","Auth","High","Success"
9.93,6.18,111,3,70.96,30.3,"Equipo_1","API","High","Success"
15.65,8.94,107,1,58.14,17.37,"Equipo_2","API","High","Success"
3.78,8.06,124,1,70.09,11.9,"Equipo_4","Auth","Medium","Success"
15.66,4.37,125,0,84.49,43.1,"Equipo_3","Database","Low","Success"
6.9,7.34,109,0,95.64,37.27,"Equipo_1","Database","High","Success"
10.26,7.85,114,0,65.12,37.28,"Equipo_4","Database","Low","Success"
2.53,8.82,120,5,64.24,11.14,"Equipo_3","Dashboard","Medium","Success"
11.63,13.31,122,3,92.63,6.47,"Equipo_2","Dashboard","Low","Failed"
5.59,11.31,146,6,63.67,18.03,"Equipo_1","Auth","Medium","Success"
9.67,10.18,101,2,86.11,62,"Equipo_3","Database","Medium","Success"
16.48,6.78,128,1,93.7,18.18,"Equipo_1","Database","Medium","Failed"
10.45,7.53,119,2,53.72,7.75,"Equipo_3","Payments","Medium","Success"
11.15,7.85,124,1,98.4,10.26,"Equipo_1","API","Medium","Success"
2.92,9,130,0,80.53,22.1,"Equipo_1","Dashboard","Low","Success"
5.94,5.3,102,2,63.1,17.11,"Equipo_2","Payments","Low","Success"
2.48,9.15,120,3,67.59,17.08,"Equipo_4","Database","Medium","Success"
10.03,5.4,108,2,66.64,3.88,"Equipo_5","Dashboard","Medium","Success"
11.68,13.73,129,2,68.11,24.35,"Equipo_4","Auth","High","Success"
4.01,7.48,119,1,49.05,2.93,"Equipo_2","Dashboard","Medium","Success"
11.53,6.88,133,2,73.63,5.46,"Equipo_1","Dashboard","Medium","Failed"
19.4,8.14,120,2,45.14,21.08,"Equipo_1","API","Medium","Success"
17.18,5.35,106,1,87.51,23.85,"Equipo_3","Dashboard","Low","Success"
9.81,7.95,124,0,47.06,1.99,"Equipo_2","Dashboard","Medium","Success"
8.41,5.86,103,2,77.87,13.39,"Equipo_5","Auth","High","Success"
5.56,5.73,114,2,46.61,10.09,"Equipo_5","Database","Critical","Success"
5.66,7.75,161,1,63.03,11.43,"Equipo_4","Auth","Medium","Success"
8.11,8.67,116,2,95.72,23,"Equipo_5","Database","Medium","Success"
8.49,7.84,121,4,71.35,15.63,"Equipo_3","Payments","Low","Success"
12.08,4.96,122,1,65.62,3.13,"Equipo_1","Database","Medium","Success"
23.64,6.08,125,1,62.57,4.99,"Equipo_1","Dashboard","Medium","Success"
9.72,6.58,120,4,89.07,29.54,"Equipo_1","Database","Low","Failed"
18.9,10.14,112,1,45.23,9.74,"Equipo_5","Auth","Low","Rolled_Back"
10.11,7.21,124,0,48.06,14.89,"Equipo_5","API","Medium","Success"
18.29,8.6,127,2,77.79,17.78,"Equipo_1","Payments","Low","Success"
9.18,6.66,124,0,97.4,11.21,"Equipo_2","Dashboard","Medium","Rolled_Back"
18.12,10.73,121,2,58.9,25.9,"Equipo_5","Auth","Medium","Success"
10.53,5.35,137,3,75.09,53.48,"Equipo_3","Auth","High","Success"
7.82,10.5,108,1,46.3,13.03,"Equipo_4","API","Medium","Success"
7.45,8.76,102,2,45.16,28.53,"Equipo_2","Dashboard","Low","Success"
6.72,7.23,138,2,97.78,40.15,"Equipo_1","API","Medium","Success"
8.17,8.58,125,1,53.84,14.06,"Equipo_3","Database","Medium","Failed"
9.06,9.17,116,0,88.2,31.55,"Equipo_3","Database","Low","Success"
9.78,8.07,107,1,83.06,19.41,"Equipo_4","Dashboard","Medium","Success"
7.82,5.27,135,1,63.46,21.78,"Equipo_3","Database","High","Success"
3.01,5.68,120,3,45.97,12.22,"Equipo_1","Auth","High","Success"
11.01,6.53,120,2,50.29,14.62,"Equipo_2","Auth","Low","Success"
18.42,4.94,109,1,63.34,57.87,"Equipo_3","API","Low","Failed"
4.9,8.12,120,1,46.43,6.67,"Equipo_4","Database","Medium","Failed"
10.65,5.01,116,1,95,25.96,"Equipo_3","Auth","Low","Success"
8.57,5.76,121,2,97.59,4.14,"Equipo_5","API","High","Failed"
7.86,4.9,132,0,65.19,12.22,"Equipo_5","Dashboard","Medium","Success"
5.79,8.97,142,3,91.45,14.5,"Equipo_5","Payments","Critical","Success"
3.66,6.59,110,1,63.8,25.64,"Equipo_2","Payments","Low","Failed"
8.27,7.92,107,1,77.94,26.61,"Equipo_4","Dashboard","Low","Failed"
7.68,7.91,124,2,52.98,8.1,"Equipo_4","Database","Low","Success"
2.77,7.85,122,1,86.13,23.08,"Equipo_2","Auth","High","Success"
12.45,5.93,136,3,87.25,5.76,"Equipo_5","Payments","Low","Success"
12.66,11,131,0,61.32,39.1,"Equipo_3","Payments","High","Success"
12.57,5.59,143,0,54.86,3.53,"Equipo_3","API","High","Success"
9.87,6.92,117,3,78.58,40.61,"Equipo_1","API","Medium","Success"
16.31,5.67,108,1,97.76,20.81,"Equipo_2","Dashboard","Medium","Failed"
5.67,5.04,108,1,73.55,22.33,"Equipo_2","Dashboard","Medium","Success"
10.42,6.81,123,2,80.46,39.98,"Equipo_1","API","Medium","Success"
14.33,8.1,121,1,66.15,20.8,"Equipo_2","Database","Low","Success"
13.86,2.2,126,2,70.23,23.72,"Equipo_1","Auth","Low","Failed"
4.9,7.02,99,2,87.74,4.53,"Equipo_4","Database","Medium","Success"
10.42,11.63,123,3,82.44,35.77,"Equipo_1","API","Medium","Success"
10.68,7.47,122,1,56.04,42.65,"Equipo_1","Database","Low","Success"
13.1,4.76,126,1,73.08,51.01,"Equipo_2","Auth","Medium","Failed"
13.4,8.66,121,1,69.17,4.05,"Equipo_4","Payments","Medium","Success"
1.64,3.16,119,1,94.55,28.73,"Equipo_1","Payments","Low","Success"
12.32,6.62,131,2,61.56,37.97,"Equipo_3","Dashboard","High","Success"
13.64,6.39,112,1,81.1,16.13,"Equipo_5","Auth","Low","Success"
7.02,3.37,123,1,46.67,82.95,"Equipo_3","Database","Medium","Success"
13.25,8.4,115,3,99.78,16.97,"Equipo_1","Dashboard","Critical","Success"
10.45,9.13,107,0,80.75,29.5,"Equipo_2","Auth","Medium","Failed"
14.16,10.54,115,0,96.55,16.62,"Equipo_3","API","Low","Failed"
8.75,11.9,108,1,96.88,28.04,"Equipo_2","Payments","Critical","Success"
19.1,6.68,110,2,56.18,22.62,"Equipo_3","Database","Medium","Failed"
9.37,9.95,112,3,90.99,38.84,"Equipo_3","Dashboard","Low","Success"
6.72,6.61,137,3,70.57,16.84,"Equipo_1","Database","High","Success"
10.71,8.77,126,2,93.89,16.1,"Equipo_1","API","Medium","Failed"
10.96,5.89,120,0,47.14,5.03,"Equipo_3","API","Medium","Success"
11.52,7.81,115,2,58.02,36,"Equipo_1","Dashboard","Low","Failed"
7.87,11.1,126,2,47.81,16.16,"Equipo_1","Dashboard","Medium","Success"
8.1,8.73,127,1,69.65,22.27,"Equipo_1","Auth","Medium","Failed"
5.91,6.99,126,1,57.81,8.05,"Equipo_4","Payments","Low","Success"
8.25,2.55,138,0,87.59,16.1,"Equipo_2","Payments","Medium","Success"
10.81,8.49,139,0,71.77,11.32,"Equipo_2","API","Medium","Success"
11.92,12.81,117,1,64.27,5.76,"Equipo_5","API","High","Success"
3.74,5.68,108,2,78.69,13.44,"Equipo_5","API","Critical","Success"
8.53,7.18,122,0,81.6,7.64,"Equipo_2","Database","Low","Rolled_Back"
15.51,10.38,135,1,99.14,15.81,"Equipo_5","Database","Medium","Success"
8.52,12.11,111,2,46.11,23.73,"Equipo_1","API","Low","Success"
12.54,6.09,113,1,63.96,13.08,"Equipo_3","Payments","Low","Success"
14.07,6.67,109,2,65.85,13.84,"Equipo_4","Dashboard","Low","Success"
5.09,3.59,101,2,58.87,11.25,"Equipo_1","Payments","Low","Success"
6.99,8.54,133,1,81.07,23.27,"Equipo_2","Payments","Medium","Success"
13.73,11.33,110,1,79.83,3.05,"Equipo_2","Database","Low","Success"
7.15,7.96,126,1,99.48,19.52,"Equipo_1","Auth","Low","Success"
6.85,10.28,126,2,95.45,16.72,"Equipo_1","Auth","Medium","Success"
4.53,8.31,135,4,64.63,23.87,"Equipo_2","Auth","Medium","Success"
14.02,8.83,116,0,59.86,13.07,"Equipo_1","Payments","Low","Success"
17.06,10.59,129,2,82.53,22.21,"Equipo_2","Dashboard","Low","Success"
7.92,9.57,135,3,59.38,10.37,"Equipo_2","Dashboard","Medium","Success"
12.27,3.38,120,1,88.82,20.54,"Equipo_1","Payments","Low","Rolled_Back"
16.48,11.09,105,1,46.9,23.98,"Equipo_5","Dashboard","Low","Success"
8.08,8.15,129,3,45.71,41.51,"Equipo_5","API","Low","Success"
7.32,13.78,126,2,54.67,30.59,"Equipo_3","API","High","Rolled_Back"
15.18,14.42,111,2,58.76,2.94,"Equipo_1","Dashboard","Low","Failed"
13.1,5.79,112,2,77.3,17.45,"Equipo_1","Auth","Low","Success"
7.75,12.78,123,2,94.86,6.93,"Equipo_4","Auth","Low","Success"
7.96,8.67,123,1,95.7,21.9,"Equipo_2","Dashboard","Medium","Success"
5.87,7.12,145,1,58.58,14.05,"Equipo_1","Payments","Low","Success"
6.58,8.31,128,0,98.06,7.84,"Equipo_3","Dashboard","Medium","Success"
10.18,9.32,136,1,80.88,12.75,"Equipo_2","Auth","Medium","Failed"
9.65,7.76,140,3,67.79,11.94,"Equipo_2","Dashboard","Medium","Success"
8.55,5.75,105,3,82.39,21.73,"Equipo_3","API","Medium","Failed"
8.09,8.77,112,3,45.39,3.09,"Equipo_1","Database","High","Success"
10.16,5.34,115,1,58.47,1.34,"Equipo_4","Payments","High","Rolled_Back"
19.67,7.78,99,2,74.95,19.54,"Equipo_3","Auth","High","Success"
12.45,11.02,125,0,95.08,31.16,"Equipo_2","Payments","Low","Success"
20.24,5.06,128,2,92.23,14.58,"Equipo_4","Database","Medium","Success"
6.33,7.84,122,1,73.32,13.87,"Equipo_4","API","Medium","Success"
10.28,9.93,139,0,72.98,11.94,"Equipo_4","Payments","Medium","Success"
12.7,8.29,128,2,50.87,17.68,"Equipo_2","API","Low","Success"
9.17,7.11,126,0,56.88,50.38,"Equipo_3","Dashboard","Low","Failed"
5.86,5.93,129,1,53.35,18.03,"Equipo_2","Payments","Medium","Success"
10.73,7.82,127,1,89.27,11.6,"Equipo_1","Auth","Low","Success"
11.66,11.68,119,1,94.73,25.87,"Equipo_1","Dashboard","Medium","Success"
7.83,7.03,114,0,70.99,30.42,"Equipo_5","Auth","High","Success"
19.49,7.1,132,1,85.99,18.42,"Equipo_2","API","Low","Success"
4.85,8.77,111,2,83.23,6.92,"Equipo_1","Auth","Medium","Failed"
5.08,8.51,98,2,90.56,24.2,"Equipo_5","Database","Low","Success"
16.39,12.34,113,0,49.78,74.37,"Equipo_3","Auth","Medium","Success"
5.78,12.66,114,0,71.01,3.62,"Equipo_3","Dashboard","Medium","Success"
10.51,5.1,112,0,96.64,21.88,"Equipo_5","Dashboard","Medium","Success"
14.93,9.58,132,1,97.41,22.31,"Equipo_3","API","Low","Failed"
15.56,9.26,131,2,52.3,9.23,"Equipo_3","Payments","Medium","Success"
12.22,8.13,119,4,82,23.15,"Equipo_4","Dashboard","High","Success"
2.95,8.64,133,1,83.39,9.25,"Equipo_1","Auth","Medium","Failed"
9.74,10.49,105,0,77.35,50.74,"Equipo_2","Dashboard","Medium","Success"
12.18,10.14,125,0,93.18,13.81,"Equipo_5","Auth","Low","Success"
4.67,5.38,114,3,92.63,19.12,"Equipo_1","Auth","Medium","Failed"
15.21,10.92,117,3,66.34,49.96,"Equipo_5","API","Low","Success"
8.43,11.78,132,1,57.97,13.31,"Equipo_2","Payments","Medium","Success"
7.33,9.26,113,0,65.6,2.05,"Equipo_1","Payments","Low","Success"
8.08,1.37,116,2,77.1,16.46,"Equipo_1","Payments","High","Success"
16.1,11.58,119,2,92.23,14.3,"Equipo_5","Auth","Medium","Success"
12.88,4.31,103,0,91.51,19.65,"Equipo_3","Auth","Low","Success"
2.73,11.96,123,1,65.41,19.47,"Equipo_5","Auth","High","Rolled_Back"
6.54,7.77,126,1,97.13,11.28,"Equipo_5","API","Medium","Success"
4.11,5.94,123,0,73.32,14.14,"Equipo_2","API","Medium","Success"
17.89,3.88,120,1,94.86,6.85,"Equipo_5","Database","High","Success"
22.07,10.36,106,0,62.55,9.74,"Equipo_3","Payments","Medium","Success"
12.61,7.11,116,2,56.14,0.74,"Equipo_2","Payments","Medium","Success"
7.72,7.59,126,2,56.97,45.54,"Equipo_2","Database","Low","Success"
3.36,8.31,117,1,58.7,28.37,"Equipo_4","Auth","Medium","Success"
13.28,7.28,102,0,69.57,21.9,"Equipo_3","Auth","Medium","Success"
22.84,5.05,109,0,64.39,10.93,"Equipo_1","Dashboard","Low","Failed"
14.25,2.02,106,1,61.9,29.74,"Equipo_4","Payments","Low","Success"
4.85,10.13,127,4,70.85,30.44,"Equipo_4","Auth","High","Failed"
18.61,10.35,118,1,80.01,5.47,"Equipo_3","Dashboard","Medium","Success"
5.24,7.29,121,1,67.58,12.83,"Equipo_1","Auth","Low","Success"
4.85,6.41,112,2,57.1,18.77,"Equipo_4","Dashboard","Medium","Success"
3.57,10.54,113,0,92.01,28.04,"Equipo_2","API","Low","Rolled_Back"
6.31,6.09,142,1,69.68,34.53,"Equipo_1","Auth","Medium","Success"
4.83,9.44,108,1,78.95,35.19,"Equipo_1","API","Critical","Success"
12.23,4.6,126,2,65.07,12.07,"Equipo_2","API","Critical","Success"
6.62,10.25,124,3,76.85,17.89,"Equipo_5","API","Medium","Success"
14.43,8.74,131,0,84.96,31.73,"Equipo_4","Payments","Low","Success"
11.35,7.99,128,3,52.96,18.35,"Equipo_3","Auth","Low","Success"
12.32,7.42,115,2,67.77,7.71,"Equipo_4","Payments","Low","Success"
4.67,10.94,104,1,70.79,56.1,"Equipo_2","Dashboard","Medium","Success"
7.47,10.94,114,0,78.51,9.31,"Equipo_3","API","Low","Success"
8.37,11.25,148,0,60.1,29.51,"Equipo_2","API","High","Success"
12.8,13.98,109,4,99.12,13.22,"Equipo_1","Auth","Medium","Success"
7.28,6.37,114,1,47.33,29.14,"Equipo_3","Auth","Medium","Success"
11.28,5.62,122,0,64.64,65.8,"Equipo_5","Dashboard","Medium","Success"
7.58,13.18,123,2,80.16,15.67,"Equipo_2","Auth","Medium","Failed"
7.04,8.47,139,2,82.56,14.96,"Equipo_1","Dashboard","Low","Rolled_Back"
11.71,11.19,113,0,61.51,14.59,"Equipo_4","API","High","Success"
8.35,8.58,132,1,99.44,32.94,"Equipo_1","Payments","Medium","Success"
8.74,4.61,114,0,98.83,2.52,"Equipo_2","Payments","High","Success"
8.51,10.72,110,2,60.75,48.82,"Equipo_3","Database","High","Success"
3.74,9.49,132,0,61.92,29.4,"Equipo_3","Auth","Medium","Success"
16.76,5.02,99,2,70.6,8.91,"Equipo_1","Payments","Low","Success"
5.06,6.87,124,0,82.34,21.47,"Equipo_5","Database","High","Success"
6.38,7.19,117,0,62.27,31.77,"Equipo_1","Auth","Low","Success"
17.22,8.07,140,1,96.02,79.24,"Equipo_5","Database","Low","Success"
14.23,6.62,107,2,55.42,21.35,"Equipo_3","Auth","Low","Success"
14.71,6.65,111,0,85.3,9.89,"Equipo_3","Payments","Low","Success"
10.55,8.53,118,2,87.13,44.46,"Equipo_4","Database","Medium","Success"
8.05,8.22,120,5,57.48,18.48,"Equipo_1","Auth","High","Success"
9.07,2.43,126,0,50.79,27.37,"Equipo_3","Auth","High","Success"
3.49,5.91,128,0,47.97,32.52,"Equipo_1","Dashboard","Medium","Failed"
5.16,7.15,94,2,55.47,14.42,"Equipo_3","Payments","Low","Success"
8.05,9.27,128,3,87.39,30.41,"Equipo_4","Database","Low","Success"
10.7,9.33,129,1,78.2,35.96,"Equipo_4","Auth","Medium","Success"
9.02,6.98,108,2,56.87,32.16,"Equipo_1","Database","Medium","Success"
7.57,5.97,107,0,52.64,17.57,"Equipo_5","Dashboard","Low","Success"
14.54,6.92,128,2,62.05,27.8,"Equipo_2","API","High","Success"
8.85,7.74,126,1,61.07,37.53,"Equipo_2","Database","Low","Success"
5.99,7.36,129,1,72.53,24.35,"Equipo_1","Dashboard","Low","Success"
13.7,7.61,126,0,48.66,4.2,"Equipo_5","Dashboard","High","Success"
6.27,7.61,138,4,68.72,37.84,"Equipo_5","Payments","Medium","Failed"
6.84,2.24,128,3,68.4,6.53,"Equipo_1","API","Medium","Rolled_Back"
19.22,11.66,147,1,92.72,11.64,"Equipo_4","API","Low","Rolled_Back"
8.83,4.78,128,1,81.7,18.64,"Equipo_2","Payments","Medium","Success"
11.93,4.97,134,0,54.45,24.42,"Equipo_3","API","Low","Success"
8.99,7.33,117,1,52.71,45.13,"Equipo_5","Dashboard","Low","Success"
4.69,9.71,111,0,78.04,2.49,"Equipo_4","API","Low","Failed"
5.39,7.2,119,1,85.81,7.38,"Equipo_1","Database","Medium","Success"
7.3,9.61,106,4,91.78,12.15,"Equipo_4","Database","High","Success"
3.15,6.97,118,3,83.07,22.85,"Equipo_2","Auth","Low","Success"
13.41,7.52,107,0,82.12,24.47,"Equipo_4","Database","Low","Success"
13.29,5.84,131,1,57.75,10.77,"Equipo_3","Database","Medium","Success"
6.1,6.76,131,1,66.35,6.74,"Equipo_2","Dashboard","Low","Success"
8.46,3.43,98,0,60.48,22.77,"Equipo_3","Database","Low","Success"
9.44,7.21,108,0,62.01,25.81,"Equipo_5","Dashboard","Low","Success"
14.77,3.2,124,2,57.43,3.7,"Equipo_4","API","High","Success"
4.77,8.41,139,0,68.67,21.42,"Equipo_2","API","Low","Rolled_Back"
3.82,15.01,149,2,89.06,8.84,"Equipo_3","Database","Medium","Success"
10.4,3.25,130,0,55.77,5.75,"Equipo_4","Auth","Medium","Success"
9.25,4.57,118,1,82.33,15.23,"Equipo_5","API","Low","Success"
14.18,7.27,112,0,99.41,3.27,"Equipo_2","Dashboard","Medium","Failed"
6.81,5.77,109,1,69.01,41.38,"Equipo_4","Dashboard","Low","Success"
14.19,8.59,127,0,60.03,48.24,"Equipo_1","Auth","Low","Success"
8.25,12.37,143,2,60.85,4.78,"Equipo_3","Payments","High","Failed"
9.8,11.25,114,2,64.46,28.19,"Equipo_3","Auth","Low","Success"
13.6,6.3,131,0,69.61,2.19,"Equipo_5","Auth","Medium","Success"
9.47,10.99,127,1,75.13,4.03,"Equipo_5","Payments","Low","Rolled_Back"
3.31,10.13,117,3,84.73,45.05,"Equipo_5","Payments","Critical","Success"
6.24,9.39,109,2,45.86,21.28,"Equipo_3","Payments","Low","Success"
1.53,5.79,119,3,78.52,15.4,"Equipo_5","Payments","Medium","Success"
9.4,10.06,120,3,80.45,18.76,"Equipo_3","Auth","Medium","Failed"
7.58,9.72,107,0,58.71,10.75,"Equipo_3","Dashboard","Medium","Failed"
6.76,11.34,130,0,92.85,18.83,"Equipo_1","API","Low","Success"
7.84,5.98,137,4,45.69,20.72,"Equipo_4","Payments","Medium","Rolled_Back"
9.07,7.75,137,0,99.52,12.82,"Equipo_3","Payments","Medium","Rolled_Back"
14.03,6.01,120,3,64.88,33.23,"Equipo_1","Database","High","Failed"
12.23,3.71,133,2,47.47,3.43,"Equipo_2","Payments","Medium","Success"
8.72,7.22,129,2,97.26,51.51,"Equipo_2","Payments","Low","Success"
11.19,9.2,119,2,91.5,38.54,"Equipo_4","API","Medium","Rolled_Back"
9.48,9,122,1,69.56,9.49,"Equipo_5","Dashboard","High","Success"
13.73,4.17,113,0,75.76,10.32,"Equipo_3","Database","Low","Success"
14.77,11.23,105,3,90.21,34.67,"Equipo_5","Payments","Medium","Success"
4.04,10.3,135,1,97.19,21.93,"Equipo_1","Dashboard","Low","Success"
4.74,6.19,133,2,83.2,6.84,"Equipo_3","Database","Low","Success"
13.44,9.43,123,2,69.72,38.86,"Equipo_1","Database","Medium","Success"
5.56,3.6,119,4,80.8,35.58,"Equipo_3","Payments","Medium","Success"
5.58,5.72,118,0,97.3,16.64,"Equipo_5","Dashboard","Medium","Success"
9.03,10.11,132,0,68.1,8.53,"Equipo_2","Dashboard","Low","Success"
9.51,6.93,131,2,45.22,30.08,"Equipo_4","API","Medium","Success"
8.38,6.04,120,0,97.53,23.15,"Equipo_3","API","Medium","Failed"
11.71,8.45,120,4,54.68,11.9,"Equipo_3","Auth","Low","Success"
6.33,5.54,111,2,65.65,13.98,"Equipo_1","Payments","Low","Rolled_Back"
15.98,3.75,143,1,91.54,5.68,"Equipo_2","Auth","Low","Success"
7.8,8.4,114,0,88.63,22.76,"Equipo_3","Payments","Medium","Success"
8.86,7.49,125,0,91.11,8.43,"Equipo_2","Auth","Low","Success"
5.06,7.51,131,1,48.63,15.64,"Equipo_5","API","High","Failed"
16.83,9.9,116,2,64.1,4.79,"Equipo_5","Auth","Low","Success"
15.62,7.1,117,1,93.91,14.95,"Equipo_5","Auth","High","Success"
6.66,7.29,114,0,67.24,7.54,"Equipo_4","Auth","Medium","Success"
5.33,4.41,100,0,57.58,19.9,"Equipo_1","Auth","High","Success"
7.32,3.31,121,0,70.02,12.22,"Equipo_3","Database","High","Success"
6.99,6.83,124,1,70.63,26.61,"Equipo_2","Payments","High","Success"
10.81,4.68,149,1,97.12,6.16,"Equipo_3","Database","Medium","Failed"
12.89,8.19,112,3,76.71,12.67,"Equipo_2","Auth","Medium","Success"
4.99,7.14,130,1,50.04,6.61,"Equipo_5","Payments","Low","Success"
6.41,11.01,121,2,84.73,3.95,"Equipo_2","Dashboard","Medium","Success"
8.52,6.75,125,0,71,37.94,"Equipo_2","Database","High","Failed"
6.84,7.02,111,3,48.81,9.84,"Equipo_3","API","Low","Failed"
17.48,6.54,104,2,67.99,27.49,"Equipo_4","Payments","Critical","Success"
7.68,7.33,126,2,79.49,10.35,"Equipo_2","API","Medium","Success"
4.06,7.24,115,1,97.29,5.72,"Equipo_5","Payments","High","Success"
3.03,9.67,108,2,63.74,18.24,"Equipo_1","API","Medium","Rolled_Back"
9.73,4.65,143,0,75.48,8.84,"Equipo_2","Auth","Medium","Success"
4.13,8.65,119,5,58,7.13,"Equipo_3","Auth","Critical","Success"
12.23,7.43,132,1,73.39,33.45,"Equipo_4","Database","Critical","Success"
5.61,12.69,139,2,88.78,12.49,"Equipo_4","Auth","Medium","Success"
6.03,4.03,106,1,60.48,11.87,"Equipo_1","Auth","Low","Success"
5.37,4.81,117,5,81.16,19.93,"Equipo_1","Database","Low","Success"
8.41,7.59,119,1,47.78,25.67,"Equipo_1","Database","Low","Success"
13.13,10.06,160,1,89.3,73.3,"Equipo_5","Dashboard","Medium","Success"
13.76,9.22,116,1,73.77,14.89,"Equipo_5","Auth","Medium","Success"
14.49,6.39,123,0,96.48,30.27,"Equipo_3","Payments","Critical","Success"
15.01,8.06,118,1,59.15,16.2,"Equipo_3","API","High","Success"
10.3,3.05,125,3,88.35,7.89,"Equipo_2","API","Low","Success"
9.74,8.76,125,0,47.91,8.37,"Equipo_1","Dashboard","Low","Success"
5.4,11.18,112,1,51.07,2.96,"Equipo_1","Database","Medium","Success"
12.35,8.06,114,0,71.23,6.32,"Equipo_1","Database","High","Success"
17.02,6.93,104,1,56.61,9.58,"Equipo_2","API","Low","Success"
9.45,5,133,0,63.12,7.03,"Equipo_2","Dashboard","Critical","Success"
11.27,6.42,107,2,71.92,33.91,"Equipo_3","API","Medium","Success"
12.47,11.39,137,3,71.97,15.03,"Equipo_1","Dashboard","Low","Success"
5.83,7.14,126,1,86.64,5.38,"Equipo_4","Dashboard","Medium","Success"
13.07,6.44,104,0,77.95,7.46,"Equipo_3","API","Medium","Success"
4.68,11.42,135,0,64.41,10.8,"Equipo_4","API","Low","Success"
4.52,3.5,116,2,80.52,22.84,"Equipo_3","Payments","Medium","Success"
10,7.21,144,0,83.97,9.88,"Equipo_1","Dashboard","Low","Success"
16.56,8.18,105,2,65.48,24.66,"Equipo_1","Auth","Medium","Success"
11.51,6.25,121,3,48.61,22.54,"Equipo_5","Dashboard","Low","Success"
13.3,6.25,115,2,91.98,10.95,"Equipo_1","API","Medium","Success"
6.81,8.78,120,1,78.66,3.73,"Equipo_3","API","High","Success"
10.25,9.54,118,2,99.33,18.07,"Equipo_1","Auth","Medium","Success"
10.58,8.4,129,1,53.48,4.93,"Equipo_2","Database","Low","Success"
14.35,7.89,119,0,56.67,18.59,"Equipo_2","API","Low","Success"
8.95,5.88,121,1,65.07,4.76,"Equipo_3","Database","Low","Success"
7.01,9.51,128,0,74.95,11.62,"Equipo_3","API","Medium","Success"
8.53,5.67,140,2,94.7,39.04,"Equipo_5","Payments","Low","Success"
8.62,7.69,123,0,94.98,7.12,"Equipo_3","Auth","Medium","Success"
3.34,9.25,119,0,50.55,36.94,"Equipo_1","Auth","Low","Success"
11.83,5.38,111,1,93.02,36.39,"Equipo_3","API","Medium","Rolled_Back"
7.6,8.61,95,2,53.62,42.81,"Equipo_5","Dashboard","Medium","Success"
12.85,7.4,119,1,89.06,68.27,"Equipo_4","Dashboard","High","Failed"
2.65,10.23,124,1,94.9,19.79,"Equipo_4","Database","Low","Success"
6.73,11.81,91,2,49.82,13.99,"Equipo_3","Auth","Low","Success"
6.54,4.63,125,2,66.36,16.1,"Equipo_3","Database","Medium","Success"
10.3,9.8,118,1,69.26,10.22,"Equipo_3","Dashboard","Low","Success"
12.93,8.09,139,2,46.79,23.24,"Equipo_1","API","Medium","Success"
11.87,8.16,107,1,57.15,12,"Equipo_4","API","Medium","Success"
9.44,10.75,120,3,67.76,6.67,"Equipo_3","API","Low","Success"
12.07,9.32,109,3,45.68,4.84,"Equipo_2","Auth","Medium","Success"
8.42,7.86,130,2,63.65,8.52,"Equipo_4","Dashboard","Medium","Success"
12.44,7.27,112,1,45.59,6.21,"Equipo_5","Database","Low","Success"
10.02,7.23,131,1,91.71,18.79,"Equipo_4","Payments","Medium","Success"
11.61,7.79,123,2,92.67,24.38,"Equipo_1","Payments","High","Failed"
13.68,6.1,119,2,66.89,10.07,"Equipo_3","Auth","Low","Success"
20.77,11.01,118,3,96.9,27.56,"Equipo_4","Dashboard","Medium","Success"
5.94,9.34,117,1,97.05,16.37,"Equipo_2","API","Low","Failed"
8.55,9.67,124,1,64.13,39.65,"Equipo_2","Dashboard","Low","Success"
11.96,8.43,107,1,50.74,4.8,"Equipo_4","Database","Low","Success"
6.75,8.52,128,2,46.24,28.95,"Equipo_1","API","Medium","Success"
11.28,8.32,121,2,90.55,2.86,"Equipo_1","Dashboard","High","Success"
9.08,11.05,112,3,95.39,2.59,"Equipo_2","Dashboard","Medium","Success"
3.99,7.03,125,1,48.33,16.11,"Equipo_4","API","Low","Success"
4.39,5.29,109,5,53.72,14.87,"Equipo_5","Auth","Low","Success"
8.44,9.53,118,1,62.2,25.32,"Equipo_3","Auth","High","Success"
4.5,10.04,122,0,75.72,8.09,"Equipo_2","Database","High","Success"
10.75,4.68,123,4,64.87,29.09,"Equipo_4","Database","Critical","Success"
14.92,10.15,106,1,91.54,6.05,"Equipo_4","Database","Medium","Failed"
8.81,6.97,147,2,51.45,19.74,"Equipo_5","Auth","High","Success"
7.09,7.53,108,0,69.77,22.92,"Equipo_1","Database","High","Success"
13.31,9.51,128,0,71,4.98,"Equipo_4","Payments","Medium","Success"
7.6,7.92,119,5,96.78,12.77,"Equipo_3","Database","Low","Rolled_Back"
6.23,11.84,121,0,64.56,6.75,"Equipo_5","Payments","Medium","Failed"
21.38,10.59,146,0,55.37,30.17,"Equipo_1","Dashboard","Medium","Success"
7.67,4.39,110,0,96.12,21.68,"Equipo_2","Auth","Medium","Success"
9.86,8.7,101,3,50.68,22.02,"Equipo_4","Dashboard","Low","Success"
5.93,8.5,108,1,53.42,10.27,"Equipo_5","Database","Medium","Success"
5.29,6.54,111,0,86.05,24.87,"Equipo_3","API","Low","Success"
4.55,13.19,102,1,96.32,19.9,"Equipo_2","Payments","Low","Success"
4.18,1.85,96,1,55.08,19.25,"Equipo_3","Dashboard","Low","Success"
14.76,5.75,115,1,68.76,6.13,"Equipo_5","API","Low","Success"
6.45,10.16,115,1,86.08,20.4,"Equipo_1","API","Low","Success"
5.64,5.09,140,2,82.52,14.13,"Equipo_2","Dashboard","Low","Success"
11.3,4.78,91,1,68.51,12.02,"Equipo_3","Database","Medium","Success"
7.76,5.64,113,3,96.97,1.96,"Equipo_1","Auth","Low","Success"
12.28,6.97,126,2,80.58,13.81,"Equipo_2","Payments","Low","Success"
10.98,6.12,133,1,56.43,7.72,"Equipo_4","Database","Medium","Success"
12.51,8.99,134,0,45.89,7.91,"Equipo_3","Dashboard","Medium","Success"
7.12,3.87,137,2,62.99,2.24,"Equipo_1","Dashboard","Low","Success"
7.26,13.04,126,0,82.76,18.09,"Equipo_3","Dashboard","Low","Success"
7.85,8.99,132,1,60.11,4.12,"Equipo_5","Dashboard","Medium","Success"
10.29,8.11,139,2,55.31,17.06,"Equipo_2","Payments","Low","Success"
5.98,4.87,129,2,89.05,30.87,"Equipo_4","API","Medium","Success"
3.23,9.84,126,2,50.04,1.71,"Equipo_4","Database","Medium","Failed"
14.01,8.08,107,2,76.77,23.7,"Equipo_1","Dashboard","Low","Success"
8.23,6.94,120,2,79.13,5.14,"Equipo_2","Auth","Low","Success"
12.94,7.69,123,1,57.2,20.3,"Equipo_2","Dashboard","Medium","Success"
3.32,6.4,107,2,83.64,18.95,"Equipo_2","Auth","Low","Success"
6.75,4.75,128,1,87.91,48.48,"Equipo_2","Auth","Low","Rolled_Back"
15.5,9.01,125,1,82.67,21.19,"Equipo_3","Payments","Medium","Success"
12.91,12.33,139,0,72.01,6.2,"Equipo_2","API","Low","Success"
6.62,9.22,125,2,60.14,13.92,"Equipo_1","Dashboard","Low","Success"
9.56,6.17,116,1,53.98,18.45,"Equipo_4","Dashboard","Low","Success"
12.22,2.71,109,2,70.76,38.92,"Equipo_4","Dashboard","Medium","Success"
11.37,10.26,126,0,82.51,94.63,"Equipo_1","Payments","Medium","Success"
8.91,4.93,135,6,87.16,21.97,"Equipo_4","API","High","Success"
2.96,8.63,122,2,48.46,29.73,"Equipo_3","Auth","High","Success"
4.03,9.05,137,0,58.35,12.84,"Equipo_5","Dashboard","High","Success"
7.44,8.98,133,1,85.33,8.19,"Equipo_3","Auth","Low","Success"
8.45,9.44,106,3,98.33,3.9,"Equipo_5","Dashboard","Low","Failed"
7.85,9.72,121,1,59.69,20.13,"Equipo_2","Database","Medium","Success"
9.83,5.21,131,2,84.84,7.22,"Equipo_1","API","Low","Success"
7.05,4.72,118,0,70.38,1.79,"Equipo_5","Dashboard","Medium","Failed"
12.25,3.14,121,2,86.54,18.76,"Equipo_3","Payments","Low","Success"
8.97,7.59,111,1,76.46,13.6,"Equipo_4","API","Medium","Success"
10.91,10.57,109,3,55.94,56.89,"Equipo_1","Auth","Medium","Success"
8,10.61,138,1,99.02,35.64,"Equipo_1","API","Medium","Success"
13.75,6.18,101,1,46.29,22.28,"Equipo_3","Payments","Medium","Failed"
11.85,7.27,115,1,49.58,35.29,"Equipo_2","Auth","Medium","Success"
7.19,3.9,130,0,75.5,20.68,"Equipo_5","Auth","Low","Success"
21.64,3.66,113,1,45.22,2.67,"Equipo_5","Payments","Low","Success"
5.31,5.47,132,1,78.82,17.06,"Equipo_2","Payments","Medium","Success"
8.81,9.68,121,2,98.97,6.54,"Equipo_4","Database","Low","Success"
17.29,7.02,113,2,91.72,8.65,"Equipo_3","Database","Low","Success"
14.96,11.01,141,2,57.46,7.76,"Equipo_3","API","Low","Success"
7.13,8.89,119,0,83.46,22.94,"Equipo_1","Dashboard","Medium","Success"
13.77,13.24,108,2,91.9,3.25,"Equipo_4","Dashboard","Medium","Success"
8.52,4.98,123,2,73.13,40.21,"Equipo_4","API","Medium","Success"
9.93,4.1,123,1,79.14,5.88,"Equipo_1","Database","Medium","Success"
17.66,9.68,115,0,63.52,9.9,"Equipo_1","Database","Medium","Success"
8.97,6.93,127,2,86.12,6.12,"Equipo_5","Dashboard","Medium","Rolled_Back"
8.02,5.08,133,4,62.57,22.44,"Equipo_4","Payments","Low","Success"
9.34,4.08,129,0,59.72,20.09,"Equipo_2","Database","Low","Success"
3.6,5.96,107,2,84.13,36.01,"Equipo_2","API","High","Success"
4.49,7.85,120,0,69.93,25.38,"Equipo_5","Payments","Medium","Success"
11.21,10.12,121,4,56.56,25.52,"Equipo_5","Database","Critical","Success"
6.89,9.3,132,0,89.61,32.36,"Equipo_1","Database","Medium","Success"
8.96,7.8,121,1,76.44,38.11,"Equipo_4","Payments","Low","Success"
7.85,8.17,131,1,53.87,3.92,"Equipo_5","Database","Medium","Success"
12,7.03,158,3,92.52,27.55,"Equipo_4","Dashboard","Medium","Success"
8.95,7.96,116,3,48.36,46.06,"Equipo_3","Dashboard","Low","Failed"
16.8,10.22,125,3,54.43,13.01,"Equipo_5","API","Low","Success"
9.25,5.71,109,6,49.03,13.41,"Equipo_1","API","Medium","Success"
5.79,4.87,104,1,79.8,48.75,"Equipo_4","Auth","Low","Success"
12.31,6,140,3,79.99,9.72,"Equipo_1","Database","Medium","Success"
7,7.35,108,4,92.19,4.26,"Equipo_1","Auth","Critical","Success"
2.67,7.78,113,5,49.01,20.02,"Equipo_1","Auth","Low","Success"
9.91,9.28,88,2,46.58,21.69,"Equipo_4","Auth","Low","Failed"
8.47,5.22,131,2,77.76,63.49,"Equipo_5","API","Low","Success"
7.93,7.3,113,3,52.1,15.67,"Equipo_1","API","High","Success"
14.37,5.95,103,1,96.1,17.15,"Equipo_1","Payments","Medium","Success"
21.54,5.39,117,2,97.68,46.98,"Equipo_4","Payments","Medium","Success"
5.78,12.87,108,3,56.78,32.39,"Equipo_2","API","Medium","Success"
15.57,6.53,124,2,97.26,52.08,"Equipo_5","Dashboard","Low","Success"
4.19,9.68,110,2,97.87,11.18,"Equipo_1","Auth","Medium","Success"
17.95,4.06,107,1,84.1,32.83,"Equipo_1","Auth","Low","Success"
5.45,10.15,133,2,49.35,20.06,"Equipo_4","Auth","Medium","Success"
3.76,3.62,90,0,70.44,24.49,"Equipo_2","Dashboard","Medium","Success"
9.76,13.05,134,2,68.3,30.51,"Equipo_1","API","Medium","Success"
8.6,7.15,131,0,96.16,4.31,"Equipo_2","API","Medium","Success"
8.84,8.14,119,1,99.83,29.52,"Equipo_3","API","Low","Success"
6.79,11.17,114,1,76.61,33.52,"Equipo_5","Auth","Medium","Success"
14.65,10.64,133,1,98.77,10.12,"Equipo_4","Auth","Low","Success"
12.85,5.39,114,1,66.21,7.39,"Equipo_2","API","Medium","Success"
10.43,6.08,120,2,65.92,37.84,"Equipo_5","Database","Low","Success"
10.69,10.13,116,3,65.58,33.54,"Equipo_2","Dashboard","High","Success"
14.83,6.41,103,2,91.22,16.11,"Equipo_4","Auth","High","Success"
14.28,6.68,127,0,69.46,22.31,"Equipo_1","Dashboard","Medium","Failed"
8.74,7.06,124,3,66.67,30.15,"Equipo_1","API","Low","Success"
6.71,1.72,102,1,98.53,38.58,"Equipo_5","Database","Medium","Rolled_Back"
16.32,10.03,148,1,83.98,25.96,"Equipo_5","Database","Low","Success"
5.33,8.69,127,2,59.55,8.14,"Equipo_5","Dashboard","Medium","Success"
19.51,8.53,113,2,47.08,4.17,"Equipo_2","API","Medium","Success"
6.98,10.96,114,1,92.5,10.97,"Equipo_4","Dashboard","Low","Success"
15.32,4.01,114,2,58.26,7.2,"Equipo_1","Auth","High","Success"
9.36,11.01,117,2,90.94,10.12,"Equipo_5","Auth","Low","Failed"
13.57,9.48,115,1,46.74,16.59,"Equipo_2","Auth","High","Success"
19.11,12.98,114,2,46.86,12.57,"Equipo_1","Dashboard","Medium","Failed"
14.16,9.5,116,0,91.66,12.35,"Equipo_5","Dashboard","Low","Success"
7.56,5.36,103,0,84.91,24.34,"Equipo_4","Database","Low","Success"
14.11,3.44,127,0,89.31,16.03,"Equipo_1","Dashboard","Medium","Success"
5.64,6.17,111,0,96.2,11.2,"Equipo_1","Dashboard","Medium","Success"
11.2,7.96,113,1,59.08,14.42,"Equipo_3","API","Low","Success"
7.78,5.23,138,4,76.49,23.25,"Equipo_3","Dashboard","Low","Success"
15.52,4.92,121,0,97.86,2.58,"Equipo_5","Auth","High","Success"
5.96,10.33,118,2,85.58,36.15,"Equipo_5","Database","Low","Success"
7.39,8.7,137,0,45.77,35.25,"Equipo_1","Dashboard","Medium","Failed"
13.16,8.16,125,1,46.11,12.96,"Equipo_4","Database","Medium","Success"
6.31,6.62,136,0,76.68,21.04,"Equipo_5","Auth","Medium","Success"
11.95,9.52,120,3,70.9,5.06,"Equipo_3","Auth","High","Success"
12.58,14.54,137,0,54.76,39.92,"Equipo_4","Dashboard","Medium","Success"
10.39,0.5,124,1,84.71,36.6,"Equipo_1","Database","Low","Success"
5.13,7.1,113,1,92.77,31.27,"Equipo_4","Database","Low","Success"
13.96,9.66,115,3,70.64,2.41,"Equipo_3","API","Medium","Success"
12.69,7.87,117,0,99.11,10.38,"Equipo_5","Auth","Low","Success"
13.09,8.93,94,0,62.45,9.67,"Equipo_1","Database","Medium","Success"
6.71,4.69,123,0,82.72,47.29,"Equipo_4","Auth","Low","Success"
16.76,7.26,124,2,48.36,24.72,"Equipo_3","Database","Low","Success"
16.45,4.06,105,1,98.81,0.81,"Equipo_1","Auth","High","Success"
14.03,7.58,122,1,76.73,4.75,"Equipo_1","Auth","Low","Success"
10.59,7.46,116,0,54.42,3.43,"Equipo_1","Dashboard","Low","Success"
9.03,8.5,118,0,89.62,14.51,"Equipo_1","API","Medium","Success"
14.98,10.41,126,0,47.27,5.88,"Equipo_3","API","Medium","Success"
3.91,5.93,120,1,69.32,5.09,"Equipo_2","Auth","Low","Success"
5.74,11.86,129,0,96.18,41.16,"Equipo_5","Payments","High","Success"
16.17,12.48,134,3,95.79,17.66,"Equipo_1","Database","Medium","Success"
7.7,5.54,112,4,54.7,12.56,"Equipo_3","Auth","Medium","Success"
7.79,5.81,126,3,58.31,36.85,"Equipo_5","Dashboard","Medium","Success"
7.28,7.15,117,4,96.38,22.88,"Equipo_5","API","Low","Success"
5.77,7.06,113,3,70.7,25.82,"Equipo_1","Payments","Low","Success"
9.72,11.45,137,0,65.73,17.27,"Equipo_1","Dashboard","Low","Success"
16.99,12.09,105,1,48.56,19.38,"Equipo_3","Auth","Medium","Success"
31.52,10.17,116,1,68.27,12.28,"Equipo_1","Dashboard","Medium","Success"
9.95,4.84,107,1,73.37,4.65,"Equipo_2","API","Low","Success"
6.43,7.72,144,0,46.67,27.33,"Equipo_1","Dashboard","Medium","Success"
6.31,6.74,133,1,78.01,18.21,"Equipo_2","API","Low","Success"
6.75,14.14,113,0,92.12,23.6,"Equipo_5","API","Low","Success"
8.57,8.3,108,1,69.22,35.2,"Equipo_2","Auth","Low","Success"
12,11.03,138,0,98.43,33.09,"Equipo_5","API","Low","Success"
14.33,5.55,144,1,53.6,0.79,"Equipo_5","Dashboard","Medium","Rolled_Back"
20.37,11.84,117,2,72.08,12.09,"Equipo_4","Database","Low","Success"
5.82,10.53,104,1,67.36,38.75,"Equipo_5","Dashboard","Medium","Success"
4.65,8.29,130,1,86.33,1.56,"Equipo_1","Auth","High","Success"
7,9.14,124,2,62.9,13.45,"Equipo_2","Database","Low","Success"
14.77,5.39,120,2,77.93,2.1,"Equipo_1","Auth","Medium","Success"
23.92,6.55,129,3,56.87,17.03,"Equipo_1","Dashboard","Low","Success"
15.19,7.65,128,0,81.97,3.65,"Equipo_3","Payments","Medium","Success"
7.61,10.21,140,1,73.83,10.27,"Equipo_2","Auth","Medium","Success"
4.46,9.71,138,1,93.16,1.21,"Equipo_1","Payments","Medium","Success"
7.05,8.8,129,2,63.93,12.45,"Equipo_1","Dashboard","Low","Success"
2.16,5.07,112,2,70.09,40.45,"Equipo_3","API","Medium","Success"
11.19,6.63,111,1,53.84,14.06,"Equipo_1","Database","Medium","Success"
15.65,5.35,122,0,46.46,22.62,"Equipo_1","API","Medium","Success"
20.6,7,122,2,91.38,32.34,"Equipo_1","API","High","Success"
9.22,4.65,108,0,75.73,10.51,"Equipo_2","Payments","Critical","Success"
5.8,5.19,133,2,67.4,10.64,"Equipo_1","Database","Low","Success"
16.47,7.29,127,2,73.52,5.11,"Equipo_1","Auth","Medium","Success"
6.57,2.29,129,1,86.2,7.09,"Equipo_2","Auth","Low","Success"
4.6,7.27,112,1,70.56,17.03,"Equipo_1","Dashboard","High","Failed"
16.61,6.66,143,0,59.28,6.19,"Equipo_3","Database","Low","Rolled_Back"
4.54,7.79,113,1,46.59,21.12,"Equipo_1","API","Medium","Success"
5.13,2.68,139,3,59.56,47.08,"Equipo_1","Dashboard","Medium","Success"
10.31,9.05,137,1,98.79,46.2,"Equipo_4","Payments","High","Rolled_Back"
9.86,11.45,106,1,48.6,44.21,"Equipo_1","API","High","Success"
6.78,3.73,106,0,69.3,22.33,"Equipo_1","Payments","Medium","Success"
8.48,4.36,105,1,85.3,19.12,"Equipo_4","Database","Medium","Failed"
27.14,12.01,126,3,56.23,6.52,"Equipo_5","API","Low","Success"
15.37,8.46,116,2,86.4,3.12,"Equipo_2","API","Low","Success"
10.18,6.96,110,1,61.63,34.47,"Equipo_1","Auth","Medium","Success"
14.2,10.97,109,1,55.31,11.54,"Equipo_3","API","Low","Success"
6.91,4.56,137,2,70.92,3.17,"Equipo_1","Auth","Medium","Success"
19.53,10.92,116,0,98.54,22.49,"Equipo_2","Database","High","Failed"
9.9,4.33,112,2,90.54,2.8,"Equipo_3","API","Medium","Success"
6.74,12.34,122,2,51.88,38.1,"Equipo_3","Dashboard","Medium","Failed"
10.16,6.91,124,2,97.05,6.49,"Equipo_3","Auth","Low","Success"
5.09,9.02,116,0,61.71,15.77,"Equipo_1","Auth","Low","Failed"
7.01,12.76,136,1,63.79,56.35,"Equipo_4","Dashboard","Low","Success"
18.78,7.32,118,1,88.86,6.86,"Equipo_5","Payments","Medium","Success"
12.77,8.25,123,0,67.17,16.16,"Equipo_5","Auth","Medium","Success"
16.02,2.26,119,1,63.91,7.63,"Equipo_1","API","Low","Success"
10.96,7.42,118,1,81.65,16.19,"Equipo_1","Dashboard","Low","Success"
4.4,9.69,118,0,59.49,19.2,"Equipo_3","Database","Low","Success"
3.63,9.5,116,2,50.3,19.48,"Equipo_4","Database","Medium","Success"
12.24,6.33,119,1,99.3,52.83,"Equipo_2","Database","Low","Success"
6.39,5.17,110,0,85.38,28.95,"Equipo_3","Auth","Low","Success"
5.14,7.91,100,2,95.71,8.32,"Equipo_3","Payments","Critical","Success"
9.64,12.99,119,2,71.57,22.47,"Equipo_4","API","High","Rolled_Back"
7.97,9.04,113,2,95.83,25.23,"Equipo_1","Payments","High","Success"
21.77,6.01,92,2,99.65,9.11,"Equipo_5","Payments","Low","Success"
4.01,11.36,120,1,99.68,23.74,"Equipo_3","Dashboard","Low","Failed"
12.5,10.47,122,2,54.14,35.61,"Equipo_1","Dashboard","Critical","Rolled_Back"
7.46,7.59,95,4,89.16,18.27,"Equipo_2","Auth","Medium","Success"
9.48,6.52,95,1,85.73,40.25,"Equipo_3","API","Medium","Success"
6.67,5.9,116,3,90.54,27.54,"Equipo_1","Auth","Low","Success"
13.44,9.44,124,1,85.65,10.15,"Equipo_4","Payments","Medium","Failed"
2.92,10.97,138,1,48.63,21.11,"Equipo_5","Payments","Low","Failed"
11.55,7.29,128,2,94.85,23.55,"Equipo_2","API","Medium","Failed"
11.66,3.24,119,1,54.58,9.68,"Equipo_1","Database","Low","Success"
15.89,8.92,108,2,62.71,21.39,"Equipo_5","Dashboard","Medium","Success"
16.75,8.82,108,3,75.91,22.88,"Equipo_3","Auth","Low","Success"
5.05,3.46,105,1,83.99,17.45,"Equipo_4","Payments","Medium","Success"
8.4,12.97,124,1,50.25,3.34,"Equipo_4","API","Critical","Success"
11.09,5.41,120,0,67.93,34.24,"Equipo_5","Database","Low","Success"
10.35,3.49,104,2,55.59,12.54,"Equipo_3","Payments","Low","Success"
9.43,3.72,123,2,76.49,6.5,"Equipo_1","API","Medium","Success"
7.08,5.7,117,3,48.47,41.6,"Equipo_2","Payments","Low","Success"
5.93,5.43,116,4,93.44,20.54,"Equipo_5","Payments","High","Success"
23.64,9.89,111,1,79.97,6.98,"Equipo_3","Dashboard","Medium","Success"
13.97,9.2,108,1,55.36,12.91,"Equipo_1","API","Critical","Success"
13.63,6.21,114,1,89.2,12.07,"Equipo_4","Dashboard","Medium","Success"
8.52,5.86,112,0,99.36,71.36,"Equipo_3","Payments","Critical","Failed"
18.27,3.52,131,1,45.6,11.29,"Equipo_2","Dashboard","Medium","Success"
15.95,8.46,137,1,63.23,38.27,"Equipo_3","Payments","Medium","Success"
4.48,5.35,118,0,84.66,24.18,"Equipo_1","Dashboard","Low","Success"
8.95,9.94,131,0,68.41,15.13,"Equipo_3","Payments","Low","Success"
7.43,6.26,102,1,97.22,10.45,"Equipo_4","Database","Low","Success"
13.76,10.07,110,0,61.46,33.43,"Equipo_5","API","Low","Rolled_Back"
6.15,4.99,129,1,81.22,18.86,"Equipo_1","Payments","Critical","Rolled_Back"
8.82,5.41,122,1,91.55,38.06,"Equipo_2","Payments","Medium","Success"
11.97,7.38,130,1,75.99,4.58,"Equipo_2","Auth","High","Success"
6.31,9.53,112,4,98.5,9.15,"Equipo_3","Database","Medium","Success"
5.63,9.29,97,0,51.08,22.71,"Equipo_4","Dashboard","Medium","Success"
13.13,6.65,110,0,73.82,24.67,"Equipo_1","Auth","Low","Success"
6.84,5.56,114,0,57.32,8.24,"Equipo_4","Auth","Medium","Success"
15.18,9.71,126,1,67.42,17,"Equipo_5","API","Low","Success"
7.06,7.76,113,1,59.09,10.12,"Equipo_1","Payments","Critical","Success"
7.37,9.5,130,1,75.88,61.65,"Equipo_4","Auth","Low","Failed"
14.06,12.93,108,2,67.84,27.43,"Equipo_1","Database","Medium","Success"
7.1,8.35,110,1,72.96,12.52,"Equipo_1","Auth","High","Success"
7.59,11.46,120,3,71.57,12.6,"Equipo_5","Payments","Low","Success"
12.61,5.1,110,4,81.64,28.98,"Equipo_1","Database","Critical","Success"
12.7,7.86,129,1,60.2,2.49,"Equipo_5","Dashboard","Medium","Success"
9.21,7.38,136,3,60.37,16.5,"Equipo_2","Payments","Medium","Success"
12.53,4.19,117,0,83.79,18.28,"Equipo_4","API","Low","Success"
10.25,9.16,122,2,99.57,39.02,"Equipo_2","Dashboard","Medium","Success"
6.52,5.03,99,1,59.46,25.89,"Equipo_3","Auth","Low","Failed"
7.96,9.24,120,3,79.11,21.31,"Equipo_5","Payments","Medium","Rolled_Back"
12.94,6.02,115,0,73.96,7.95,"Equipo_5","Database","Low","Success"
10.51,6.62,121,2,62.92,9.69,"Equipo_4","Auth","Critical","Success"
9.1,7.05,118,2,72.14,19.01,"Equipo_1","API","Low","Failed"
6.59,4.34,112,2,83.63,22.58,"Equipo_4","Payments","Low","Success"
4.12,10.62,122,1,47.6,9.24,"Equipo_4","API","Medium","Success"
8.59,6.74,107,3,85.64,32.97,"Equipo_1","Dashboard","Low","Success"
8.19,10.23,108,1,80.21,15.83,"Equipo_1","Auth","Low","Success"
7.02,7.54,116,1,95.46,27.95,"Equipo_3","API","High","Success"
3.65,7.57,127,0,77.72,46.05,"Equipo_1","Payments","Low","Success"
14.5,5.15,124,2,61.76,63.27,"Equipo_1","Dashboard","Low","Success"
9.42,9.38,130,5,50.35,49.97,"Equipo_1","Dashboard","High","Success"
16.29,8.14,116,1,53.13,4.15,"Equipo_3","Auth","Medium","Failed"
13.69,6.84,118,3,74.67,4.2,"Equipo_1","Auth","Low","Success"
16,9.97,116,3,79.31,11.01,"Equipo_2","Payments","Medium","Failed"
4.22,8.94,122,0,92.8,4.15,"Equipo_2","Dashboard","Medium","Success"
7.92,8.16,126,0,50.83,21.33,"Equipo_3","API","Low","Success"
8.8,8.05,115,2,89.97,56.95,"Equipo_2","Payments","High","Success"
16.43,10.84,113,2,72.44,17.18,"Equipo_5","Auth","Low","Success"
3.92,7.73,126,0,90.16,2.68,"Equipo_2","Auth","Low","Success"
2.25,13.06,129,4,55.41,3.28,"Equipo_2","Database","Low","Success"
12.03,9.16,115,2,72.4,24.98,"Equipo_5","Auth","Medium","Success"
4.91,7.45,104,5,69.62,7.08,"Equipo_2","Database","Low","Success"
4.93,10.78,136,3,75.69,25.41,"Equipo_1","Payments","Medium","Success"
3.94,4.37,109,0,66.44,12.18,"Equipo_3","Dashboard","Low","Success"
9.59,11.1,132,2,98.51,34.52,"Equipo_5","Auth","High","Success"
16.5,3.02,120,2,57.43,46.43,"Equipo_5","Payments","Low","Success"
9.84,10.4,110,0,59.7,31.13,"Equipo_1","Auth","Low","Success"
11.38,11.23,122,0,70.33,7.85,"Equipo_1","Auth","Low","Success"
15.49,3.81,130,1,56.48,25.32,"Equipo_1","Auth","Low","Success"
14.3,7.14,120,2,96.2,9.07,"Equipo_3","Database","Low","Success"
12.3,5.43,117,3,83.51,28.23,"Equipo_4","Database","Medium","Success"
5.07,8.06,103,1,93.8,32.49,"Equipo_3","Auth","Medium","Failed"
8.1,6.18,122,2,82.8,39.34,"Equipo_3","API","Medium","Success"
10.08,6.74,113,0,84.6,12.82,"Equipo_3","API","Low","Success"
15.43,5.7,111,2,65.95,33,"Equipo_1","Database","High","Success"
10.46,10.51,136,4,65.12,10.6,"Equipo_3","API","Low","Success"
7.24,10.03,112,0,52.13,10.96,"Equipo_3","Auth","Low","Rolled_Back"
3.01,9.29,123,1,91.99,17.98,"Equipo_1","Payments","Medium","Success"
7.91,8.51,102,3,69.49,35.35,"Equipo_1","Payments","Low","Success"
7.32,8.9,123,3,66.79,6.2,"Equipo_3","API","Low","Success"
9.85,7.22,119,0,96.75,4.67,"Equipo_5","Auth","Medium","Success"
4.24,13.79,108,0,87.12,2.15,"Equipo_4","API","Low","Success"
7.39,8.26,124,1,91.95,7.66,"Equipo_1","Payments","Low","Success"
4.26,9.57,123,1,64.41,30.52,"Equipo_1","Auth","Medium","Success"
4.16,9.8,107,1,77.54,22.85,"Equipo_3","Payments","Critical","Success"
12.05,10.03,139,0,78.93,28.11,"Equipo_4","Dashboard","Medium","Success"
11.61,11.29,98,1,62.43,11.1,"Equipo_5","Dashboard","Medium","Success"
11.71,7.34,107,1,84.6,34.7,"Equipo_3","API","Medium","Rolled_Back"
11.22,3.32,115,2,53.19,23.87,"Equipo_1","Auth","Critical","Success"
13.64,13.58,111,3,73.16,3.32,"Equipo_4","Dashboard","Medium","Success"
6.64,7.16,108,1,72.44,7.52,"Equipo_2","Auth","High","Success"
9.4,7.35,123,2,91.78,20.06,"Equipo_2","Payments","Low","Success"
6.4,11.82,130,3,73.56,27.07,"Equipo_2","Database","Medium","Success"
5.59,9.19,131,0,71.99,46.57,"Equipo_3","Payments","Low","Success"
9.66,4.97,102,1,85.76,12.97,"Equipo_1","Database","Critical","Success"
9.11,8.67,119,3,63.33,6.33,"Equipo_5","Dashboard","Low","Success"
14.04,4.19,130,2,95.49,13.25,"Equipo_5","Dashboard","Medium","Success"
8.07,7.43,126,4,48.22,18.5,"Equipo_1","Dashboard","Medium","Success"
11.75,2.57,132,2,85.46,6.09,"Equipo_1","Payments","Low","Success"
11.18,9.16,110,2,78.02,36.28,"Equipo_5","Database","Low","Success"
6.98,4.01,122,0,81.9,20.34,"Equipo_1","Payments","Medium","Success"
8.44,4.98,118,2,54.17,8.71,"Equipo_4","API","High","Success"
9.55,3.31,127,2,88.9,11.17,"Equipo_2","Auth","Medium","Success"
7.03,9.65,118,0,99.8,8.01,"Equipo_3","Auth","High","Success"
21.69,5.03,112,0,50.16,28.36,"Equipo_4","Dashboard","Low","Success"
10.85,4.07,106,5,79.75,21.81,"Equipo_4","Database","Low","Success"
10.6,1.68,123,0,99.65,23.11,"Equipo_4","Payments","Low","Failed"
11.4,11.27,103,3,55.83,19.7,"Equipo_1","Auth","High","Success"
16.77,6.93,114,1,54.56,36.09,"Equipo_1","Database","High","Failed"
13.54,5.17,124,2,82.83,10.52,"Equipo_3","API","Low","Success"
10.49,6.18,116,3,60.41,19.9,"Equipo_3","Payments","Medium","Success"
6.59,3.63,122,2,69.2,9.53,"Equipo_3","Database","Medium","Success"
3,11.64,130,0,96.4,2.16,"Equipo_5","Payments","High","Failed"
25.32,6.78,127,1,98.62,18.35,"Equipo_5","Auth","Low","Success"
7.45,6.56,110,1,56.43,22.65,"Equipo_2","Dashboard","Medium","Success"
11.09,9.89,123,1,60.98,40.1,"Equipo_1","Dashboard","Low","Failed"
9.27,10.45,120,1,46.27,14.2,"Equipo_1","Payments","Low","Rolled_Back"
7.95,9.83,124,0,78.95,16.49,"Equipo_1","Auth","Medium","Success"
13.61,5.85,108,3,64.1,14.72,"Equipo_1","Database","Medium","Success"
9.85,4.08,117,1,82.47,17.46,"Equipo_3","API","Low","Success"
12.66,6.06,121,3,77.56,1.27,"Equipo_4","Auth","Medium","Success"
14.51,7.56,114,3,86.63,16.49,"Equipo_2","Auth","Low","Rolled_Back"
7.36,7.11,138,3,91.35,9.9,"Equipo_1","API","High","Success"
11.41,10.3,120,4,70.88,29.22,"Equipo_2","Payments","Low","Success"
7.41,9.63,141,0,48.22,11.51,"Equipo_3","Payments","Medium","Success"
15.67,6.89,131,1,55.83,14.64,"Equipo_5","Dashboard","High","Success"
8.16,9.06,120,1,77.59,4.89,"Equipo_3","Dashboard","Medium","Success"
10.35,7.96,137,2,63.62,15.07,"Equipo_4","API","Medium","Success"
9.75,8.05,123,1,91.48,25.35,"Equipo_3","Dashboard","Low","Success"
10.09,8.64,121,1,61.58,3.99,"Equipo_1","API","High","Success"
7.86,12.2,112,1,63.78,33.82,"Equipo_3","Dashboard","Medium","Success"
8.21,7.53,105,5,74.72,18,"Equipo_5","Payments","Low","Success"
4.35,6.36,113,2,69.57,17,"Equipo_3","Dashboard","Low","Success"
5.1,4.38,121,1,51.91,26.04,"Equipo_1","API","Critical","Success"
6.15,7.93,101,2,65.09,17.13,"Equipo_4","Payments","High","Success"
13.52,12.7,111,1,51.36,18.76,"Equipo_3","Payments","Critical","Success"
9.25,8.96,129,1,57.84,7.31,"Equipo_4","API","High","Success"
10.4,7.31,120,0,74.42,43.74,"Equipo_5","Auth","Medium","Failed"
7.78,10.92,111,1,51.69,26.83,"Equipo_2","Database","Low","Success"
5.69,4.1,110,1,63.56,1.87,"Equipo_2","Auth","Medium","Success"
8.46,4.54,108,2,74.32,22.16,"Equipo_1","Dashboard","Low","Success"
15.64,11.92,114,2,82.61,7.54,"Equipo_2","API","Low","Success"
16.43,7.7,115,2,84.42,3.27,"Equipo_4","Auth","Low","Success"
10.64,10.54,131,1,71.57,17.66,"Equipo_5","Auth","Medium","Success"
8.11,7.97,131,4,65.3,53.11,"Equipo_4","Auth","Medium","Success"
7.57,10.48,126,0,45.38,16.92,"Equipo_5","API","Low","Failed"
5.25,14.42,112,0,92.25,12.44,"Equipo_1","Auth","Low","Success"
8.4,11.11,105,0,68.39,11.93,"Equipo_4","Auth","Low","Success"
15.15,5.24,114,0,75.23,6.57,"Equipo_2","Database","Low","Failed"
17.46,6.9,131,3,77.53,19.69,"Equipo_4","Payments","Medium","Success"
16.33,5.98,118,1,54.17,13.74,"Equipo_2","Auth","High","Success"
12.66,6.04,113,0,63.71,6.87,"Equipo_1","Payments","Critical","Success"
8.85,10.35,117,1,97.06,40.71,"Equipo_4","Payments","Low","Success"
16.76,8.79,120,2,57.99,30.7,"Equipo_5","Dashboard","Low","Success"
20.62,11.85,107,1,52.7,12.08,"Equipo_4","API","Medium","Success"
10.71,10.52,118,1,48.57,9.63,"Equipo_2","Auth","Low","Success"
4.61,6.66,146,3,76.27,36.41,"Equipo_2","Dashboard","High","Failed"
18.89,9.16,116,0,89.76,20.94,"Equipo_2","Auth","Medium","Success"
11.31,11.77,109,3,54.88,26.36,"Equipo_1","Dashboard","High","Success"
12.06,8.36,125,1,76.15,16.57,"Equipo_4","Dashboard","Medium","Success"
9.41,7.06,112,1,79.55,18.5,"Equipo_4","Payments","Low","Success"
11.72,5.34,111,0,52,16.95,"Equipo_2","Auth","High","Success"
12.1,10.41,117,1,65.57,35.34,"Equipo_1","Payments","Medium","Success"
6.78,11.08,94,1,90.72,30.86,"Equipo_2","API","Low","Success"
6.78,7.61,109,2,53.95,23.54,"Equipo_3","Auth","Low","Success"
5.33,9.08,117,2,73.85,32.05,"Equipo_2","API","Low","Success"
7.65,9.62,127,2,60.38,29.06,"Equipo_1","Dashboard","Low","Success"
9.4,5.51,122,1,95.64,34.66,"Equipo_3","Payments","High","Success"
7.09,11.98,109,1,99.35,15.49,"Equipo_3","API","Medium","Success"
5.92,4.39,109,1,95.31,2.9,"Equipo_3","Database","Low","Success"
15.45,9.08,136,1,80.57,23.87,"Equipo_4","Database","Low","Success"
6.83,9.41,128,0,60.23,19.15,"Equipo_3","Dashboard","Low","Success"
12.42,9.09,124,0,54.82,12.24,"Equipo_4","Dashboard","Critical","Success"
6.28,8.27,129,1,95.48,6.61,"Equipo_4","Database","Low","Success"
4.39,8.24,126,0,63.47,9.08,"Equipo_1","Database","Medium","Success"
5.53,6.13,141,2,83.63,10.81,"Equipo_3","Auth","Low","Success"
11.01,7.14,99,1,58.71,18.72,"Equipo_2","Dashboard","Critical","Success"
10.41,7.54,121,3,93.64,13.3,"Equipo_5","Payments","High","Success"
16.53,2.09,129,2,62.75,3.93,"Equipo_2","Payments","Medium","Success"
8.73,8.76,112,1,88.81,32.1,"Equipo_5","Payments","Medium","Success"
16.6,8.64,132,4,53.24,8.09,"Equipo_1","Database","Medium","Rolled_Back"
8.29,6.45,107,0,76.45,12.96,"Equipo_1","Auth","Low","Rolled_Back"
9.98,11.11,127,3,87.54,31.49,"Equipo_1","Database","Medium","Success"
5.63,4.49,124,0,95.54,44.71,"Equipo_3","Dashboard","Medium","Success"
4.82,7.73,132,1,86.52,45.16,"Equipo_3","Dashboard","High","Success"
6.18,11.31,121,1,59.61,7.19,"Equipo_4","Database","Medium","Success"
9.92,10.73,134,1,89.3,10.5,"Equipo_3","Payments","Low","Failed"
11.93,14.65,107,2,66.53,16.59,"Equipo_1","Auth","Medium","Success"
5.15,10.33,112,3,99.71,4.41,"Equipo_3","API","Medium","Success"
7.76,8,104,2,96.72,15.06,"Equipo_4","Database","Medium","Success"
11.81,5.55,116,3,59.55,1.91,"Equipo_2","API","Low","Success"
8.28,12,107,1,74.73,18.01,"Equipo_1","API","Low","Success"
8.32,5.35,135,3,48.72,29.14,"Equipo_2","API","Medium","Success"
25.92,7.88,132,0,84.82,10.01,"Equipo_4","Dashboard","Medium","Success"
12.98,8.6,96,1,88.66,21.49,"Equipo_1","Dashboard","Medium","Success"
14.68,8.01,124,4,47.5,15.04,"Equipo_4","API","Medium","Success"
10.09,8.37,116,2,86.42,19.14,"Equipo_2","Dashboard","Low","Success"
8.14,9.08,128,2,50.3,5.92,"Equipo_1","Auth","Medium","Success"
13.86,8.34,115,2,74.47,5.44,"Equipo_1","Database","Critical","Success"
11.8,6.71,132,4,68.46,9.55,"Equipo_4","Payments","Medium","Success"
5.72,4.07,125,0,70.14,55.91,"Equipo_2","Auth","Medium","Success"
9.89,7.9,111,3,96.01,3.51,"Equipo_5","Dashboard","High","Success"
16.17,9.03,123,2,56.76,38.72,"Equipo_1","Database","Low","Success"
11.69,8.38,113,1,88.38,49.18,"Equipo_2","Payments","Medium","Success"
12.19,11.11,112,2,72.94,22.44,"Equipo_4","Dashboard","High","Success"
11.27,11.51,132,3,50,21.57,"Equipo_5","Database","Critical","Success"
6.35,5.98,118,6,64.34,3.92,"Equipo_4","Auth","Medium","Success"
6.68,10.29,116,2,57.73,35.62,"Equipo_3","Payments","Medium","Success"
12.19,6.41,102,3,99.65,43.04,"Equipo_1","Database","Low","Success"
4.95,11.33,97,0,52.44,33.11,"Equipo_1","Dashboard","Low","Success"
6.51,10.22,116,2,92.18,8.47,"Equipo_3","Dashboard","Low","Success"
15.08,6.88,117,2,98.16,11.46,"Equipo_1","Database","Medium","Failed"
11.08,3.25,130,2,84.12,3.89,"Equipo_1","API","Low","Success"
6.52,11.96,117,3,70.15,7.1,"Equipo_4","Dashboard","Medium","Success"
7.62,7.71,120,0,90.3,13.07,"Equipo_1","API","Medium","Success"
4.57,6.52,121,0,53.53,52.07,"Equipo_5","Database","Low","Success"
8.33,6.48,123,1,48.04,45.8,"Equipo_5","Auth","High","Success"
6.59,12.14,118,1,88.58,11.99,"Equipo_5","Dashboard","Medium","Success"
6.42,15.1,112,1,62.61,12.1,"Equipo_2","Database","Low","Success"
15.47,9.35,108,4,77.6,22.2,"Equipo_1","Payments","Low","Success"
7.46,6.85,108,1,92.13,31.3,"Equipo_1","Dashboard","High","Failed"
4.4,10.95,105,1,86.56,9.67,"Equipo_3","API","Low","Success"
3.73,9.52,107,1,77.45,41.6,"Equipo_1","Database","High","Success"
12.71,9.82,140,0,65.02,22.93,"Equipo_2","API","Low","Success"
10.9,9.32,117,2,56.06,14.65,"Equipo_2","API","Low","Success"
6.96,8.05,127,0,68.29,7.89,"Equipo_2","Payments","Low","Success"
8.29,13.06,123,3,94.93,22.45,"Equipo_4","Auth","Medium","Success"
12.39,7.7,128,1,73.6,25.83,"Equipo_5","API","Low","Success"
11.14,11.22,119,2,55.33,0.3,"Equipo_4","Dashboard","Low","Success"
10.45,8.24,130,2,68.28,79.78,"Equipo_1","API","High","Success"
3.03,12.77,124,0,99.27,4.76,"Equipo_2","API","High","Success"
8.34,4.81,145,2,80.38,33.04,"Equipo_2","API","High","Success"
9.33,8.73,104,3,70,36.38,"Equipo_1","Database","Medium","Success"
6.41,10.79,114,1,93.82,43.25,"Equipo_1","API","Medium","Success"
15.09,8.54,118,0,45.03,50.83,"Equipo_2","Database","Critical","Success"
12.07,8.48,128,1,71.55,5.51,"Equipo_1","Dashboard","Low","Success"
13.53,7.95,111,2,80.18,73.18,"Equipo_3","Dashboard","High","Success"
6.56,10.7,136,5,65.53,11.86,"Equipo_3","Database","Low","Success"
22.23,12.4,106,4,64.12,7.34,"Equipo_1","Payments","Low","Success"
8.54,6.21,122,3,51.24,16.15,"Equipo_5","API","Low","Success"
8.68,9.4,129,3,68.87,24.53,"Equipo_4","Payments","Medium","Success"
11.91,13.31,124,1,82.47,12.49,"Equipo_3","Database","Low","Success"
18.11,5.79,117,1,84.95,24.79,"Equipo_1","Database","Medium","Success"
4.79,9.62,125,0,79.23,55.35,"Equipo_1","Auth","High","Success"
9.17,8.85,128,0,88.07,10.65,"Equipo_1","Database","Low","Success"
15.43,10.68,128,0,65.04,34.76,"Equipo_3","API","High","Success"
10.05,6.25,124,1,97.16,7.19,"Equipo_5","Dashboard","Low","Success"
11.64,8.9,114,3,51.68,11.99,"Equipo_2","Payments","Low","Rolled_Back"
22.49,5.06,133,2,71.56,31.06,"Equipo_2","Auth","Low","Success"
7.72,7.26,113,2,69.16,6.19,"Equipo_5","Auth","Low","Success"
18.55,7.79,129,3,45.66,16.26,"Equipo_5","Auth","Low","Success"
15.03,4.17,120,1,88.42,4.14,"Equipo_2","Database","Medium","Success"
4.1,11.53,96,1,98.85,59.33,"Equipo_5","API","High","Failed"
6.7,7.45,118,2,46.03,23.72,"Equipo_5","Dashboard","Low","Success"
9.37,7.6,110,0,58.95,13.98,"Equipo_3","Payments","Low","Success"
8.24,6.74,110,1,55.24,24.12,"Equipo_3","Dashboard","Low","Success"
8.11,8.07,112,0,65.77,26.09,"Equipo_4","Dashboard","Low","Success"
15.65,7.6,113,0,73.99,12.88,"Equipo_1","API","High","Success"
17.28,6.1,113,1,50.76,45.29,"Equipo_4","Database","Low","Success"
11.15,4.34,128,1,72.63,42.73,"Equipo_5","Auth","Medium","Success"
6.15,10.09,118,0,93.94,16.5,"Equipo_2","Auth","Medium","Success"
9.36,10.72,113,1,53.22,15.87,"Equipo_2","API","Medium","Success"
9.87,9.05,115,0,66.58,9.45,"Equipo_4","Payments","Medium","Success"
8,10.32,115,1,87.67,9.31,"Equipo_4","Database","High","Success"
25.54,4.04,105,1,52.71,37.02,"Equipo_1","Auth","Medium","Success"
7.9,6.23,101,2,92.32,42.08,"Equipo_2","Auth","Low","Success"
9.64,8.41,113,1,54.33,12.98,"Equipo_4","API","Medium","Success"
4.47,7.33,133,1,90.33,13.93,"Equipo_2","Auth","Low","Success"
12.96,6.23,115,1,90.05,14.79,"Equipo_3","Dashboard","Low","Success"
6.9,5.32,95,2,50.79,31.91,"Equipo_5","API","Medium","Success"
7.65,7.46,126,1,75.44,39.29,"Equipo_1","API","Medium","Success"
18.39,7.99,140,2,92.7,73.73,"Equipo_3","Database","Medium","Success"
4.76,4.89,127,3,82.83,21.46,"Equipo_5","Database","Low","Success"
15.71,9.73,130,0,85.99,4.22,"Equipo_4","Auth","Medium","Success"
9.37,6.67,137,3,73.14,15.2,"Equipo_5","Dashboard","High","Success"
11.11,11.4,136,1,62.17,40.36,"Equipo_1","Payments","High","Success"
9.89,5.49,148,1,80.17,7.76,"Equipo_2","Payments","Medium","Success"
5.2,7.9,107,1,90.41,22.04,"Equipo_3","Auth","Medium","Rolled_Back"
9.04,11.89,104,2,73.56,47.83,"Equipo_3","Database","Low","Success"
5.42,7.55,122,0,90.81,26.16,"Equipo_1","Payments","High","Success"
16.03,9.51,124,0,45.51,14.65,"Equipo_1","Database","Low","Success"
18.8,5.36,125,4,56.82,26.56,"Equipo_2","Auth","Medium","Success"
12.71,9.84,100,1,59.89,27.99,"Equipo_3","Auth","Medium","Success"
2.84,8.99,102,1,56.42,31.37,"Equipo_5","Auth","Medium","Success"
13.4,9.25,123,1,75.97,10.44,"Equipo_5","Database","High","Success"
3.8,8.11,120,1,89.55,35.95,"Equipo_3","API","High","Success"
10.52,5.15,121,0,86.53,11.64,"Equipo_5","Auth","High","Success"
9.89,3.56,125,2,70.36,16.7,"Equipo_3","API","Low","Success"
8.93,10.16,128,3,88.62,7.32,"Equipo_2","Auth","Medium","Success"
10.9,11.46,107,0,49.55,27.13,"Equipo_5","Payments","High","Success"
3.33,10.02,112,2,73.15,7.14,"Equipo_5","Database","Medium","Failed"
5.15,8.05,109,1,97.61,22.39,"Equipo_2","Dashboard","Low","Failed"
12.92,5.14,125,0,58.56,4.59,"Equipo_1","Database","Critical","Success"
9.14,7.22,144,1,90.08,26.65,"Equipo_1","Auth","Medium","Success"
8.02,8.7,112,5,99.09,21.88,"Equipo_2","API","Medium","Success"
14.45,13.72,98,0,50.43,2.59,"Equipo_3","API","Medium","Failed"
14.42,7.16,108,1,67.7,50.32,"Equipo_4","Dashboard","High","Success"
9.85,10,132,2,84.73,14.29,"Equipo_3","Auth","Low","Success"
8.37,8.52,123,3,81.95,22.75,"Equipo_5","Auth","Medium","Success"
17.24,5.07,116,1,82.21,52.43,"Equipo_4","Database","High","Success"
11.38,9.3,121,3,67.27,20.95,"Equipo_3","Payments","Low","Success"
7.54,6.04,107,3,77.31,44.56,"Equipo_4","Dashboard","Medium","Success"
7.15,10.1,118,3,89.34,17.03,"Equipo_3","Database","Medium","Failed"
18.83,10,110,0,80.8,36.93,"Equipo_3","API","High","Success"
9.11,8.37,135,1,89.44,7.45,"Equipo_2","Auth","Low","Success"
11.5,8,129,0,74.09,27.03,"Equipo_2","API","Medium","Success"
6.73,8.71,129,1,52.46,18.54,"Equipo_3","Database","Medium","Rolled_Back"
13.65,10.73,138,2,76.93,36.97,"Equipo_5","Dashboard","Medium","Success"
7.48,13.32,139,1,73.47,27.92,"Equipo_3","API","Low","Success"
12.35,5.76,137,0,69.37,2.64,"Equipo_3","Database","Low","Success"
4.93,6.01,118,2,77.17,11.08,"Equipo_2","Payments","Low","Success"
4.26,12.79,121,5,99.09,70.9,"Equipo_3","Dashboard","Low","Success"
9.69,8.18,128,2,57.65,28.22,"Equipo_3","API","Low","Rolled_Back"
7.02,6.84,114,2,61.76,54.1,"Equipo_4","Database","High","Success"
11.38,9.66,119,4,64.9,13.86,"Equipo_1","API","Medium","Success"
11.6,13.35,127,2,67.64,31.19,"Equipo_3","API","Critical","Failed"
10.41,7.08,136,1,57.01,11.05,"Equipo_5","Payments","Low","Success"
10.79,9.21,144,2,71.23,4.35,"Equipo_2","Payments","Medium","Success"
15.01,9.68,122,0,53.77,42.95,"Equipo_2","Dashboard","Critical","Success"
9.44,7.67,111,0,54.44,15.39,"Equipo_5","API","Low","Failed"
10.94,11.37,108,1,71.54,56.04,"Equipo_5","Payments","Medium","Success"
9.65,8.4,106,2,85.59,18.01,"Equipo_2","Payments","Low","Success"
13.66,5.39,135,0,93.2,20.35,"Equipo_3","Payments","Medium","Success"
6.87,9.91,116,1,59.37,1.39,"Equipo_1","API","Critical","Success"
16.28,10.23,107,1,55.86,30.05,"Equipo_4","Payments","Medium","Success"
10.9,9.12,124,2,66.9,12.95,"Equipo_4","Auth","High","Success"
5.18,9.47,112,0,56.62,7.93,"Equipo_1","Auth","High","Success"
8.94,10.69,120,3,55.56,25.26,"Equipo_2","Database","Low","Success"
7.74,8.66,138,0,99.2,24.5,"Equipo_2","API","Low","Success"
8.78,7.6,116,1,60.8,28.51,"Equipo_1","Database","Medium","Success"
11.99,3.1,121,0,57.71,36.89,"Equipo_5","API","Medium","Success"
5.02,9.51,120,0,54.95,13.6,"Equipo_3","Auth","High","Success"
11.75,6.42,125,0,78.22,14.31,"Equipo_4","Database","High","Success"
9.55,8.52,117,3,92.63,48.62,"Equipo_1","Dashboard","Medium","Success"
8.51,6.59,125,1,51.88,11.28,"Equipo_2","Auth","Low","Success"
11.45,4.49,114,1,55.56,16.43,"Equipo_1","Auth","Medium","Success"
11.89,2.13,125,1,90.83,19.44,"Equipo_1","Payments","High","Success"
22.85,8.2,116,2,95.6,39.39,"Equipo_1","Auth","Medium","Success"
19.63,11.06,127,1,80.12,20.6,"Equipo_5","Payments","Low","Success"
10.83,7.96,119,2,71.29,5.69,"Equipo_2","Dashboard","Low","Success"
17.54,10.43,117,1,87.45,41.91,"Equipo_1","Auth","Medium","Success"
5.06,12.61,142,2,73.46,27.56,"Equipo_1","Payments","Medium","Success"
9.48,6.01,92,1,66.54,15.93,"Equipo_3","Payments","Medium","Success"
6.75,7.59,103,0,88.93,20.79,"Equipo_4","Database","Low","Success"
2.11,6.56,117,0,45.26,34.48,"Equipo_3","Payments","Low","Success"
10.36,7.99,112,0,88.66,24.58,"Equipo_5","Database","Critical","Success"
11.01,5.96,98,3,83.93,3.92,"Equipo_2","API","Low","Success"
12.22,5.53,102,0,96.76,17.25,"Equipo_1","API","Low","Success"
5.31,7.14,117,2,96.82,24.64,"Equipo_3","Database","Low","Success"
6.11,10.78,121,4,61.92,32.64,"Equipo_5","Dashboard","Medium","Success"
15.73,6.2,111,0,67.01,13.3,"Equipo_5","Payments","High","Success"
15.53,6.72,113,3,72.18,27.34,"Equipo_3","Payments","Low","Success"
15.11,6.95,117,0,87.2,14.3,"Equipo_3","Database","Low","Success"
7.82,4.74,106,1,95.45,17.59,"Equipo_3","Dashboard","Medium","Success"
10.86,6.14,134,1,53.23,30.28,"Equipo_2","API","Critical","Failed"
5.4,5.8,147,1,82.87,3.38,"Equipo_3","Database","Medium","Failed"
6.34,4.78,134,1,89.34,31.77,"Equipo_2","API","Low","Success"
12.58,8.34,112,2,56.9,54.5,"Equipo_5","Dashboard","Low","Success"
9.31,7.26,132,0,57.39,32.48,"Equipo_3","Database","High","Success"
9.97,6.85,123,2,59.27,9.39,"Equipo_4","API","Low","Success"
5.65,11.68,110,0,61.26,1.93,"Equipo_5","API","Medium","Success"
10.14,6.81,120,0,71.07,48.97,"Equipo_1","Payments","Medium","Success"
4.98,6.72,134,2,59.16,30.37,"Equipo_3","Auth","High","Success"
6.96,3.72,107,0,82.7,16.38,"Equipo_1","Database","Low","Success"
10.73,10.27,133,1,80.32,7.3,"Equipo_4","Payments","Low","Rolled_Back"
8.84,8.67,122,2,81.36,15.16,"Equipo_4","API","High","Success"
4.19,8.22,118,1,73.24,6.89,"Equipo_5","Dashboard","Medium","Success"
7.37,9.47,133,1,52.37,28.13,"Equipo_2","Database","High","Success"
10.44,9.28,102,2,68.3,22.76,"Equipo_3","Database","High","Success"
13.25,6.02,135,0,55.48,48.53,"Equipo_5","Database","Medium","Success"
13.48,11.78,118,0,49.03,37.1,"Equipo_4","Dashboard","High","Success"
14.96,6.74,125,1,66.21,12.08,"Equipo_3","Auth","Low","Success"
9.37,6.19,124,0,66.3,28.85,"Equipo_5","Payments","Low","Success"
12.71,6.14,105,0,89.93,19.13,"Equipo_3","Auth","Medium","Success"
6,3.56,125,5,79.74,8.61,"Equipo_4","Auth","Medium","Success"
10.45,9.52,122,0,92.75,17.74,"Equipo_3","Payments","Low","Failed"
7.78,6.64,123,2,95.53,2.3,"Equipo_5","Auth","High","Success"
4.91,9.34,103,2,57.38,13.26,"Equipo_1","Database","Low","Success"
4.72,3.8,116,0,91.98,54.84,"Equipo_5","Auth","Low","Failed"
2.77,6.78,132,2,88.83,21.81,"Equipo_3","Database","Medium","Success"
9.97,8.57,115,1,83.04,9.74,"Equipo_2","Payments","Low","Success"
13.75,5.85,134,0,56.79,10.24,"Equipo_4","Dashboard","Medium","Success"
11.22,10.48,119,1,82.15,35.12,"Equipo_4","API","Low","Success"
8.96,2.35,129,2,95.84,51.62,"Equipo_4","Auth","Medium","Success"
10.5,7.28,142,0,68.74,7.82,"Equipo_4","Payments","Medium","Success"
1.63,8.56,129,0,45.43,10,"Equipo_5","API","Low","Success"
9.04,5.1,120,2,55.47,6.84,"Equipo_3","API","Low","Failed"
7.69,6.15,124,1,93.02,1.76,"Equipo_1","Database","Low","Success"
9.21,5.4,122,1,79.25,66.37,"Equipo_4","API","Medium","Success"
6.1,8.41,128,1,88.84,16.42,"Equipo_4","API","Low","Success"
15.41,9.71,124,0,56.32,39.59,"Equipo_5","Dashboard","Low","Success"
6.59,5.75,121,1,46.6,15.03,"Equipo_3","Dashboard","Low","Success"
9.56,11.17,119,2,69.66,7.35,"Equipo_3","Payments","Low","Success"
11.14,5.34,112,1,48.59,36.02,"Equipo_3","Payments","High","Success"
9.52,9.66,126,2,97.81,10.91,"Equipo_1","Dashboard","Low","Success"
12.79,7.45,114,1,88.84,23.04,"Equipo_5","Database","Low","Rolled_Back"
12.66,9.06,90,1,51.11,3.29,"Equipo_5","Dashboard","High","Success"
12.32,5.99,125,2,93.7,7.53,"Equipo_2","Database","Low","Success"
17.06,9.78,113,0,56.72,63.09,"Equipo_3","Database","Low","Success"
6.96,9.44,106,3,97.7,22.94,"Equipo_5","Dashboard","Medium","Success"
9.94,9.36,123,4,82.87,17.46,"Equipo_2","API","Medium","Success"
8.52,8.95,117,3,74.77,27.22,"Equipo_5","API","Medium","Success"
7.01,5.2,116,0,88.46,29.02,"Equipo_4","API","Low","Success"
16.19,8.54,137,4,75.11,4.68,"Equipo_2","Database","Medium","Success"
7.96,8.43,142,1,51.94,12.6,"Equipo_2","Dashboard","Low","Success"
6.17,7.89,132,0,98.51,17.23,"Equipo_2","Database","Low","Success"
12.59,9.62,127,1,87.75,2.18,"Equipo_1","Auth","High","Success"
8.5,10.04,113,1,46.84,23.86,"Equipo_5","Auth","Low","Success"
6.23,12.85,135,2,79.52,28.73,"Equipo_3","Dashboard","Low","Success"
15.66,10.02,123,1,96.24,53.1,"Equipo_5","Payments","Medium","Success"
5.52,6.87,111,2,85.6,48.89,"Equipo_5","API","High","Success"
8.15,7.83,128,2,61.99,9.06,"Equipo_2","API","Medium","Success"
21,8.17,125,0,83.42,16.71,"Equipo_5","Auth","High","Success"
7.1,10.2,123,0,90,7.81,"Equipo_5","Database","Low","Success"
10.11,10.67,132,1,91.08,8.72,"Equipo_3","Payments","Low","Success"
9.2,8.77,138,0,93.01,9.3,"Equipo_5","API","Medium","Success"
15.79,8.31,91,3,55.91,2.7,"Equipo_1","Database","Low","Success"
7.04,7.29,122,0,95.12,16.39,"Equipo_3","API","Low","Success"
15.59,3.94,126,2,95.91,1.75,"Equipo_4","Dashboard","Low","Success"
11.85,7.71,125,0,52.49,55.95,"Equipo_1","Auth","Low","Success"
9.13,8,120,3,85.9,14.4,"Equipo_1","Database","Medium","Success"
4.95,8.15,126,2,51.04,4.71,"Equipo_4","Database","Low","Success"
11.84,7.72,108,1,89.32,17.45,"Equipo_3","Dashboard","Medium","Success"
9.48,7.46,122,4,54.26,21.57,"Equipo_3","Auth","Medium","Success"
6.11,5.9,116,3,88.92,10.34,"Equipo_2","Payments","Low","Success"
12.63,6.24,93,2,84.85,20.61,"Equipo_2","Dashboard","Medium","Success"
10.69,3.58,118,1,74.4,6,"Equipo_2","Dashboard","Medium","Success"
6.63,12.38,115,1,63.79,5.27,"Equipo_3","Dashboard","Low","Success"
4.62,9.09,131,3,66.56,28.69,"Equipo_3","Payments","Medium","Success"
16.01,6.21,112,1,73.35,15.35,"Equipo_2","Auth","High","Success"
12.79,6.81,124,3,90.23,10.35,"Equipo_4","Payments","Medium","Failed"
2.3,9.29,105,0,78.94,13.91,"Equipo_4","Dashboard","High","Success"
4.72,9.17,128,4,61.77,15.47,"Equipo_4","Payments","Medium","Success"
5.95,4.91,119,1,45.32,14.8,"Equipo_2","Auth","High","Success"
8.12,9.12,123,3,72.91,13.51,"Equipo_2","Auth","High","Rolled_Back"
5.56,7.36,119,4,80.55,16.47,"Equipo_2","Database","Low","Success"
5.12,6.21,113,0,82.18,3.46,"Equipo_2","Auth","Medium","Success"
8.69,7.44,141,0,50.8,18.58,"Equipo_3","API","High","Success"
13.03,8.65,115,1,63.12,0.82,"Equipo_5","Database","Low","Success"
9.2,11.24,125,0,86.62,6.79,"Equipo_4","Database","Low","Rolled_Back"
2.53,4.13,120,4,98.49,37.66,"Equipo_2","Database","Low","Success"
9.24,5.72,128,0,61.44,20.42,"Equipo_4","API","Medium","Success"
6.89,3.56,113,1,64.01,39.01,"Equipo_4","API","Medium","Success"
10.66,6.71,133,1,95.64,9.18,"Equipo_3","Dashboard","Medium","Success"
11.44,10.08,138,2,97.07,14.47,"Equipo_4","Auth","Medium","Success"
7.02,10.47,133,1,64.03,12.07,"Equipo_1","Database","Medium","Success"
7.11,11.18,115,1,83.1,19.89,"Equipo_5","API","Medium","Success"
11.62,9.52,139,3,79.15,3.85,"Equipo_5","Dashboard","High","Failed"
5.02,9.77,102,0,71.97,41.62,"Equipo_4","API","Medium","Success"
10.67,5.01,134,1,85.37,33.52,"Equipo_3","Auth","Medium","Success"
10.79,6.63,133,1,47.62,9.34,"Equipo_3","Dashboard","High","Success"
9.74,11.2,97,1,69.34,18.9,"Equipo_5","Payments","High","Success"
4.93,6.35,119,0,50,35.22,"Equipo_4","API","High","Success"
14.64,9.17,126,4,47.28,2.14,"Equipo_2","Payments","Medium","Success"
7.19,6.67,127,1,90.05,6.07,"Equipo_5","API","Low","Success"
11.5,7.07,124,3,98.71,34.25,"Equipo_2","Database","Medium","Success"
15.16,5.7,103,4,77.64,12.99,"Equipo_1","Database","Low","Success"
10.44,7.34,139,0,52.43,12.63,"Equipo_2","Payments","High","Rolled_Back"
12.54,8.35,123,0,45.37,32.53,"Equipo_1","API","Low","Success"
15.26,8.59,112,2,69.84,14.71,"Equipo_5","API","High","Success"
17.41,8.66,138,1,65.49,6.98,"Equipo_4","Database","Critical","Success"
7.08,7.93,103,1,62.45,18.49,"Equipo_1","Dashboard","Medium","Success"
11.11,7.72,114,0,62.31,21.4,"Equipo_4","Database","High","Success"
8.16,10.94,123,4,73.59,14.14,"Equipo_5","Payments","Medium","Success"
11.64,8.09,101,0,51.03,3.18,"Equipo_1","Payments","Medium","Success"
13.52,8.41,116,2,46.43,13.02,"Equipo_1","Payments","Low","Success"
10.32,11.59,124,3,75.59,16.33,"Equipo_5","API","Critical","Success"
7.82,6.37,125,3,54.51,27.24,"Equipo_5","Dashboard","Medium","Failed"
10.66,5.78,111,4,63.73,26.85,"Equipo_2","Auth","Low","Success"
6.55,10.84,123,0,49.22,11.27,"Equipo_4","Dashboard","Low","Failed"
9.02,14.32,127,3,54.69,21.03,"Equipo_5","Database","Medium","Success"
11.52,8.31,131,1,69.15,8.41,"Equipo_3","Payments","Medium","Success"
12.19,10.94,128,2,96.47,29.42,"Equipo_5","Database","Medium","Success"
16.18,6.07,105,2,80.89,18.23,"Equipo_2","Auth","Low","Success"
11.89,6.81,117,3,77.32,15.06,"Equipo_3","Database","Medium","Success"
9.11,10.71,142,0,76.15,17.98,"Equipo_5","Dashboard","Critical","Success"
12.43,5.22,107,0,46.06,32.79,"Equipo_3","Auth","Medium","Success"
10.53,5.54,135,3,60.73,10.08,"Equipo_5","Dashboard","Medium","Success"
6.53,12.71,126,3,91.53,5.47,"Equipo_5","Payments","Critical","Success"
5.32,4.01,127,2,80.7,29.58,"Equipo_2","Payments","High","Failed"
8.85,10.17,104,2,64.96,17.18,"Equipo_2","Payments","Medium","Success"
9.48,11.13,144,1,65.58,19.94,"Equipo_3","Database","Medium","Success"
10.02,11.39,125,2,88.22,16.29,"Equipo_4","Dashboard","Low","Success"
17.89,8.29,128,1,89.31,45.63,"Equipo_3","Payments","Medium","Success"
9.23,8.71,131,2,80.17,29.22,"Equipo_2","Auth","Low","Success"
13.36,9.05,130,1,76.1,2.47,"Equipo_1","API","Critical","Success"
14.62,9.04,134,2,58.25,17.35,"Equipo_3","Dashboard","Medium","Success"
11.7,8.04,121,2,88.93,8.23,"Equipo_5","Database","Low","Success"
8.18,6.68,140,1,89.91,39.12,"Equipo_1","Database","Critical","Success"
15.37,8.68,128,0,97.75,9.31,"Equipo_1","Dashboard","Low","Rolled_Back"
9.85,10.3,145,0,68.77,12.28,"Equipo_1","Auth","Low","Success"
3.64,8.75,126,2,88.25,0.6,"Equipo_3","Database","High","Success"
4.06,8.18,119,5,53,5.53,"Equipo_1","Database","Medium","Success"
9.05,8,114,3,56.78,12.53,"Equipo_2","Auth","Low","Success"
4.55,4.6,130,1,63.66,32.12,"Equipo_3","API","Low","Success"
11.47,10.25,119,5,90.13,25.34,"Equipo_1","Payments","Low","Success"
8.97,8.79,91,2,69.38,9.78,"Equipo_4","Database","Medium","Success"
7.47,9.17,118,2,80.1,42.32,"Equipo_5","Database","High","Success"
12.82,8.77,122,1,75.75,28.19,"Equipo_3","API","High","Success"
12.6,8.27,127,4,48.76,39.34,"Equipo_4","API","Medium","Success"
11.03,9.65,107,0,53.83,48.08,"Equipo_1","Database","Medium","Success"
15.98,10.24,102,2,60.36,27.22,"Equipo_1","Payments","Low","Success"
9.65,2.04,145,2,87.44,33.37,"Equipo_3","Payments","High","Success"
12.1,9.52,114,1,73.72,29.91,"Equipo_4","API","High","Success"
17.65,10.88,106,1,72.34,46.09,"Equipo_4","Database","High","Success"
4.6,6.94,108,1,51.41,19.84,"Equipo_2","API","Low","Success"
20.27,10.13,148,1,69.17,25.42,"Equipo_5","Dashboard","Medium","Success"
10.63,11.89,122,0,91.27,2.47,"Equipo_1","API","Medium","Success"
5.82,11.58,117,1,48.4,21.83,"Equipo_4","Dashboard","Medium","Success"
12.83,4.33,128,1,80.61,5.48,"Equipo_4","Auth","Low","Success"
10.62,0.93,107,2,69.16,13.65,"Equipo_1","Dashboard","Low","Success"
4.24,8.33,125,2,81.24,27.88,"Equipo_1","Database","Low","Success"
20.32,9.29,114,3,79.08,12.84,"Equipo_5","Auth","Medium","Success"
14.27,9.16,113,2,82.01,22.7,"Equipo_3","Dashboard","Medium","Success"
8.98,10.15,127,2,60.53,30.02,"Equipo_4","API","High","Success"
4.52,4.48,123,1,60.85,13.59,"Equipo_2","Dashboard","Low","Success"
7.29,6.73,105,0,49.22,1.84,"Equipo_4","Payments","Medium","Success"
7.48,9.95,115,1,63.54,8.82,"Equipo_2","Auth","Low","Success"
5.43,5.94,129,2,86.99,30.8,"Equipo_3","Payments","High","Success"
8.4,10.7,114,1,75.33,1.35,"Equipo_4","Database","Medium","Success"
3.47,8.96,119,2,65.51,15.35,"Equipo_5","API","Low","Success"
8.98,13.37,122,1,71.91,21.56,"Equipo_2","Payments","Critical","Success"
5.77,8.62,126,3,64.93,6.49,"Equipo_2","Payments","Medium","Success"
11.67,8.09,113,1,89.71,35,"Equipo_3","Database","High","Success"
8.93,9.46,125,2,71.8,18.28,"Equipo_5","Auth","Low","Success"
14.55,4.27,131,1,98.16,15.5,"Equipo_5","Payments","Low","Success"
15.41,10.51,121,0,59.28,8.33,"Equipo_5","Auth","Low","Success"
2.76,9.78,107,0,93.89,34.07,"Equipo_4","Dashboard","Medium","Success"
21.26,12.9,132,1,92.26,21.51,"Equipo_3","API","Low","Success"
7.98,12.41,114,2,62.54,10.55,"Equipo_4","Database","Medium","Success"
6.09,8.39,109,1,55.21,8.22,"Equipo_1","Auth","Medium","Success"
7.45,9.07,106,3,69.61,62.6,"Equipo_1","Payments","High","Success"
7.93,6.5,123,3,72.11,6.68,"Equipo_4","Database","Low","Success"
7.19,11.67,114,1,52.07,49.37,"Equipo_3","Payments","Low","Rolled_Back"
19.9,8.19,111,2,47.02,2.37,"Equipo_3","Database","Medium","Success"
12.56,5.3,126,1,88.51,22.77,"Equipo_3","Auth","Medium","Success"
19.5,10.83,112,2,46.73,28.46,"Equipo_1","Database","Medium","Success"
15.2,10.62,115,4,66.49,27.51,"Equipo_1","Dashboard","Low","Success"
10.47,10.26,130,0,88.27,42.82,"Equipo_4","Auth","Medium","Rolled_Back"
10.11,10.41,121,1,92.65,15.12,"Equipo_5","Auth","Low","Success"
19.06,9.86,137,0,92.92,8.15,"Equipo_1","Database","Medium","Failed"
5.22,10.59,118,0,95.88,4.06,"Equipo_1","Auth","Medium","Success"
11.36,8.59,128,2,89.47,3.05,"Equipo_2","Dashboard","Low","Success"
7.48,12.27,101,3,95.77,15.26,"Equipo_2","Dashboard","High","Success"
7.57,9.02,116,2,85.14,9.14,"Equipo_4","Auth","Medium","Failed"
7.31,11.02,129,1,72.27,4.04,"Equipo_4","Dashboard","Medium","Success"
10.63,6.47,125,1,52.45,18.72,"Equipo_1","Database","Medium","Success"
7.83,4.19,126,3,91.62,14.79,"Equipo_5","Auth","Low","Success"
6.99,9.18,113,1,87.68,6.92,"Equipo_1","Database","High","Success"
16.05,6.19,108,2,84.27,11.68,"Equipo_3","API","Medium","Success"
3.27,1.71,114,2,52.18,12.69,"Equipo_1","API","Medium","Success"
5.92,8.96,115,0,83.11,7.98,"Equipo_3","Payments","Medium","Success"
9.13,9.91,121,1,97.47,31.52,"Equipo_4","API","Low","Rolled_Back"
8.46,10.66,117,4,56.35,34,"Equipo_3","API","Low","Rolled_Back"
18.66,5.66,125,1,96.77,2.39,"Equipo_5","Auth","Low","Failed"
8.05,7.27,120,1,48.27,34.9,"Equipo_2","Auth","Medium","Success"
4.26,12.41,115,4,80.05,2.39,"Equipo_2","Payments","Medium","Success"
7.98,9.45,142,0,96.46,45.55,"Equipo_4","API","Low","Success"
16.53,7.17,125,6,86.68,31.75,"Equipo_2","Auth","Low","Success"
14.73,11.7,116,2,52.34,24.11,"Equipo_4","Payments","Low","Success"
12.48,8.71,116,1,65.19,29.89,"Equipo_5","Auth","Low","Success"
4.12,6.07,123,0,91.15,18.1,"Equipo_2","Database","Low","Success"
21.96,5.77,116,2,93.44,38.79,"Equipo_2","Dashboard","Low","Success"
8.98,8.45,118,1,70.89,14.12,"Equipo_1","Payments","Medium","Success"
11.69,10.17,101,0,62.41,7.16,"Equipo_5","Payments","Low","Failed"
6.55,9.58,123,1,83.63,7.86,"Equipo_5","API","Low","Success"
11.32,9.62,109,0,48.34,7.85,"Equipo_5","Database","Low","Success"
10.2,5.61,137,0,59.83,12.22,"Equipo_1","API","Low","Success"
6.23,9.34,124,1,62.46,3.55,"Equipo_3","Payments","Low","Success"
14.25,10.01,106,1,79.48,6.06,"Equipo_3","API","Low","Success"
15.73,3.94,110,3,86.17,19.47,"Equipo_2","API","High","Success"
11.87,12.84,138,0,97.44,11.9,"Equipo_1","Database","Medium","Success"
6.83,9.62,109,2,87.55,3.87,"Equipo_1","Auth","Low","Success"
2.82,9.05,122,3,66.58,8.36,"Equipo_3","API","Critical","Success"
12.02,7.3,121,1,52.97,28.69,"Equipo_1","Auth","Medium","Failed"
8.28,6.83,117,1,62.6,12.68,"Equipo_4","API","High","Rolled_Back"
14.34,5.46,112,2,94.7,19.16,"Equipo_5","API","Medium","Success"
11.57,7.12,134,0,52.24,30.59,"Equipo_2","API","Low","Success"
11.47,8.65,108,1,74.59,33.19,"Equipo_3","Database","Medium","Success"
10.05,6.3,122,0,72.19,13.34,"Equipo_1","Payments","Medium","Success"
9.15,6.8,137,2,69.06,22.24,"Equipo_2","Auth","Medium","Success"
5.9,4.61,122,1,78.37,24.1,"Equipo_2","Auth","Medium","Success"
18.52,5.9,127,2,94.37,9.69,"Equipo_3","Dashboard","High","Success"
7.92,10.26,133,1,82.96,6.81,"Equipo_3","Dashboard","Medium","Success"
13.42,3.44,99,2,99.3,30.14,"Equipo_2","Auth","High","Rolled_Back"
19.71,8,115,2,83.22,6.41,"Equipo_3","Dashboard","High","Success"
12.37,6.69,132,2,84.86,37.01,"Equipo_4","Dashboard","Critical","Success"
7.31,8.06,127,2,52.58,21.23,"Equipo_4","API","Medium","Success"
8.93,10.5,109,1,47.61,10.83,"Equipo_1","Dashboard","Low","Success"
13.94,7.19,116,2,62.64,18.7,"Equipo_2","Dashboard","Low","Success"
9.2,7.36,118,0,87.66,24.63,"Equipo_5","API","Medium","Success"
8.76,7.03,137,1,65.43,17.59,"Equipo_5","API","Medium","Success"
15.21,6.57,119,4,59.74,14.45,"Equipo_1","Database","Medium","Success"
12.51,9.49,116,2,52.96,8.27,"Equipo_5","Dashboard","Low","Success"
12.25,7.89,117,0,76.92,27.68,"Equipo_3","Auth","Critical","Success"
1.94,7.14,118,2,86.62,41.45,"Equipo_1","API","Low","Success"
9.25,7.58,130,4,51.92,15.63,"Equipo_4","API","Low","Success"
10.07,8,132,0,79.81,9.95,"Equipo_4","API","High","Success"
10.01,11.37,110,0,84.97,7.2,"Equipo_2","Payments","Low","Success"
9.82,4.51,131,0,50.87,19.71,"Equipo_2","Payments","Low","Success"
8,8.34,162,2,91.2,14.32,"Equipo_2","Dashboard","Low","Success"
4.6,6.06,121,2,94.16,16.32,"Equipo_3","Auth","Low","Success"
9.89,8.24,119,1,77.59,9.81,"Equipo_1","Database","Low","Success"
11.49,8.53,142,0,91.1,16.19,"Equipo_3","Auth","Low","Success"
6.75,10.33,107,1,98.02,40.34,"Equipo_5","API","High","Success"
8.42,7.28,110,0,45.28,95.02,"Equipo_5","Payments","Medium","Success"
8.55,6.07,107,1,47.19,18.19,"Equipo_5","API","Medium","Success"
6.31,10.7,131,3,58.57,31.94,"Equipo_4","API","High","Success"
11.6,4.45,107,1,76.1,28,"Equipo_5","Auth","Medium","Success"
10.11,13.61,125,0,50.12,84.92,"Equipo_3","API","Low","Success"
23.91,4.35,133,2,63.96,14.57,"Equipo_2","Dashboard","Low","Success"
8.44,10.38,94,0,98.84,59.91,"Equipo_1","Payments","Low","Success"
2.58,12.07,116,3,98.88,65.91,"Equipo_4","Auth","Medium","Failed"
13.16,3.39,125,1,81.8,6.81,"Equipo_4","Database","Low","Success"
7.74,3.87,116,3,71.09,3.73,"Equipo_2","Dashboard","Critical","Success"
11.38,11.37,121,0,67.58,68.4,"Equipo_4","Dashboard","Medium","Success"
8.38,6.31,134,4,80.24,0.16,"Equipo_2","Dashboard","High","Success"
7.98,8.77,131,2,84.85,28.31,"Equipo_1","API","Medium","Rolled_Back"
5.32,18.82,130,2,67.9,16.12,"Equipo_5","Auth","Low","Success"
14.86,7.62,121,2,69.56,9.03,"Equipo_4","Database","Medium","Success"
9.5,8.35,116,0,47.98,10.71,"Equipo_1","Auth","High","Failed"
9.83,4.3,116,0,94.31,10.77,"Equipo_1","Database","Medium","Success"
12.65,9.26,128,4,84.02,26.11,"Equipo_4","Auth","Medium","Success"
12.41,3.91,113,1,60.98,5.37,"Equipo_2","API","Low","Success"
14.2,9.94,131,0,58.53,16.36,"Equipo_3","Database","High","Failed"
22.64,3.79,110,2,71.47,13.62,"Equipo_3","Payments","Medium","Success"
4.32,4.99,128,2,62.54,37.55,"Equipo_4","Database","High","Success"
8.06,5.86,131,2,62.77,10.14,"Equipo_3","Auth","Low","Success"
5.85,9.87,114,1,98.76,34.53,"Equipo_2","Dashboard","Medium","Success"
8.01,11.55,117,2,88.22,17.05,"Equipo_3","API","Medium","Success"
7.63,10.72,112,2,56.51,23.14,"Equipo_5","Database","Low","Success"
6.65,4.21,112,1,87.7,9.56,"Equipo_5","Dashboard","Medium","Success"
8.87,7.15,132,0,80.06,27.91,"Equipo_3","API","Low","Success"
7.6,6.43,103,2,56.27,15.11,"Equipo_3","API","Medium","Success"
5.28,4.47,119,1,69.73,35.04,"Equipo_5","Payments","Medium","Success"
6.57,7.97,97,3,61.06,19.05,"Equipo_5","Database","Medium","Failed"
11.56,9.99,117,2,73.74,8.16,"Equipo_3","API","Low","Success"
5.4,8.9,119,2,74.99,21.11,"Equipo_3","Dashboard","Medium","Success"
8.04,11.9,114,1,98.13,23.07,"Equipo_1","API","Medium","Success"
10.47,7.95,134,0,94.92,9.35,"Equipo_4","Dashboard","Low","Rolled_Back"
14.05,6.98,124,2,68.12,36.26,"Equipo_2","Auth","Critical","Success"
7.52,8.44,142,0,85.28,20.63,"Equipo_1","Dashboard","Medium","Success"
7.23,6.87,125,1,69.48,54.02,"Equipo_5","Dashboard","Medium","Success"
10.05,8.48,127,3,45.06,20.24,"Equipo_2","Payments","Medium","Success"
15.37,7.41,118,3,97.76,58.98,"Equipo_4","API","Low","Success"
7.82,8.31,113,4,60,15.33,"Equipo_5","Payments","Low","Success"
2.09,5.98,117,1,93.7,4.69,"Equipo_5","Auth","Low","Success"
9.78,8.58,107,1,71.47,25.52,"Equipo_1","Auth","Medium","Success"
7.78,11.31,122,1,78.77,24.72,"Equipo_3","Auth","Medium","Success"
4.62,2.95,123,2,97.77,10.55,"Equipo_3","Payments","Medium","Failed"
9.28,5.91,119,2,80.52,8.52,"Equipo_1","Auth","Medium","Success"
5.88,8.05,99,1,78.55,21.68,"Equipo_1","Dashboard","Low","Success"
12.48,5.55,126,1,86.65,21.63,"Equipo_4","API","Critical","Failed"
7.28,10.32,159,4,88.65,17.59,"Equipo_2","Dashboard","Low","Success"
3.1,7.58,144,2,88.04,14.8,"Equipo_1","Auth","Low","Success"
14.72,9.17,112,0,94.1,39.3,"Equipo_4","Database","Low","Success"
2.6,8.18,110,3,95.33,13.38,"Equipo_5","Auth","Medium","Success"
14.58,3.3,117,1,54.29,25.97,"Equipo_4","Dashboard","Critical","Success"
18.66,4.12,122,4,63.45,32.6,"Equipo_5","Dashboard","Low","Failed"
7.63,8.71,128,0,99.08,30.49,"Equipo_4","Dashboard","Medium","Failed"
8.8,7.65,112,2,73.83,14.79,"Equipo_5","Database","Medium","Success"
4.37,10.28,108,3,46.35,22.36,"Equipo_5","API","Low","Success"
6.11,10.33,125,0,49.19,15.99,"Equipo_1","Dashboard","Low","Success"
9.07,3.57,115,2,95.89,41.83,"Equipo_2","Dashboard","Low","Success"
6.63,7.64,124,1,94.58,29.17,"Equipo_1","Dashboard","Low","Success"
7.31,9.39,99,2,59.75,32.13,"Equipo_4","Dashboard","Medium","Success"
14.01,9.79,134,3,83.13,17.87,"Equipo_2","Auth","Low","Success"
24.69,9.88,106,2,67.34,18.58,"Equipo_2","Dashboard","Medium","Success"
7.51,9.34,116,4,45.21,36.04,"Equipo_4","API","Medium","Success"
11.64,12.91,123,2,90.39,25.21,"Equipo_2","Auth","Medium","Rolled_Back"
12.17,4.42,90,1,87.89,8.64,"Equipo_5","Auth","High","Success"
10.28,4.61,112,1,62.86,20.41,"Equipo_4","Database","High","Success"
19.01,5.41,114,2,90.29,7.87,"Equipo_3","Dashboard","Low","Failed"
21.44,10.48,117,2,80.25,9.38,"Equipo_2","Payments","Low","Success"
5.29,12.63,107,2,83.07,5.68,"Equipo_3","Auth","Low","Success"
7.66,8.07,120,2,55.01,14.24,"Equipo_4","Database","Low","Success"
6.84,5.62,111,3,91.87,7.33,"Equipo_2","Database","High","Success"
5.91,5.23,130,1,78.71,54.7,"Equipo_5","Payments","Low","Success"
18,10.18,125,2,78.26,11.11,"Equipo_3","Dashboard","Low","Success"
5.82,8.79,122,2,86.23,13.81,"Equipo_4","Payments","Medium","Success"
9.1,8.79,102,0,66.96,39.11,"Equipo_5","Auth","High","Failed"
18.34,2.56,127,1,65.52,21.03,"Equipo_1","Database","Medium","Success"
11.8,2.75,133,0,60.98,13.33,"Equipo_2","Database","Critical","Success"
8.61,8.68,116,0,68.72,8.52,"Equipo_1","Auth","Medium","Success"
7.16,13.09,122,2,47.67,17.21,"Equipo_3","Payments","Low","Success"
12.79,7.92,131,0,48.81,13.8,"Equipo_5","Database","Low","Success"
6.96,9.55,124,2,77.15,7.31,"Equipo_1","Database","Medium","Success"
7.32,8.55,133,1,71.4,55.42,"Equipo_1","Auth","Low","Success"
13.4,4.32,130,1,55.36,4.94,"Equipo_4","Payments","Medium","Success"
8.49,11.08,130,2,56.36,2.41,"Equipo_1","Database","Low","Success"
8.53,11.2,132,2,66.36,12.61,"Equipo_2","Dashboard","High","Success"
5.09,12.29,107,2,77.91,2.89,"Equipo_3","Payments","Medium","Success"
9.6,4.46,139,2,52.54,5.96,"Equipo_5","Payments","Low","Success"
9.51,5.92,122,1,73.53,20.32,"Equipo_2","Auth","Medium","Success"
13.64,13.83,108,0,98.19,25.36,"Equipo_2","API","High","Success"
10.68,3.39,124,1,90.43,16.55,"Equipo_5","Payments","Medium","Success"
5.65,6.91,117,1,50.86,14.67,"Equipo_4","API","Medium","Failed"
8.98,9.77,113,1,51.17,16.05,"Equipo_5","Payments","Medium","Success"
3.27,8.73,108,0,97.67,32.44,"Equipo_2","Dashboard","Medium","Success"
9.46,8.73,116,0,81.33,21.26,"Equipo_4","API","High","Success"
19.03,5.93,100,2,74.79,12.69,"Equipo_3","Payments","Low","Success"
11.9,10.09,128,0,47.53,52.32,"Equipo_4","API","Medium","Success"
8.14,4.37,120,1,90.06,39.55,"Equipo_3","Auth","Low","Success"
8.53,6.63,127,1,78.34,34.55,"Equipo_4","API","Low","Success"
2.39,7.44,133,0,59.65,17.44,"Equipo_1","Auth","High","Success"
7.85,5.77,140,1,84.4,14.16,"Equipo_1","Auth","High","Failed"
16.59,10.21,109,2,70.92,8.95,"Equipo_2","Payments","Medium","Success"
8.47,7.92,117,1,49.5,13.18,"Equipo_5","API","Medium","Success"
7.19,9.87,108,1,60.74,7.53,"Equipo_1","Auth","Medium","Success"
13.84,8.35,119,1,84.67,11.65,"Equipo_5","Auth","Low","Success"
11.45,6.99,124,1,46.74,39.83,"Equipo_4","Auth","High","Success"
8.37,10,107,1,90.48,11.18,"Equipo_1","Auth","Medium","Success"
13.62,13.06,111,1,92.59,18.23,"Equipo_4","API","Low","Success"
6.52,9.88,122,1,83.75,7.58,"Equipo_1","Auth","Low","Success"
5.07,10.23,117,1,98.27,17.88,"Equipo_2","Dashboard","Low","Failed"
13.77,7.94,144,2,85.05,19.11,"Equipo_4","Dashboard","Low","Success"
15.9,11.1,108,1,52.6,55.65,"Equipo_2","Database","Medium","Success"
16.69,8.36,122,2,63.22,14.96,"Equipo_1","Payments","High","Success"
12.14,8.91,112,0,78.63,4.78,"Equipo_4","Dashboard","High","Success"
6.98,8.63,110,2,52.02,26.89,"Equipo_5","Dashboard","Low","Success"
2.88,6.75,116,1,57.77,12.11,"Equipo_5","API","Medium","Rolled_Back"
2.32,9.62,119,0,56.05,16.51,"Equipo_5","Payments","Medium","Success"
10.53,4.27,102,1,65.84,15.9,"Equipo_3","Dashboard","Low","Success"
5.85,7.33,124,2,94.48,30.55,"Equipo_4","Payments","Low","Success"
15.54,4.95,137,4,64.21,14.49,"Equipo_5","API","Low","Success"
10.82,4.48,111,3,77.56,4.98,"Equipo_5","Database","Medium","Success"
11.12,8.82,121,3,79.53,5.68,"Equipo_5","Database","Low","Success"
6.1,4.45,126,2,87.8,84.94,"Equipo_5","Database","Critical","Success"
6.45,7.81,120,1,74,17.08,"Equipo_3","Database","Low","Success"
11.26,7.28,117,5,76.54,24.61,"Equipo_5","Payments","Medium","Success"
12.3,4.22,142,1,76.01,9.1,"Equipo_2","Dashboard","Medium","Success"
9.18,3.66,135,1,82.02,16.67,"Equipo_4","API","Medium","Success"
7.41,9.18,118,3,69.02,6.24,"Equipo_5","API","Low","Success"
6.37,9.02,137,3,77.27,18.38,"Equipo_2","Payments","Medium","Success"
11.3,7.05,148,1,83.65,2.86,"Equipo_1","Payments","Medium","Success"
4.93,6.41,129,1,85.66,6.13,"Equipo_3","Payments","Low","Rolled_Back"
11.09,4.34,137,2,73.58,47.3,"Equipo_4","API","Medium","Success"
1.73,5.64,114,2,88.05,5.75,"Equipo_2","Payments","Medium","Success"
6.43,4.2,137,3,78.56,12.29,"Equipo_4","Auth","Medium","Success"
15.47,11.47,104,3,64.65,13.19,"Equipo_5","Database","High","Success"
11.9,3.27,120,2,99.3,11.56,"Equipo_2","Dashboard","Low","Success"
17.23,4.32,126,0,71.9,1.9,"Equipo_3","Dashboard","Low","Success"
9.54,9.36,136,0,69.12,7.79,"Equipo_1","API","Low","Success"
10.71,3.84,114,1,72.83,17.59,"Equipo_1","Auth","Low","Success"
3.99,10.72,119,1,64.58,32.63,"Equipo_1","Payments","High","Success"
11.48,8.51,123,1,45.08,11.22,"Equipo_2","Database","Medium","Success"
4.54,11.64,123,1,69.4,0.32,"Equipo_1","Database","High","Success"
9,7.81,131,0,97.46,6.44,"Equipo_2","Auth","Medium","Success"
16.02,8.75,118,1,53.24,13.44,"Equipo_3","API","Medium","Success"
12.45,9.36,117,2,72.66,43.72,"Equipo_4","API","Medium","Rolled_Back"
3.71,8.6,119,1,95.19,3.93,"Equipo_5","API","Critical","Success"
21.34,8.58,97,0,84.87,50.5,"Equipo_3","Auth","High","Success"
10.3,8.84,111,0,72.15,13.37,"Equipo_2","Database","Low","Success"
15.09,6.72,132,1,68.91,50.89,"Equipo_5","Dashboard","Low","Success"
8.29,7.3,127,3,81.95,4.21,"Equipo_5","API","Medium","Success"
11.77,12.2,120,0,88.24,3.95,"Equipo_2","Auth","Medium","Success"
8.44,8.9,98,0,71.65,1.94,"Equipo_4","Database","Medium","Success"
5.95,9.66,122,1,50.79,12.06,"Equipo_5","Auth","Low","Success"
4.24,7.03,116,0,64.84,6.92,"Equipo_2","Dashboard","Medium","Success"
7.25,10.48,123,2,74.9,12.18,"Equipo_4","API","Low","Success"
20.78,9.69,137,3,62.46,12.92,"Equipo_5","API","Low","Success"
11.59,7.5,123,1,46.23,9.17,"Equipo_4","Payments","Low","Success"
6.69,8.72,116,0,61.06,22.31,"Equipo_3","Payments","Low","Success"
6.24,6.34,133,0,60.1,10.62,"Equipo_4","Auth","Low","Success"
21.09,10.28,129,2,98.69,53.85,"Equipo_5","Dashboard","Medium","Success"
20.81,6.79,93,1,51.25,7.77,"Equipo_4","Payments","Low","Failed"
12.55,9.59,130,1,53.5,16.13,"Equipo_1","Dashboard","High","Success"
7.83,11.87,121,1,76.64,39.63,"Equipo_2","API","High","Success"
6.77,12.9,127,2,90,22.6,"Equipo_2","Dashboard","Medium","Success"
5.4,5.84,145,1,93.97,1.5,"Equipo_2","Dashboard","Medium","Success"
10.47,6.38,128,4,69.48,14.31,"Equipo_3","API","High","Success"
4.72,9.26,109,1,52.88,16.3,"Equipo_1","API","Low","Success"
10.21,6.45,105,2,49.03,13.7,"Equipo_4","Dashboard","Medium","Success"
15.32,6.33,135,1,57.96,3.15,"Equipo_4","API","Medium","Success"
10.89,13.03,127,1,83.64,15.9,"Equipo_4","Database","Medium","Success"
11.38,12.87,122,2,87.47,61.3,"Equipo_3","Payments","Medium","Success"
6.44,9.77,130,2,72.62,20.76,"Equipo_5","Database","Medium","Success"
8.68,11.47,146,4,50.61,12.92,"Equipo_4","Database","Low","Success"
6.08,6.38,129,2,54.66,8.29,"Equipo_3","Dashboard","Medium","Success"
14.42,8.08,105,0,94.03,5.63,"Equipo_3","Payments","Low","Success"
13.26,10.31,126,4,72.82,12.36,"Equipo_3","Dashboard","Critical","Success"
30.02,11.15,104,1,84.81,64.56,"Equipo_2","Auth","Critical","Success"
5.34,5.75,131,2,80.84,3.27,"Equipo_3","Payments","Low","Success"
4.82,4.62,109,0,97.31,16.07,"Equipo_3","Auth","Medium","Success"
10.2,14.11,125,2,91.98,41.82,"Equipo_2","Auth","Low","Failed"
7.11,13.9,111,1,82.51,5.82,"Equipo_3","Auth","Low","Success"
5.89,11.72,121,2,51.16,11.51,"Equipo_4","Dashboard","Low","Success"
4.61,10.33,129,1,92.13,1.9,"Equipo_4","Dashboard","Low","Success"
8.89,4.49,109,1,75,10.28,"Equipo_2","Payments","Low","Success"
8.92,11.3,101,3,69.94,4.68,"Equipo_2","Database","Low","Success"
9.3,7.2,115,1,59.92,32.16,"Equipo_2","Payments","High","Success"
15.35,8.34,110,1,62.38,36.06,"Equipo_1","API","Medium","Failed"
7.01,1.4,107,1,58.27,43.42,"Equipo_4","Dashboard","High","Success"
14.71,11.09,137,0,85.89,20.11,"Equipo_5","Database","Medium","Success"
3.21,8.57,132,6,71.91,2.56,"Equipo_1","Payments","Low","Success"
5.09,5.3,113,3,82.77,7.47,"Equipo_3","Payments","Medium","Success"
19.96,7.82,119,0,92.83,7,"Equipo_1","Auth","Low","Success"
8.15,4.66,145,0,48.98,31.24,"Equipo_3","Payments","Medium","Success"
8.42,6.57,118,0,56.83,8.35,"Equipo_1","Payments","Low","Success"
15.46,9.81,98,0,49.53,12.32,"Equipo_5","Database","Low","Success"
2.96,8.91,125,3,66.53,12.08,"Equipo_1","Payments","Medium","Rolled_Back"
7.35,9.76,122,1,46.17,11.73,"Equipo_1","Auth","Low","Success"
9.64,7.05,123,1,82.84,21.57,"Equipo_4","Auth","Critical","Success"
9.5,12.88,142,1,73.15,14.2,"Equipo_5","Auth","High","Success"
7.68,5.23,120,0,53.45,15.43,"Equipo_1","Payments","Low","Success"
14.08,10.4,117,2,70.1,25.92,"Equipo_1","Database","Low","Success"
1.33,9.35,141,1,58.11,57.81,"Equipo_1","Database","Low","Success"
13.66,6.67,150,1,85.65,32.41,"Equipo_5","Payments","Low","Success"
24.41,9.77,127,0,84.85,10.43,"Equipo_4","Database","Critical","Failed"
9.57,14,103,0,70.4,21.94,"Equipo_5","Database","Low","Success"
21.07,6.75,120,1,57.84,19.45,"Equipo_3","Dashboard","High","Success"
13.47,4.96,101,1,80.32,26.12,"Equipo_2","API","Low","Failed"
6.19,5.4,125,1,79.07,11.29,"Equipo_5","Dashboard","Medium","Success"
6.1,8.26,125,4,98.39,40.72,"Equipo_4","Auth","Low","Success"
11.5,5.91,108,2,58.22,22.57,"Equipo_2","Payments","Medium","Rolled_Back"
20.77,5.25,98,3,45.27,8.75,"Equipo_4","API","High","Success"
8.45,6.19,129,2,90.86,8.56,"Equipo_4","API","Low","Success"
12.83,10.45,134,1,66.4,19.79,"Equipo_5","API","Low","Success"
5.04,8.81,103,1,83.35,12.02,"Equipo_3","Payments","Low","Success"
4.04,1.25,121,1,76.43,16.23,"Equipo_4","Database","Medium","Success"
7.84,7.7,123,2,91.57,14.85,"Equipo_2","Database","Low","Success"
5.65,7.05,98,2,87.12,80.84,"Equipo_2","Database","Medium","Success"
15.99,6.89,120,2,68.9,13.11,"Equipo_5","Payments","Medium","Rolled_Back"
8.19,5.91,124,1,96.4,9.03,"Equipo_3","Payments","Critical","Success"
5.8,11.45,120,1,92.94,34.17,"Equipo_1","API","Medium","Failed"
10.92,5.55,119,0,58.77,11.07,"Equipo_2","Payments","Medium","Success"
13.54,8.21,131,3,69.17,3.37,"Equipo_3","Database","High","Success"
11.05,10.69,121,1,96.9,7.16,"Equipo_5","Payments","Medium","Success"
6.65,9.19,148,1,86.31,8.38,"Equipo_2","Database","Low","Success"
19.94,7.98,106,3,78,13.75,"Equipo_4","Database","Medium","Success"
27.09,5.21,123,2,72.6,21.73,"Equipo_3","Dashboard","Low","Success"
6.52,3.65,111,1,63.31,59.53,"Equipo_4","Auth","Low","Success"
5.37,6.14,110,1,93.33,10.95,"Equipo_5","API","High","Success"
5.41,10.08,127,0,98.36,15.79,"Equipo_2","Auth","Low","Success"
10.61,6.74,134,1,94.72,17.02,"Equipo_4","Payments","Medium","Success"
9.96,7.49,118,1,73.45,36.99,"Equipo_5","Dashboard","Low","Success"
8.02,7.99,116,3,63.95,14.33,"Equipo_5","Dashboard","Medium","Success"
5.13,11.04,119,2,79.43,14.16,"Equipo_5","Auth","Medium","Success"
10.49,6.27,109,4,54.38,9.63,"Equipo_2","Dashboard","Medium","Success"
4.63,6.4,126,0,77.67,13.5,"Equipo_4","Database","Medium","Failed"
17.48,10.34,118,1,52.7,17.56,"Equipo_5","Dashboard","Low","Success"
14.14,7.47,122,2,67.1,7.09,"Equipo_4","Database","Low","Success"
9.76,9.69,135,1,57.72,28.29,"Equipo_2","Payments","Low","Success"
9.9,8.61,144,0,64.74,0.9,"Equipo_1","Auth","Low","Success"
13.19,12.87,113,3,47.64,2.51,"Equipo_3","Dashboard","Medium","Success"
9.86,9.76,108,2,85.04,15.03,"Equipo_1","Database","Medium","Failed"
14.25,6.63,137,2,95.4,39.97,"Equipo_3","Payments","Medium","Success"
5.35,7.47,125,1,79.35,18.04,"Equipo_3","Payments","Low","Success"
10.63,10.34,130,1,63.35,15.09,"Equipo_1","Database","Low","Failed"
21.31,8.52,131,3,62.16,25.01,"Equipo_4","Auth","Low","Success"
11.18,3.78,96,1,51.52,26.45,"Equipo_3","Database","Low","Success"
19.06,8.35,117,3,61.06,37.17,"Equipo_5","Dashboard","Medium","Success"
8.04,10.4,112,3,47.9,62.94,"Equipo_4","Auth","Low","Success"
9.38,5.43,110,0,62.02,3.48,"Equipo_2","Auth","Low","Success"
12.8,9.98,108,3,82.54,6.59,"Equipo_4","API","Low","Success"
9.4,5.44,118,3,59.76,12.73,"Equipo_2","API","High","Success"
9.32,8.72,115,0,51.75,28.49,"Equipo_5","Dashboard","Medium","Success"
8.7,9.31,128,2,98.87,6.81,"Equipo_3","Database","Medium","Failed"
7.22,3.47,116,4,76.69,33.88,"Equipo_3","API","Low","Success"
5.96,7.6,114,1,95.53,18.81,"Equipo_2","Auth","Low","Failed"
8.67,7.96,119,2,53.57,16.17,"Equipo_3","Dashboard","Low","Rolled_Back"
8.54,5.09,124,2,59.76,21.93,"Equipo_3","Auth","Low","Success"
8.31,7.64,116,3,59.88,9.8,"Equipo_1","Auth","Medium","Success"
8.46,8.05,115,0,99.32,33.73,"Equipo_2","Payments","Low","Success"
7.74,5.44,112,2,76.85,12.21,"Equipo_2","Auth","Medium","Success"
11.69,9.31,107,0,59.29,21.21,"Equipo_4","Database","Low","Failed"
10.08,6.11,134,4,97.88,16.79,"Equipo_2","Payments","Low","Success"
6.7,5.08,124,0,81.18,3.32,"Equipo_5","API","High","Success"
7.05,10.63,129,0,71.51,11.51,"Equipo_2","Database","Low","Success"
4.28,7.53,126,1,56.97,6.09,"Equipo_1","API","Low","Success"
7.56,11.63,118,4,79.75,18.26,"Equipo_2","Database","Medium","Success"
16.43,4.61,123,2,86.13,51.39,"Equipo_4","Auth","Medium","Success"
15.57,8.23,114,3,62.31,11.61,"Equipo_4","API","High","Success"
7.05,7.41,124,1,47.38,8.92,"Equipo_5","Database","Critical","Failed"
10.3,3.96,132,3,45.29,22.8,"Equipo_4","Dashboard","Medium","Success"
17.7,9.82,107,1,67.8,32.54,"Equipo_4","Auth","Medium","Success"
5.56,9.12,126,0,87.14,22.42,"Equipo_4","Dashboard","Medium","Success"
9.23,8.76,106,1,77.91,9.81,"Equipo_5","Auth","Medium","Success"
14.49,7.24,115,3,90.36,19.88,"Equipo_4","Database","Low","Success"
3.25,11.06,113,2,93.04,48.83,"Equipo_3","Auth","Low","Success"
11.11,7.31,112,1,90.39,5.22,"Equipo_3","Database","High","Success"
15.28,5.99,104,1,93.41,31.95,"Equipo_1","Auth","Low","Success"
13.31,8.67,130,3,58.19,20.12,"Equipo_4","Payments","Low","Success"
8.83,6.32,116,0,95.25,3.94,"Equipo_4","Dashboard","Medium","Success"
7.67,1.41,132,0,52.6,18.23,"Equipo_4","Auth","Low","Success"
12.41,8.69,105,0,48.24,6.2,"Equipo_1","API","Medium","Success"
15.23,7.44,127,1,81.25,13.98,"Equipo_5","API","Medium","Success"
12.04,9.63,98,0,61.63,39.41,"Equipo_5","Payments","Medium","Success"
3.7,9.35,115,2,46.46,24,"Equipo_3","Auth","Medium","Success"
9.63,8.61,123,2,83.85,13.52,"Equipo_4","Database","Low","Failed"
5.06,7.09,124,3,46.71,16.23,"Equipo_1","Dashboard","Medium","Success"
4.94,6.08,110,2,59.24,13.99,"Equipo_1","Dashboard","Medium","Success"
9.77,9.67,127,2,59.03,4.02,"Equipo_3","Dashboard","Medium","Success"
8.01,12.47,117,1,49.82,23.3,"Equipo_3","Dashboard","High","Success"
15.25,5.77,116,0,73.1,14.97,"Equipo_5","Auth","Medium","Success"
15.38,11.08,134,4,76.08,10.63,"Equipo_2","Payments","Low","Failed"
13.34,12.66,124,2,47.32,20.04,"Equipo_3","Auth","Medium","Success"
7.3,11.92,114,1,55.76,12.88,"Equipo_2","Payments","Low","Success"
8.61,6.96,102,0,61.78,12.69,"Equipo_3","API","Medium","Success"
10.93,8.3,142,2,66.75,35.21,"Equipo_5","Payments","Low","Success"
4.84,4.1,131,4,54.12,9.33,"Equipo_1","Auth","High","Success"
6.33,7.35,127,4,71.5,32.07,"Equipo_4","Payments","Low","Success"
2.64,6.69,114,3,71.18,37.38,"Equipo_3","API","Medium","Success"
4.79,10.22,126,2,71.21,22.52,"Equipo_1","API","High","Success"
5.59,6.09,146,0,46.88,7.94,"Equipo_4","API","Medium","Success"
15.25,6.37,142,1,68.95,2.32,"Equipo_5","Database","Low","Success"
3.89,8.22,146,3,93.99,20.15,"Equipo_4","Dashboard","Low","Success"
6.17,5.78,102,1,71.12,100.5,"Equipo_3","Auth","Medium","Failed"
9.57,3.73,139,3,64.44,32.95,"Equipo_2","API","High","Success"
12.54,9.09,118,1,45.99,6.62,"Equipo_5","Dashboard","Medium","Failed"
5.53,3.7,112,2,88.38,18.52,"Equipo_3","Database","Low","Success"
7.67,7.17,120,1,80.22,25.07,"Equipo_5","Payments","Low","Success"
4.88,10.84,116,2,71.42,36.09,"Equipo_5","Dashboard","Medium","Success"
16.15,8.97,123,1,88.56,14.18,"Equipo_1","API","Medium","Success"
8.16,9.45,103,0,45.69,29.06,"Equipo_2","Auth","Critical","Success"
8.92,5.5,129,1,78.62,11.64,"Equipo_2","Auth","Low","Success"
7.06,4.83,117,0,63.36,38.01,"Equipo_1","Payments","Low","Failed"
7.73,10.06,121,0,72.03,6.51,"Equipo_2","API","Low","Success"
8.6,4.95,123,1,95.72,1.68,"Equipo_5","API","High","Success"
5.78,11.32,122,1,62.76,19.99,"Equipo_1","Auth","Medium","Success"
5.67,8.9,102,2,87.87,5.96,"Equipo_1","Auth","Medium","Success"
12.71,8.12,127,4,76.2,32.02,"Equipo_5","API","Medium","Failed"
6.33,8.78,111,0,75.85,13.33,"Equipo_2","Auth","Low","Success"
13.46,4.86,124,0,97.35,28.83,"Equipo_1","Dashboard","High","Success"
10.08,9.2,117,2,86.55,49.02,"Equipo_5","Dashboard","Low","Success"
8.56,10.57,104,1,80,9.89,"Equipo_5","Database","Medium","Success"
11.93,5.63,142,0,45.32,27.83,"Equipo_3","Auth","Low","Success"
9.71,7.56,123,1,91.92,12.78,"Equipo_1","Auth","Medium","Success"
12.01,5.87,138,2,71.46,35.48,"Equipo_1","Auth","Critical","Success"
6.01,8.24,118,0,71.29,41.18,"Equipo_5","Database","Medium","Success"
9.74,6.91,125,2,98.37,10.76,"Equipo_4","Payments","High","Success"
9.69,10.45,120,2,66.44,12.86,"Equipo_4","Dashboard","Low","Failed"
12.11,5.05,143,0,59.24,24.85,"Equipo_4","API","Medium","Success"
10.94,7.75,123,0,45.08,11.79,"Equipo_3","Dashboard","Low","Success"
12.62,8.1,123,2,86.13,20.75,"Equipo_1","Database","Medium","Success"
7.21,3.47,118,2,56.32,6.31,"Equipo_3","Auth","Medium","Success"
12.46,7.37,131,0,58,8.33,"Equipo_2","Payments","Low","Success"
10.54,5.7,148,3,81.47,25.96,"Equipo_3","Dashboard","Critical","Success"
14.5,6.34,91,3,89.68,8.74,"Equipo_1","Database","Medium","Success"
11.79,9.78,131,0,79.6,7.86,"Equipo_3","Payments","Low","Failed"
7.82,10,121,1,65.11,15.16,"Equipo_1","Dashboard","Low","Rolled_Back"
5.78,4.81,118,1,48.78,11.67,"Equipo_4","Auth","Critical","Success"
10.25,7.76,101,5,71.25,5.52,"Equipo_1","Payments","Medium","Success"
8.39,4.04,123,2,84.91,15.95,"Equipo_2","Database","Low","Success"
5.07,10.1,116,3,59.73,29.65,"Equipo_3","Payments","Medium","Success"
3.6,6.61,128,2,69.53,8.71,"Equipo_1","Payments","Low","Success"
9.39,10.47,116,1,84.06,23.87,"Equipo_2","Database","Critical","Failed"
10.54,4.84,127,0,80.45,18.77,"Equipo_4","Payments","Low","Success"
6.94,11.2,105,2,93.18,2.58,"Equipo_2","Database","Medium","Success"
6.28,6.48,126,1,56.9,9.37,"Equipo_4","API","High","Success"
5,6,117,4,90.28,6.08,"Equipo_1","Database","Low","Failed"
18.01,6.89,135,1,66.58,30.38,"Equipo_4","Auth","Low","Success"
10.45,5.29,124,1,46.22,4.4,"Equipo_4","Payments","Critical","Success"
19.82,2.51,118,1,66.96,18.83,"Equipo_1","Payments","Medium","Failed"
9.81,8.03,129,5,70.18,33.54,"Equipo_3","Dashboard","Medium","Success"
5.42,12.54,132,2,61.6,21.96,"Equipo_1","Database","High","Success"
9.82,8.24,109,1,48.6,1.61,"Equipo_1","Auth","High","Success"
8.71,8.66,122,1,97.18,20.22,"Equipo_4","Payments","Low","Success"
9.28,12.26,109,0,82.26,8.79,"Equipo_1","Payments","Medium","Rolled_Back"
5.41,7.37,132,3,60.2,23.44,"Equipo_4","Auth","Low","Success"
15.43,5.8,145,2,83.01,78.22,"Equipo_1","Auth","Low","Success"
9.74,8.85,101,2,88.06,7.27,"Equipo_5","API","Low","Success"
11.62,7.86,128,4,84.63,9.71,"Equipo_2","Auth","Medium","Success"
9.99,7.22,108,3,55.99,21.17,"Equipo_3","API","Critical","Success"
6.59,8.59,115,1,72.62,2.82,"Equipo_2","API","Low","Success"
9.49,7.28,114,0,92,9.99,"Equipo_1","Database","Medium","Success"
6.9,6.04,132,0,90.95,14.1,"Equipo_4","Auth","Medium","Success"
11.86,3.72,114,1,45.25,34.66,"Equipo_1","Database","Medium","Rolled_Back"
15.03,5.58,118,1,45.03,19.16,"Equipo_5","Database","Medium","Success"
3.74,6.23,127,3,99.87,13.81,"Equipo_4","Auth","Low","Success"
7.46,8.69,128,1,65.57,3.69,"Equipo_2","Auth","Low","Success"
6.65,7.39,119,2,46.87,26.11,"Equipo_1","API","Low","Success"
6.21,6.12,115,1,65.34,35.08,"Equipo_5","Auth","Low","Success"
9.21,4.68,135,2,49,17.21,"Equipo_2","API","Medium","Success"
10.83,8.09,113,2,89.33,0.7,"Equipo_1","Database","Low","Success"
7.3,10.84,108,2,85.31,29.57,"Equipo_2","API","High","Success"
3.33,6.07,131,2,80.67,11.86,"Equipo_2","Database","Medium","Failed"
5.35,10.96,107,3,98.03,16.16,"Equipo_4","Dashboard","High","Success"
16.05,6.39,121,3,95.36,8.38,"Equipo_3","API","High","Rolled_Back"
9.88,14.27,126,1,71.55,26.44,"Equipo_5","Dashboard","Critical","Success"
21.23,6.99,107,7,53.83,18.13,"Equipo_1","Database","Low","Success"
12.88,10.4,110,0,85.95,11.96,"Equipo_2","Auth","Medium","Success"
10.06,9.19,126,0,51.89,17.69,"Equipo_2","Payments","Low","Success"
8.93,7.62,106,1,68.31,21.53,"Equipo_1","Dashboard","Medium","Success"
12.92,5.3,118,3,63.37,2.57,"Equipo_1","Dashboard","High","Success"
9.94,8.67,124,1,58.08,8.31,"Equipo_4","Dashboard","Medium","Success"
6.5,10.55,131,1,86.99,18.35,"Equipo_3","Auth","Low","Success"
11.94,7.68,137,1,71.91,32.98,"Equipo_5","Database","Medium","Success"
6.01,7.43,120,2,92.35,21.21,"Equipo_5","Dashboard","Low","Success"
7.15,12.7,125,1,92.28,41.94,"Equipo_5","Payments","High","Success"
10.93,5.95,122,2,86.53,44.06,"Equipo_1","Auth","Low","Success"
7.11,7.26,121,0,50.96,17.39,"Equipo_3","API","High","Success"
4.18,6.53,125,2,71.5,3.27,"Equipo_1","Payments","Low","Success"
10.98,12.59,110,6,58.92,15.36,"Equipo_3","API","Low","Success"
10.64,10.46,134,1,59.54,17.7,"Equipo_4","Database","Medium","Success"
16.69,8.87,126,1,57.19,24.7,"Equipo_1","Dashboard","Low","Failed"
18.22,7.15,122,2,94.12,22.29,"Equipo_2","Auth","Medium","Success"
4.62,11.03,147,3,58.92,13.45,"Equipo_1","Dashboard","Medium","Success"
6.5,9.91,118,3,78,32,"Equipo_2","Auth","High","Success"
9.58,8.96,123,1,64.44,7.06,"Equipo_1","Auth","Medium","Success"
15.59,7.69,119,1,80.85,5.87,"Equipo_2","Auth","Low","Success"
8.37,8.56,124,1,46.5,17.35,"Equipo_4","Payments","Medium","Rolled_Back"
6.15,3.52,132,0,76.89,8.6,"Equipo_2","Database","Medium","Success"
6.41,1.63,122,0,85.5,4.73,"Equipo_3","API","Low","Success"
5.84,9.53,120,2,67.01,27.66,"Equipo_5","Payments","Low","Success"
19.53,11.58,132,2,97.55,28.28,"Equipo_2","Auth","Low","Success"
6.85,6.46,114,1,76.19,13.35,"Equipo_1","Database","Medium","Success"
15.13,11.85,109,2,94.11,9.21,"Equipo_3","Payments","Critical","Success"
11.7,9.76,115,1,98.53,16.9,"Equipo_3","Database","Low","Success"
10.33,11.62,134,3,92.45,14.95,"Equipo_3","Auth","High","Success"
9.01,11.6,116,0,51.9,11.17,"Equipo_1","Dashboard","High","Success"
9.39,7.27,125,0,95.32,28.94,"Equipo_2","Auth","High","Rolled_Back"
12.1,9.31,127,2,60.55,41.37,"Equipo_3","Auth","High","Success"
10.81,8.4,124,1,90.65,1.29,"Equipo_2","Auth","High","Failed"
4.52,5.8,131,0,55.84,16.13,"Equipo_2","Auth","Low","Success"
8.55,8.75,137,2,65.94,38.35,"Equipo_2","Database","Low","Rolled_Back"
9.38,6.96,139,1,85.38,3.94,"Equipo_3","Payments","Low","Success"
10.19,10.2,118,2,98.65,40.74,"Equipo_3","Dashboard","Medium","Success"
7.62,9.09,128,1,52.17,17.31,"Equipo_2","Auth","Low","Success"
16.21,8.25,137,2,84.89,4.37,"Equipo_1","Dashboard","Low","Rolled_Back"
5.81,11.49,114,2,64.9,22.54,"Equipo_2","Dashboard","Low","Failed"
16.35,9.23,126,2,97.54,12.72,"Equipo_1","Database","Medium","Success"
5.52,12.04,104,3,90.34,12.85,"Equipo_2","API","Low","Success"
7.16,2.19,109,6,72.55,14.67,"Equipo_2","Payments","Medium","Success"
10.15,9.93,112,1,77.74,39.84,"Equipo_4","Auth","High","Success"
16.53,4.24,120,2,94.63,17.35,"Equipo_5","Database","Low","Success"
9.66,9.32,127,1,71.8,18.31,"Equipo_2","Payments","Low","Success"
12.68,5.72,126,1,72.43,38.46,"Equipo_1","Auth","Low","Success"
2.13,7.73,119,2,97.49,10.92,"Equipo_5","Database","High","Rolled_Back"
3.23,8.64,145,2,55.85,33.99,"Equipo_2","API","Critical","Success"
7.64,11.48,135,1,46.42,30.39,"Equipo_4","Payments","Low","Success"
7.38,8.02,118,1,49.75,9.77,"Equipo_2","Payments","Low","Success"
14.78,11.22,102,1,70.62,37.38,"Equipo_2","Auth","Low","Success"
18.15,9.79,103,0,53.8,5,"Equipo_2","Auth","Medium","Success"
5.11,5.69,108,1,53.7,22.42,"Equipo_5","Payments","Low","Success"
6.36,6.76,120,2,91.16,11.92,"Equipo_1","Auth","Low","Success"
6.32,0.5,112,3,89.84,53.41,"Equipo_4","Auth","High","Success"
4.32,6.27,117,0,76.97,21,"Equipo_1","API","Medium","Success"
23.52,8.75,108,1,69.15,3.32,"Equipo_3","Dashboard","Medium","Success"
12.33,7.83,124,2,61.88,3.3,"Equipo_4","API","High","Rolled_Back"
22.63,5.83,116,3,81.09,5.06,"Equipo_4","API","High","Success"
14.7,6.33,124,2,45.86,26.81,"Equipo_3","Auth","Low","Success"
17.29,8.42,131,3,68.93,41.57,"Equipo_5","Payments","High","Success"
8.36,8.18,126,1,80.99,1.45,"Equipo_5","Database","High","Success"
9.19,2.5,132,0,89.85,18.27,"Equipo_3","Auth","Low","Success"
6.01,5.7,96,0,82.07,16.07,"Equipo_1","Auth","Medium","Success"
12.25,7.82,107,0,72.54,9.24,"Equipo_4","Dashboard","High","Success"
9.8,10.18,130,5,53.85,32.22,"Equipo_1","API","Low","Success"
9.24,2.87,117,3,45.83,1.11,"Equipo_2","Payments","High","Success"
4.58,7.82,116,2,66.42,45.71,"Equipo_3","Database","Medium","Success"
2.82,4.76,118,3,66.46,30.16,"Equipo_1","Payments","High","Success"
5.85,9.98,120,1,52.8,16.92,"Equipo_4","Auth","Low","Rolled_Back"
6.55,6.88,117,2,47.63,10.95,"Equipo_5","Database","Medium","Success"
6.86,7.01,132,4,48.77,61.75,"Equipo_5","Auth","High","Success"
5.48,5.91,121,3,53.41,25.85,"Equipo_1","API","Critical","Success"
6.41,4.12,150,1,89.89,9.36,"Equipo_2","Dashboard","Medium","Success"
12.1,4.79,106,1,56.09,24.85,"Equipo_3","Auth","Critical","Rolled_Back"
12.9,6.87,142,2,97.22,40.25,"Equipo_2","Auth","High","Success"
9.53,9.34,132,1,64.83,67.34,"Equipo_1","API","High","Rolled_Back"
5.97,8.89,124,2,53.84,17.27,"Equipo_1","Auth","Medium","Success"
8.95,12.41,94,3,73.98,58.87,"Equipo_4","API","Medium","Success"
18.11,8.67,124,1,68.67,15.66,"Equipo_1","Database","Low","Success"
11.26,6.76,110,1,67.67,14.95,"Equipo_4","Auth","Medium","Success"
18.62,9.36,105,1,93.96,3.82,"Equipo_4","Payments","Critical","Success"
6.6,7.16,117,2,51.91,7.3,"Equipo_1","Database","Low","Success"
10.92,11.35,143,1,70.99,14.89,"Equipo_1","Auth","Low","Success"
3.51,8.18,134,2,94.23,47.19,"Equipo_3","Payments","Low","Success"
18.09,13.89,139,0,78.07,9.19,"Equipo_4","Payments","Medium","Success"
14.69,2.33,124,0,62.22,24.47,"Equipo_2","API","Low","Success"
14.28,4.82,142,2,95.84,14.86,"Equipo_1","Auth","Medium","Success"
15.79,9.87,107,3,74.25,41.95,"Equipo_2","Dashboard","Low","Success"
6.21,9.55,108,1,57.81,17.62,"Equipo_3","Database","Low","Success"
14.06,7.98,120,0,71.96,12.3,"Equipo_2","Database","High","Success"
8.87,2.71,123,1,76.73,34.24,"Equipo_2","Payments","Low","Success"
15.07,5.86,121,2,83.19,52.01,"Equipo_2","Auth","Low","Rolled_Back"
5.01,10.65,125,0,93.73,11.56,"Equipo_2","Database","Critical","Success"
9.14,10.51,107,0,47.3,27.38,"Equipo_2","Dashboard","High","Success"
8.43,6.65,145,2,72.8,5.09,"Equipo_3","Payments","Low","Success"
6.01,6.95,153,1,93.61,25.77,"Equipo_4","API","Low","Success"
17,4.08,132,1,88.02,53.31,"Equipo_2","Dashboard","High","Success"
21.51,7.73,132,1,62.63,19.52,"Equipo_4","Auth","Medium","Success"
8.85,9.01,127,4,75.23,37.67,"Equipo_3","Payments","Medium","Success"
13.26,9.5,118,2,81.37,8.97,"Equipo_5","Dashboard","Low","Success"
9.65,13,113,4,61.54,25.83,"Equipo_2","Auth","Medium","Success"
4.91,11.54,132,1,59.66,14.98,"Equipo_5","Database","Low","Success"
11.19,10.13,107,1,87.26,5.19,"Equipo_1","Auth","High","Success"
9.35,4.91,110,0,81.98,12.78,"Equipo_3","API","Medium","Success"
3.03,8.11,115,0,87.42,17.15,"Equipo_3","Payments","Medium","Success"
11.56,9.93,121,0,76.34,2.58,"Equipo_3","Dashboard","Critical","Success"
9.79,5.85,117,1,76.03,27.33,"Equipo_5","Database","Low","Success"
5.94,5.45,118,0,68.93,12.51,"Equipo_5","Auth","Medium","Success"
12.7,4.14,109,0,60.25,5.73,"Equipo_5","Payments","Low","Success"
10.61,7.94,135,2,70.53,32.25,"Equipo_1","Payments","Low","Success"
6.37,5.49,125,1,70.36,41.07,"Equipo_3","API","Low","Failed"
6.3,5.78,124,1,57.15,5.21,"Equipo_4","Database","High","Failed"
6.37,6.71,120,4,99.3,15.92,"Equipo_2","Auth","Low","Success"
7.83,7.89,102,0,57.38,15.36,"Equipo_2","Payments","High","Success"
7.08,8.79,137,0,71.8,5.83,"Equipo_1","Payments","High","Success"
3.23,5.87,102,1,75.23,17.68,"Equipo_2","Auth","Critical","Success"
14.33,7.57,115,2,52.7,12.6,"Equipo_5","Dashboard","Low","Success"
7.21,10.5,123,0,74.31,22.64,"Equipo_5","API","High","Success"
11.2,9.48,113,1,87.37,13.95,"Equipo_5","Dashboard","Medium","Success"
10.97,14.32,110,3,63.28,16.7,"Equipo_3","Dashboard","Low","Failed"
9.87,5.93,120,1,54.66,15.43,"Equipo_5","Payments","Low","Failed"
6.89,8.27,129,1,65,10.76,"Equipo_2","Dashboard","High","Success"
9.71,7.84,118,2,55.33,13.37,"Equipo_3","API","Low","Success"
7.44,12.87,115,2,48.8,54.37,"Equipo_1","Dashboard","High","Success"
5.71,6.67,127,1,80.31,40.65,"Equipo_5","Auth","Low","Success"
7.91,6.18,104,0,69.65,26.8,"Equipo_5","API","Low","Success"
12.44,10.26,121,0,98.43,26.09,"Equipo_4","Database","High","Success"
15.48,11,110,1,97.92,34.76,"Equipo_1","Auth","Critical","Success"
10.22,10.43,118,4,72.01,25.62,"Equipo_3","Payments","High","Success"
8.52,5.58,144,2,97.4,42.94,"Equipo_5","API","Critical","Success"
2.62,7.14,143,0,74.62,28.74,"Equipo_4","API","High","Success"
10.14,14.09,126,1,98.72,6.3,"Equipo_5","Database","Low","Success"
7.63,3.35,122,1,63.85,7.01,"Equipo_2","Dashboard","High","Success"
7.01,12.56,106,0,86.42,24.03,"Equipo_2","Payments","Medium","Success"
14.87,10.03,119,3,97.86,5.17,"Equipo_1","Payments","High","Success"
22.42,6.45,104,3,97.91,16.73,"Equipo_5","Payments","Low","Success"
11.08,7.28,112,2,91.02,62.18,"Equipo_2","API","Low","Success"
8.6,5.52,125,2,68.5,22.96,"Equipo_2","Dashboard","Medium","Success"
4.51,7.08,116,2,98.59,16.69,"Equipo_2","Payments","Medium","Success"
17.78,8.99,129,1,76.85,17.71,"Equipo_5","Auth","Low","Success"
8.03,9.63,108,1,66.82,15.98,"Equipo_5","Database","High","Rolled_Back"
16.05,3.07,141,1,59.94,35.75,"Equipo_1","Dashboard","Medium","Success"
8.82,7.11,124,1,69.03,8.82,"Equipo_4","Payments","Low","Success"
9.39,7.19,133,1,88.23,13.21,"Equipo_1","Database","Low","Success"
6.74,6.21,96,3,48,47.78,"Equipo_4","Dashboard","Medium","Rolled_Back"
7.3,10.02,112,0,51.53,44.53,"Equipo_5","Auth","Low","Success"
5.33,10.77,129,2,55.63,3.59,"Equipo_3","Database","Critical","Success"
19.5,9.52,122,1,96.48,26.74,"Equipo_4","Payments","Low","Rolled_Back"
17.31,5.77,111,2,82.03,8.18,"Equipo_3","Payments","Low","Success"
3.19,8.14,120,0,85.37,16.12,"Equipo_3","API","High","Success"
9.45,9.43,114,2,85.75,20.97,"Equipo_5","Auth","Medium","Success"
16.9,9.04,99,1,77.77,25.43,"Equipo_2","Auth","Low","Success"
7.9,4.85,119,3,67.34,11.21,"Equipo_2","Payments","High","Success"
6.93,7.31,118,1,90.25,14.55,"Equipo_1","Payments","Medium","Success"
10.23,6.24,115,3,90.86,37.12,"Equipo_2","API","Low","Success"
13.25,8.11,129,2,55.06,12.52,"Equipo_5","Dashboard","Medium","Success"
14.48,7.93,131,0,97.41,3.9,"Equipo_2","Database","Low","Success"
3.89,5.71,121,4,79.99,3.21,"Equipo_5","Dashboard","Low","Failed"
9.38,13.81,122,1,77.84,21.22,"Equipo_2","Auth","Low","Success"
14.37,11.53,131,2,53.18,11.17,"Equipo_5","API","Medium","Success"
15.61,11.2,113,2,93.18,16.94,"Equipo_1","Database","Low","Success"
7.79,4.29,129,1,66.71,80.13,"Equipo_5","Auth","Low","Success"
5.2,10.5,125,1,63.89,11.17,"Equipo_1","API","Low","Success"
15.45,6.86,141,4,92.71,24.05,"Equipo_2","Auth","Medium","Success"
12.05,8.2,111,1,45.86,4.21,"Equipo_1","Database","Medium","Success"
12.02,1.58,136,2,83.79,28.12,"Equipo_3","Auth","Low","Success"
13.26,7.24,134,1,61.47,45.55,"Equipo_4","API","Low","Success"
6.56,9.29,113,0,85.3,26.14,"Equipo_1","Auth","Medium","Success"
8.82,2.82,127,0,49.57,11.74,"Equipo_4","API","Medium","Success"
4.33,7.93,127,3,89.03,40.02,"Equipo_4","Auth","Critical","Success"
18.85,6.78,108,2,67.81,41.4,"Equipo_3","Payments","High","Success"
11.97,12.62,119,1,49.67,27.49,"Equipo_4","Dashboard","Low","Success"
5.3,7.67,117,3,89.73,8.52,"Equipo_3","Database","Medium","Success"
2.9,7.04,112,1,74.51,10.76,"Equipo_2","Auth","Low","Success"
9.48,8.77,125,1,61.45,1.63,"Equipo_2","API","Low","Success"
19.24,5.58,131,0,87.15,39.79,"Equipo_5","Payments","Medium","Success"
11.83,8.97,103,1,87.06,1.2,"Equipo_3","Database","Low","Success"
5.92,8.75,120,3,98.25,6.84,"Equipo_2","Payments","Low","Success"
6.31,3.03,136,2,51.74,47.03,"Equipo_3","Payments","Medium","Failed"
16.65,7.31,126,1,48.9,39.79,"Equipo_3","Payments","Medium","Success"
6.54,6.58,119,1,68.81,1.29,"Equipo_2","API","Low","Success"
4.84,6.85,123,2,91.25,11.61,"Equipo_5","Auth","Medium","Success"
9.54,6.35,129,4,76.71,10.27,"Equipo_4","API","Medium","Success"
10.13,11.31,138,2,46.18,14.79,"Equipo_5","Auth","Low","Success"
7.87,6.47,127,1,67.23,38.04,"Equipo_2","Dashboard","Medium","Success"
6.28,9.54,99,1,51.23,20.87,"Equipo_4","API","Medium","Success"
7.3,10.82,117,0,73.5,9.35,"Equipo_1","API","Low","Failed"
14.97,6.35,117,1,99.33,4.77,"Equipo_4","API","Low","Success"
4.26,7.53,126,0,65.93,9.24,"Equipo_2","Auth","Critical","Success"
13.63,2.78,140,1,92.18,24.34,"Equipo_1","Auth","Low","Success"
3.54,8.78,104,3,88.98,33.68,"Equipo_4","Database","Medium","Failed"
7.66,5.51,130,1,65.26,16.69,"Equipo_1","Dashboard","Low","Success"
10.7,10.18,107,3,69.95,26.7,"Equipo_3","Dashboard","High","Success"
4.3,8.76,127,0,59.17,35.8,"Equipo_5","Dashboard","Critical","Success"
6.48,9.39,132,2,46.98,33.88,"Equipo_5","Payments","Medium","Success"
7.04,10.17,140,2,87.35,7.39,"Equipo_4","Payments","Medium","Success"
7.73,7.74,130,1,65.73,9.11,"Equipo_5","Dashboard","Medium","Success"
14.66,8.47,133,0,83.9,19.46,"Equipo_2","Database","Medium","Success"
8.23,9.44,107,1,96.11,20.53,"Equipo_5","Database","Low","Rolled_Back"
8.37,7.3,131,0,88.86,9.39,"Equipo_2","Dashboard","Critical","Success"
5.18,6.61,109,3,60.16,14.8,"Equipo_4","API","Medium","Success"
5.52,10.1,123,1,96.49,39.15,"Equipo_2","Database","Medium","Rolled_Back"
13.22,8.07,118,2,99.83,4.6,"Equipo_5","Payments","Low","Success"
14.65,9.87,101,0,92.4,41.08,"Equipo_4","Database","Low","Success"
14.52,8.95,116,2,61.37,42.71,"Equipo_1","Auth","Medium","Success"
9.69,6.87,114,3,52.38,16.25,"Equipo_1","Payments","Low","Success"
10.06,7.71,103,4,51.63,14.04,"Equipo_1","Auth","Low","Success"
8.2,8.87,114,2,78.48,13.17,"Equipo_4","Database","Medium","Success"
1.56,7.77,111,3,87.95,12.4,"Equipo_5","Payments","High","Success"
3.37,6.67,120,0,71.51,8.12,"Equipo_4","Database","Low","Success"
15.12,3.94,107,1,98.93,5.85,"Equipo_1","Auth","Low","Success"
8.66,10.16,135,1,60.38,34.1,"Equipo_4","Database","Medium","Rolled_Back"
13.47,5.83,137,2,72.16,4.16,"Equipo_2","Payments","Low","Failed"
5.37,6.93,115,3,92.59,25.64,"Equipo_2","Auth","Medium","Success"
11.21,7.16,105,2,65.69,30.93,"Equipo_2","Payments","Low","Failed"
12.87,9.05,125,0,59.71,54.58,"Equipo_1","Payments","Low","Success"
13.47,7.77,130,2,49.42,17.96,"Equipo_5","Dashboard","Low","Success"
14.62,7.07,113,1,69.46,7.76,"Equipo_5","Database","Medium","Success"
7.3,6.09,133,0,89.76,76.38,"Equipo_5","API","Low","Failed"
6.71,9.83,105,1,53.03,2.26,"Equipo_5","Dashboard","Medium","Failed"
4.37,8.24,106,2,65.27,8.06,"Equipo_3","API","Low","Success"
12.07,14.22,116,1,89.74,27.25,"Equipo_3","Dashboard","Medium","Success"
2.99,2.97,124,2,56.36,9.46,"Equipo_1","Auth","Low","Success"
14.94,12.03,114,1,67.59,35.2,"Equipo_1","Auth","Low","Success"
12.82,5.9,114,1,63.24,9.31,"Equipo_2","Dashboard","High","Success"
4.48,7.34,124,0,50.36,29.41,"Equipo_1","API","Low","Failed"
7.59,9.81,125,1,89.65,9.63,"Equipo_5","Dashboard","Low","Success"
13.23,9.59,140,3,97.16,11.43,"Equipo_3","API","Low","Success"
5.41,8.7,136,2,58.56,13.72,"Equipo_4","Auth","Low","Success"
11.54,7.02,121,2,87.26,16.93,"Equipo_3","Auth","Low","Success"
3.48,6.43,123,1,54.78,62.25,"Equipo_2","Dashboard","Low","Success"
14.08,14.97,121,3,73.97,25.54,"Equipo_2","Dashboard","Low","Success"
5.1,0.5,129,2,60.23,5.43,"Equipo_5","API","Medium","Success"
16.17,8.94,135,1,72.07,21.9,"Equipo_2","Database","Medium","Success"
13.17,9.05,123,2,92.86,13.63,"Equipo_2","API","Medium","Success"
6.09,7.83,119,2,75.05,31.82,"Equipo_5","API","Medium","Failed"
6.66,8.4,133,3,71.31,26.24,"Equipo_5","Database","Low","Success"
23.38,9,113,1,54.74,4.85,"Equipo_2","Auth","Low","Success"
11.31,8.81,102,0,79.91,7.95,"Equipo_1","Payments","Medium","Success"
3.83,9.13,110,1,76.75,2.89,"Equipo_5","Payments","Low","Success"
9.32,12.7,98,0,72.42,15.8,"Equipo_2","Payments","Medium","Success"
5.08,4.84,107,4,53.28,4.13,"Equipo_1","Auth","Low","Failed"
7.83,7.78,128,0,53.79,10.56,"Equipo_4","Payments","Medium","Success"
12.76,7.17,111,1,65.31,25.9,"Equipo_2","API","Medium","Success"
5.69,8.37,131,1,52.04,8.97,"Equipo_5","Database","Medium","Success"
4.77,7.87,116,2,90.72,26.03,"Equipo_5","Dashboard","Low","Success"
5.75,5.21,128,0,91.29,9.05,"Equipo_5","Payments","Critical","Success"
8.29,7.08,139,0,59.82,14.67,"Equipo_5","Dashboard","Medium","Success"
10.92,8.64,114,1,75.43,9.88,"Equipo_2","Payments","Medium","Failed"
12.77,7.83,112,3,61.43,7.65,"Equipo_4","API","Low","Success"
13.33,9.51,108,0,71.65,27.62,"Equipo_3","Database","Medium","Success"
11.46,9.81,113,1,95.66,38.82,"Equipo_4","Database","Low","Success"
21.86,6.76,126,1,79.87,11.46,"Equipo_1","Auth","Medium","Success"
6.62,5.79,118,1,49.76,17.88,"Equipo_2","Dashboard","Medium","Success"
23.86,6.93,102,1,81.12,20.98,"Equipo_3","API","Medium","Success"
7.09,7.38,108,2,66.11,11.39,"Equipo_1","Database","Medium","Failed"
20.79,4.71,108,1,97.02,56.83,"Equipo_5","API","Medium","Success"
5.86,4.49,148,3,72.15,11.82,"Equipo_5","Payments","Medium","Success"
5.42,5.21,111,2,47.08,20,"Equipo_5","API","Medium","Success"
9.42,10.63,127,0,90.86,23.76,"Equipo_5","API","Medium","Rolled_Back"
5.92,9.68,134,2,86.52,26.77,"Equipo_4","Auth","High","Success"
15.17,10.26,133,0,54.4,10.24,"Equipo_1","API","Medium","Success"
18.15,6.95,101,1,67.82,29.27,"Equipo_2","Database","Medium","Success"
6.63,5.46,114,0,87.47,15.22,"Equipo_5","Auth","Critical","Success"
7.45,8.48,123,0,59.23,37.31,"Equipo_2","Dashboard","Low","Failed"
6.74,11.02,137,0,59.43,13.54,"Equipo_1","Dashboard","Medium","Success"
10.11,7.4,107,1,67.05,0.52,"Equipo_3","Dashboard","Medium","Success"
13.96,8.85,123,1,69.92,11.1,"Equipo_3","Auth","Low","Failed"
12.27,8.66,133,4,76.89,11.49,"Equipo_3","Payments","Low","Failed"
22.1,10.2,132,2,58.38,18.48,"Equipo_2","API","Medium","Success"
19.49,7.27,115,1,94.07,15.67,"Equipo_2","Dashboard","Medium","Failed"
14.53,8.72,120,1,75.85,28.63,"Equipo_1","Dashboard","Low","Success"
2.49,6.66,117,1,62.78,17.39,"Equipo_2","Database","Low","Success"
7.56,9.33,121,2,91.48,14.8,"Equipo_5","API","Medium","Success"
12.84,6.12,123,2,75.9,5.41,"Equipo_2","Auth","Low","Success"
6.2,8.28,111,2,51.19,2.25,"Equipo_2","API","Low","Success"
12.04,11.08,97,3,61.71,16.75,"Equipo_5","Payments","High","Success"
13.51,7.67,120,4,84.68,24.97,"Equipo_1","API","Medium","Success"
10.28,13.41,122,1,73.78,10.47,"Equipo_3","Payments","Low","Success"
17.57,7.22,110,3,97.73,4.5,"Equipo_2","Dashboard","Low","Success"
13.38,9.32,127,1,64.97,6.3,"Equipo_5","Database","Low","Success"
10.95,4.76,121,1,86.38,13.76,"Equipo_1","Database","Medium","Success"
9.09,7.69,124,0,59.57,6.59,"Equipo_1","Dashboard","Medium","Success"
10.4,4.59,110,2,48.56,12.84,"Equipo_4","Dashboard","Medium","Failed"
11.56,6.12,122,0,74.3,13.14,"Equipo_4","Dashboard","Low","Success"
9.82,4.93,102,1,64.85,37.26,"Equipo_2","Database","Low","Success"
12.38,3.72,121,3,71.21,35.56,"Equipo_3","Dashboard","Medium","Success"
9.58,7.16,105,2,78.08,1.32,"Equipo_5","Auth","Critical","Success"
12.04,3.41,139,3,63.39,6.61,"Equipo_3","Database","Medium","Success"
1.84,7.27,126,2,45.16,16.9,"Equipo_3","Auth","Low","Success"
11.39,10.57,112,1,97.73,16.99,"Equipo_1","Auth","Low","Success"
8.23,8.44,134,3,65.08,14.63,"Equipo_1","Database","Medium","Success"
1.47,5.57,116,2,47.09,80.53,"Equipo_5","Auth","Low","Success"
4.17,5.57,106,0,91.57,45.73,"Equipo_1","Database","Critical","Success"
17.18,9.89,118,0,58.33,0.8,"Equipo_3","Dashboard","Low","Success"
11.03,3.22,134,1,74.59,6.41,"Equipo_4","Dashboard","Low","Success"
12.92,7.83,119,4,92.19,1.01,"Equipo_1","Database","Low","Success"
14.57,4.19,127,0,60.63,28.15,"Equipo_1","Dashboard","Low","Success"
5.48,8.26,123,1,71.98,10.93,"Equipo_5","Payments","Medium","Success"
8.61,3.9,114,1,80.88,11.94,"Equipo_1","Dashboard","Low","Failed"
20.56,8.87,119,1,48.92,12.87,"Equipo_3","Dashboard","Low","Success"
12.3,5.2,128,2,80.59,23.22,"Equipo_3","Payments","Low","Success"
7.42,9.01,115,2,74.92,37.89,"Equipo_1","Dashboard","Low","Success"
6.92,11.08,128,0,56.27,26.95,"Equipo_1","Auth","Medium","Success"
9.1,4.1,103,0,59.16,71.35,"Equipo_1","API","Low","Success"
12.51,5.87,125,4,50.24,5.73,"Equipo_3","API","Low","Success"
10.07,5.08,114,2,68.54,14.33,"Equipo_3","Dashboard","Medium","Success"
9.61,8.45,111,2,87.2,7.62,"Equipo_1","Database","Low","Success"
15.59,10.43,126,0,74.81,30.01,"Equipo_3","Payments","Medium","Failed"
6.1,8.4,126,1,97.99,36.14,"Equipo_1","Auth","Low","Success"
7.4,16.25,120,1,47.69,18.16,"Equipo_4","Payments","Low","Success"
6.15,7.75,123,2,62.15,11.95,"Equipo_3","Database","Medium","Success"
11.58,8.38,121,2,92.74,4.3,"Equipo_4","API","Low","Success"
7.12,7.62,109,3,46.27,11.39,"Equipo_1","Auth","High","Failed"
10.83,9.54,121,3,59.77,6.94,"Equipo_2","Payments","Medium","Success"
2.91,7.64,134,2,92.22,55.62,"Equipo_2","API","Low","Success"
9.58,7.38,107,3,99.56,4.76,"Equipo_1","Payments","High","Rolled_Back"
12.81,6.77,115,0,74.17,15.19,"Equipo_3","API","Low","Success"
15.03,6.04,110,2,73.59,13.64,"Equipo_1","API","High","Success"
7.11,11.35,110,4,77.77,53.37,"Equipo_3","Auth","Medium","Success"
10.76,9.54,108,3,72.9,6.96,"Equipo_3","Auth","Low","Success"
15.84,11.42,127,2,60.85,46.02,"Equipo_4","Database","Critical","Success"
8.26,6.74,121,0,56.49,10.12,"Equipo_4","Payments","Medium","Success"
8.98,8.73,115,2,70.55,27.58,"Equipo_3","Payments","Low","Success"
9.46,8.94,124,2,77.16,14.01,"Equipo_3","Payments","Medium","Success"
14.91,3.91,139,2,97.48,14.07,"Equipo_1","Database","High","Success"
4.72,10.46,126,1,50.73,10.08,"Equipo_2","Payments","Medium","Rolled_Back"
11.6,8.14,112,2,98.56,60.76,"Equipo_3","Payments","Low","Success"
17.57,9.24,127,1,57.36,33.93,"Equipo_5","Dashboard","Low","Success"
8.52,9.6,118,1,93.23,17.3,"Equipo_5","API","Low","Success"
11.6,8.45,118,1,61.31,4.33,"Equipo_2","API","High","Success"
11.43,4.38,128,2,99.89,50.84,"Equipo_4","Payments","Medium","Success"
2.79,9.68,132,0,89.82,38.4,"Equipo_5","Dashboard","Low","Success"
2.46,9.74,118,2,99.63,9.41,"Equipo_5","Auth","Medium","Success"
26.58,7.53,105,1,84.47,50.68,"Equipo_3","API","Medium","Success"
5.13,9.88,112,2,83.5,37.38,"Equipo_3","API","Medium","Success"
8.93,8.11,119,5,97.77,19.23,"Equipo_3","Auth","High","Success"
4.37,3.83,116,0,61.7,10.81,"Equipo_4","Database","Low","Failed"
6.73,9.58,122,2,98.42,29.48,"Equipo_5","API","Low","Success"
10.63,8.82,108,0,65.89,1.77,"Equipo_5","API","High","Success"
17.52,10.73,144,2,91.06,13.26,"Equipo_2","Auth","Low","Success"
13.18,4.98,106,0,50.84,8.18,"Equipo_5","Auth","Low","Failed"
12.94,6.16,110,0,64.27,9.07,"Equipo_5","Auth","High","Failed"
4.77,4.69,124,1,86.6,23.72,"Equipo_2","Payments","Low","Success"
19.87,6.16,116,1,71.82,23.74,"Equipo_5","Dashboard","Low","Success"
23.31,9.61,114,0,86.58,39.02,"Equipo_2","Database","High","Success"
16.49,10.13,119,1,82.78,7.65,"Equipo_4","Dashboard","High","Success"
8.58,7.28,123,0,71.23,26.7,"Equipo_3","Auth","Low","Success"
7.05,6.4,102,1,66.43,5.37,"Equipo_3","Database","Medium","Success"
4.23,5.24,137,1,84.01,10.48,"Equipo_4","Auth","High","Success"
9.11,12.58,120,1,49.66,4.23,"Equipo_4","Payments","Low","Success"
8.94,10.45,119,2,66.52,1.04,"Equipo_1","Auth","Critical","Success"
13.34,5.24,121,1,64.2,10.56,"Equipo_2","Auth","Critical","Success"
8.79,8.37,108,1,50.41,42.17,"Equipo_4","Payments","Medium","Failed"
3.82,7.42,130,0,71.78,29.98,"Equipo_2","API","Medium","Success"
8.45,8.05,127,4,73.94,52.87,"Equipo_2","API","Low","Success"
13.26,8.91,127,1,92.84,35.75,"Equipo_1","Database","Low","Success"
10.02,13.47,114,4,47.3,16.98,"Equipo_5","Auth","Low","Success"
3.15,10.68,122,1,83.36,1.35,"Equipo_1","API","Medium","Success"
8.44,8.99,106,0,60.7,46.18,"Equipo_2","Auth","High","Success"
13.25,5.67,109,0,87.55,46.3,"Equipo_4","Auth","Medium","Failed"
8.59,11.95,117,2,67.2,71.29,"Equipo_2","Payments","High","Success"
12.48,9.58,146,0,66.21,20.91,"Equipo_1","Dashboard","Medium","Success"
2.11,8.77,122,0,50.21,4.41,"Equipo_1","Auth","Medium","Success"
16.15,7.12,123,5,94.06,14.09,"Equipo_2","API","Low","Success"
7.39,4.29,142,2,85.95,29.49,"Equipo_5","Dashboard","Low","Success"
14.83,10.27,102,3,98.68,28.27,"Equipo_2","Database","Medium","Rolled_Back"
10.85,7.64,125,0,83.01,2.4,"Equipo_1","Payments","Medium","Success"
4.79,10.83,126,0,57.11,15.15,"Equipo_3","Dashboard","Medium","Success"
3.46,10.71,127,3,61.17,10.44,"Equipo_3","Payments","Low","Failed"
5.18,7.83,130,2,47.66,7.5,"Equipo_3","Dashboard","Medium","Success"
6.54,6.89,126,1,97.52,21.94,"Equipo_5","Database","Low","Success"
12.76,11.57,123,1,51.11,13.01,"Equipo_4","Dashboard","Medium","Success"
17.74,9.52,129,1,59.11,14.24,"Equipo_3","Payments","Low","Success"
10.02,8.55,117,3,93.01,7.36,"Equipo_4","API","Low","Success"
19.32,11.25,117,1,62.19,7.9,"Equipo_1","Payments","Medium","Success"
5.86,12.94,99,0,56.42,14.29,"Equipo_5","API","Low","Success"
18.64,4.45,116,3,67.67,14.27,"Equipo_2","Payments","High","Success"
13.84,8.92,102,0,47.01,33.99,"Equipo_4","Database","Low","Success"
9.19,10.67,122,1,74.13,23.77,"Equipo_2","Auth","Medium","Success"
4.62,6.38,96,3,62.98,40.14,"Equipo_2","Dashboard","Medium","Success"
7.25,6.7,113,0,58.98,6.74,"Equipo_2","API","Medium","Success"
8.23,4.68,112,1,79.2,21.65,"Equipo_2","Database","Low","Success"
6.86,7.83,130,2,83.21,18.25,"Equipo_3","Dashboard","Medium","Success"
9.8,6.39,132,3,71.84,21.81,"Equipo_5","Auth","Medium","Success"
21.21,5.04,127,1,46.47,21.87,"Equipo_3","Auth","Medium","Success"
8.78,12.33,121,0,52.04,15.18,"Equipo_5","API","High","Success"
8.37,4.98,125,1,62.86,32.16,"Equipo_4","Dashboard","Medium","Success"
10.6,8.13,126,1,66.51,48.24,"Equipo_2","API","Low","Success"
7.91,8.23,133,0,52.76,18.35,"Equipo_4","Database","High","Success"
10.97,9.39,110,1,68.84,15.28,"Equipo_4","Auth","Medium","Success"
6.23,5.22,116,0,69.67,8.1,"Equipo_4","API","Medium","Success"
10.19,8.8,99,0,60.09,58.98,"Equipo_2","API","Medium","Success"
16.8,13.82,121,1,68.94,2.91,"Equipo_4","Dashboard","Low","Rolled_Back"
5.05,11.72,116,4,84.21,6.67,"Equipo_5","Database","Medium","Failed"
22.04,6.19,102,0,74.92,9.45,"Equipo_5","Payments","Low","Success"
5.72,7.29,130,2,94.77,0.65,"Equipo_5","Payments","Low","Success"
10.98,8.75,111,3,81.34,43.79,"Equipo_2","Dashboard","High","Success"
8.51,9.8,118,1,90.92,16.03,"Equipo_2","Payments","High","Success"
8.3,9.03,124,1,95.66,20.07,"Equipo_5","API","High","Success"
16.38,7.5,111,0,46.54,38.31,"Equipo_4","Database","Medium","Success"
29.8,9.96,133,1,67.02,26.12,"Equipo_2","Payments","Medium","Success"
11.36,6.63,129,1,74,12.33,"Equipo_1","Dashboard","Medium","Success"
15.01,8.31,129,1,47.41,4.69,"Equipo_4","Auth","Low","Success"
15.99,8.82,121,2,90.85,16.93,"Equipo_5","Payments","Low","Success"
4.93,8.17,126,0,58.08,12.4,"Equipo_2","Database","Low","Success"
10.59,10.13,114,1,56.65,25.44,"Equipo_1","API","Low","Failed"
19.48,6.14,123,0,92.74,9.92,"Equipo_3","API","High","Success"
11.5,6.48,122,1,93.12,32.31,"Equipo_3","Payments","High","Success"
5.9,8.64,138,1,54.95,10.98,"Equipo_3","Database","Medium","Success"
8.76,6.86,103,2,71.96,14.76,"Equipo_1","Auth","High","Success"
6.21,9.53,132,2,89.97,28.75,"Equipo_4","API","Low","Success"
7.42,4.92,112,3,57.99,63.43,"Equipo_5","API","Medium","Success"
11.92,7.24,101,3,64.83,16.7,"Equipo_5","Auth","Medium","Success"
3.19,3.3,137,3,94.68,8.19,"Equipo_1","Auth","Low","Success"
12.24,12.69,108,1,91.06,3.03,"Equipo_3","Payments","Critical","Success"
7.73,8.72,131,1,93.06,18.59,"Equipo_5","Payments","Medium","Success"
15.69,8.48,113,0,78.65,3.93,"Equipo_1","API","Medium","Success"
10.51,6.98,132,4,69.84,7.74,"Equipo_2","Auth","High","Success"
11.93,7.34,117,0,68.53,24.99,"Equipo_5","Payments","Medium","Success"
7.69,3.52,105,1,73.32,8.17,"Equipo_2","Dashboard","Medium","Success"
8.85,7.8,112,1,71.28,9.44,"Equipo_1","Auth","Low","Failed"
7.89,7.12,119,4,79.02,44.79,"Equipo_2","Auth","Medium","Success"
12.22,9.08,125,3,50.55,44.84,"Equipo_1","Database","Medium","Success"
7.74,6.55,136,0,77.37,17.29,"Equipo_1","Dashboard","Medium","Success"
12.34,8.84,107,0,51.32,17.21,"Equipo_5","Payments","Low","Success"
8.17,8.64,126,2,84.95,12.98,"Equipo_4","Auth","Low","Success"
3.25,12.17,113,1,61.95,3.6,"Equipo_1","API","Medium","Success"
4.07,9.25,135,1,79.47,13.18,"Equipo_2","Dashboard","Low","Failed"
7.11,10.44,122,2,48.32,14.79,"Equipo_2","Auth","Low","Success"
7.46,9.47,118,0,45.72,32.78,"Equipo_1","Database","Medium","Success"
12.01,6.18,113,1,72.66,11.93,"Equipo_5","API","Medium","Success"
10.21,6.64,117,0,68.4,21.52,"Equipo_5","Dashboard","Low","Success"
13.19,7.52,110,1,80.84,15.96,"Equipo_3","Auth","Medium","Success"
15.38,4.93,122,2,59.05,15.22,"Equipo_1","Auth","High","Success"
3.55,10.55,122,3,53.99,7.19,"Equipo_2","API","High","Success"
6.84,7.83,117,3,97.89,32.46,"Equipo_3","Auth","Low","Success"
7.08,8.15,125,3,68.95,11.23,"Equipo_3","API","Low","Success"
7.78,8.62,124,0,48.54,2.72,"Equipo_2","Dashboard","Low","Rolled_Back"
9.23,11.04,111,1,93.2,16.03,"Equipo_1","Database","Medium","Success"
18.45,7.16,107,2,71.09,23.68,"Equipo_2","Dashboard","Low","Success"
9.03,5.49,120,1,61.86,13.33,"Equipo_4","API","Medium","Success"
8.48,9.48,116,2,69.81,23.26,"Equipo_2","API","Medium","Success"
4.97,5.25,123,2,68.7,8.75,"Equipo_3","Dashboard","Medium","Success"
3.4,7.58,116,0,82.78,23.09,"Equipo_4","API","Low","Success"
5.2,8.18,133,1,93.04,25.29,"Equipo_4","Dashboard","Low","Success"
9.87,3.86,118,1,73.76,3.39,"Equipo_1","Auth","Medium","Success"
6.76,7.89,124,3,50.87,22.44,"Equipo_2","API","High","Success"
13.06,10.78,122,2,65.59,6.01,"Equipo_5","Dashboard","High","Success"
4.03,9.55,94,2,46.48,72.19,"Equipo_5","Auth","Medium","Success"
15.28,9.43,132,1,61.79,10.31,"Equipo_2","Database","Medium","Rolled_Back"
11.57,7.85,113,0,98.69,23.91,"Equipo_3","API","Low","Success"
12.09,9.1,130,2,95.92,41.15,"Equipo_3","API","Medium","Success"
10.92,6.83,112,1,92.59,5,"Equipo_1","Database","High","Success"
13.94,11.61,119,4,93.34,4.23,"Equipo_2","Database","Low","Success"
8.13,7.53,139,2,57.35,47.04,"Equipo_3","Payments","Medium","Success"
10.57,12.3,115,2,84.3,12.53,"Equipo_3","Payments","Medium","Rolled_Back"
8.81,2.96,103,1,45.12,18.33,"Equipo_4","Payments","Low","Success"
17.68,6.84,116,1,45.2,53.65,"Equipo_3","API","Low","Failed"
5.87,8.66,119,0,71.74,14.86,"Equipo_3","Payments","Medium","Success"
7.03,12.95,117,0,98.23,52.58,"Equipo_4","Auth","Medium","Success"
10.02,5.72,122,1,98.83,26.2,"Equipo_3","Payments","Low","Success"
8.88,8.62,134,4,50.46,5.28,"Equipo_1","Auth","Medium","Rolled_Back"
6.99,6.29,125,0,77.02,39,"Equipo_2","Auth","Medium","Success"
6.83,6.21,112,1,76.57,6.39,"Equipo_5","Database","Medium","Success"
5.93,10.57,106,1,82.73,3.91,"Equipo_1","Auth","Medium","Success"
6.77,7.74,102,1,73.66,15.97,"Equipo_3","Dashboard","High","Success"
13.88,5.12,121,1,93.37,38.31,"Equipo_1","Dashboard","Medium","Success"
11.99,8.39,119,1,78.37,13.9,"Equipo_2","Auth","Low","Success"
6.92,9.03,138,1,55.03,24.71,"Equipo_2","Database","Medium","Success"
16.46,6.21,143,1,86.27,25.79,"Equipo_5","Database","Medium","Success"
13.86,7.26,127,1,95.76,29.84,"Equipo_5","Auth","High","Success"
14.67,11.42,114,0,69.74,24.53,"Equipo_4","Payments","Critical","Success"
7.99,7.51,118,0,75.54,25.34,"Equipo_2","Auth","Low","Success"
7.98,1.36,109,2,87.75,24.5,"Equipo_2","Auth","Low","Success"
5.84,10.06,111,3,81.05,4.71,"Equipo_3","Auth","High","Success"
17.69,6.37,114,2,72.19,37.33,"Equipo_5","API","Medium","Success"
7.98,8.14,129,6,93.24,42.5,"Equipo_3","API","High","Success"
9.01,9.44,124,1,46.63,27.28,"Equipo_5","Database","Low","Success"
14.72,2.22,113,0,70.24,9.61,"Equipo_2","Database","Critical","Success"
6.31,12.28,117,2,86.52,36.12,"Equipo_5","Payments","Medium","Success"
5.33,12.86,115,2,81.85,37.3,"Equipo_3","Dashboard","Low","Success"
12.62,5.87,126,3,46.69,25.64,"Equipo_1","Database","Medium","Success"
4.83,10.41,112,1,79.02,25.37,"Equipo_3","API","Medium","Success"
8.19,14.85,116,1,59.13,11.09,"Equipo_4","Payments","Medium","Success"
6.14,5.33,117,2,46.97,27.66,"Equipo_3","Payments","Critical","Rolled_Back"
4.48,9.99,108,5,97.95,44.68,"Equipo_2","API","Medium","Success"
12.52,5.52,119,2,70.12,22.6,"Equipo_1","Payments","Low","Success"
8.29,6.48,90,2,82.74,14.38,"Equipo_3","Database","Medium","Rolled_Back"
1.62,7.08,113,3,98.07,15.05,"Equipo_3","Auth","Low","Failed"
12.16,7.56,123,1,88.61,6.71,"Equipo_5","Auth","Medium","Success"
14.01,11.85,105,0,91.5,3.1,"Equipo_5","Dashboard","Medium","Success"
17.9,10.89,111,3,62.68,49.31,"Equipo_2","API","Medium","Success"
16.28,10.65,130,1,72.36,20.53,"Equipo_4","Database","Low","Success"
25.67,9.14,129,1,56.89,30.92,"Equipo_1","Database","Low","Success"
9.95,10.33,110,0,99.28,43.25,"Equipo_2","Payments","Medium","Success"
11.37,7.56,108,1,53.6,6.78,"Equipo_2","Payments","Low","Success"
11.07,6.71,119,2,75.15,9.08,"Equipo_3","Payments","Low","Success"
16.51,5.67,112,0,80.99,29.61,"Equipo_1","Auth","Medium","Failed"
10.56,5.7,89,1,69.31,49.08,"Equipo_3","Database","Low","Success"
7.39,10.22,118,2,72.21,20.11,"Equipo_2","Payments","Low","Success"
7.99,6.77,103,2,50.14,2.67,"Equipo_1","Payments","Low","Success"
7.78,5.02,127,0,66.02,21.25,"Equipo_2","API","Medium","Success"
10.49,12.05,115,2,99.87,1.82,"Equipo_1","Database","Medium","Success"
12.17,11.97,119,3,87.26,48.66,"Equipo_1","API","Low","Failed"
11.34,10.9,128,1,57.22,29.19,"Equipo_5","Database","Low","Failed"
10.15,7.78,127,1,46.26,20.93,"Equipo_1","Auth","Low","Success"
15.59,3.86,109,1,49.23,37.66,"Equipo_1","Dashboard","Medium","Success"
3.85,10.33,133,2,65.07,68.56,"Equipo_5","Database","Low","Rolled_Back"
7.66,8.37,116,0,95.47,18.28,"Equipo_1","Dashboard","High","Success"
8.76,6.4,121,1,82.26,3.74,"Equipo_5","Database","Low","Rolled_Back"
11.23,8.17,109,1,74.48,1.48,"Equipo_2","Database","Medium","Success"
5.62,7.08,136,1,97.22,42.27,"Equipo_2","API","Low","Success"
14.86,10.6,130,0,87.21,3.89,"Equipo_2","API","High","Success"
9.59,4.67,113,3,55.89,34.42,"Equipo_2","Database","Critical","Success"
13.94,11.08,129,2,81.98,7.85,"Equipo_5","Payments","Medium","Success"
9.36,7.1,132,1,51.05,11.79,"Equipo_5","Database","Low","Success"
3.81,9.62,125,2,78.42,41.41,"Equipo_1","Payments","Medium","Success"
9.97,6.13,113,1,83.39,15.23,"Equipo_1","API","Low","Success"
11.22,9.64,122,1,88.09,7.37,"Equipo_1","API","Medium","Success"
5.62,4,124,1,65.94,3.03,"Equipo_3","Dashboard","Low","Success"
8.97,5.35,123,0,68.95,16.12,"Equipo_4","API","High","Success"
7.39,11.31,114,1,65.62,10.03,"Equipo_2","Payments","Medium","Success"
6.49,1.52,95,2,54.86,12.04,"Equipo_1","Auth","High","Success"
9.02,9.73,109,0,47.99,15.45,"Equipo_1","API","Medium","Success"
2.98,8.03,119,2,74.45,36.69,"Equipo_5","Database","Low","Success"
7.77,4.93,122,2,85.98,4.64,"Equipo_3","Dashboard","Low","Success"
18,6.62,129,1,89.22,17.6,"Equipo_3","Dashboard","Medium","Success"
5.3,8.65,106,4,83.23,8.64,"Equipo_2","Auth","Medium","Success"
8.81,7.56,108,1,73.76,27.51,"Equipo_5","API","Medium","Success"
7.65,9.12,133,4,78.5,9.35,"Equipo_5","Database","Medium","Success"
9.59,9.02,117,3,45.07,24.46,"Equipo_5","API","Medium","Success"
5.22,13.66,123,3,61.38,30.23,"Equipo_4","Payments","High","Success"
12.59,6.8,120,5,70.26,1.65,"Equipo_4","Auth","Low","Success"
7.42,9.43,125,2,59.11,15.15,"Equipo_1","Payments","Medium","Success"
23.97,7.44,103,0,61.61,5.57,"Equipo_4","Payments","Medium","Success"
29.21,4.66,104,2,64.47,6.19,"Equipo_4","Auth","High","Success"
12.55,9,101,2,84.56,11.86,"Equipo_5","Dashboard","Critical","Success"
8.44,3.84,117,2,86.12,8.66,"Equipo_1","Auth","Medium","Success"
6.58,9.9,133,2,86.44,33.45,"Equipo_5","Database","Medium","Success"
10.94,8.2,142,3,60.46,36.42,"Equipo_5","Database","Low","Success"
11.13,9.58,141,1,88.97,30.5,"Equipo_4","Payments","Low","Success"
10.64,5.74,119,1,55.35,26.62,"Equipo_2","Dashboard","Low","Success"
8.65,7.14,103,2,86.24,5.51,"Equipo_4","Auth","High","Success"
8.6,5.45,128,3,72.94,14.53,"Equipo_3","Database","High","Success"
4.31,10.59,97,0,49.09,29.09,"Equipo_4","Auth","Low","Success"
8.75,4.36,120,3,57.57,32.48,"Equipo_2","Payments","High","Success"
5.84,10.08,121,1,99.15,33.52,"Equipo_4","Auth","Medium","Rolled_Back"
8.58,8.73,134,2,49.75,29.02,"Equipo_3","Dashboard","Critical","Success"
9.32,10.26,114,2,94.16,37.39,"Equipo_1","Auth","Critical","Failed"
8.71,8.64,135,1,87.32,14.89,"Equipo_2","Payments","High","Failed"
6.49,10.11,118,3,86.68,9.56,"Equipo_2","Dashboard","High","Success"
12.29,7.62,118,0,94.77,40.11,"Equipo_5","Payments","Medium","Success"
8.02,5.59,120,0,46.93,35.97,"Equipo_1","API","Low","Success"
14.12,2.86,122,3,82.71,7.15,"Equipo_4","API","Low","Success"
11.1,11.94,112,1,57.03,17.41,"Equipo_5","Dashboard","Low","Success"
5.5,11.21,116,1,70.42,17.25,"Equipo_2","API","Medium","Success"
15.31,3.6,123,4,67.32,47.47,"Equipo_4","API","High","Failed"
10.33,10.73,117,6,80.39,6.36,"Equipo_3","API","High","Success"
6.51,6.58,136,3,52.2,15.33,"Equipo_2","Payments","Low","Success"
4.64,9.29,132,2,79.88,15.93,"Equipo_4","API","Low","Success"
18.79,6.7,114,2,50.8,7.34,"Equipo_2","Database","Low","Success"
13.98,12.03,125,0,89.87,39.35,"Equipo_4","Database","Low","Success"
7.22,11.35,131,0,58.12,33.43,"Equipo_1","Payments","Medium","Success"
5.34,10.84,119,2,86.88,14.9,"Equipo_5","API","Medium","Success"
12.9,6.88,105,3,77.92,7.34,"Equipo_5","API","Medium","Success"
6.7,7.13,121,0,46.66,9.61,"Equipo_3","Dashboard","High","Success"
9.76,8.41,143,2,90.33,43.08,"Equipo_3","Database","Medium","Success"
10.01,6.71,112,4,63.37,13.69,"Equipo_3","API","Low","Success"
10.45,5.11,104,1,79.21,18.61,"Equipo_2","Payments","Medium","Success"
5.35,7.52,117,2,60.94,8.85,"Equipo_5","Payments","Medium","Success"
6.59,5.33,124,2,97.27,22.09,"Equipo_2","Database","Medium","Success"
8.37,8.82,140,2,55.23,22.77,"Equipo_1","Dashboard","High","Success"
18.17,6.84,125,1,75.11,9.93,"Equipo_5","Dashboard","Medium","Success"
6.57,7.19,114,0,95.98,21.27,"Equipo_1","Payments","Low","Success"
13.21,3.84,107,2,60.94,17.7,"Equipo_5","Database","Low","Success"
11.52,12.27,139,0,92.63,54.26,"Equipo_3","Dashboard","Medium","Success"
19.34,7.68,113,0,83.76,5.86,"Equipo_1","Dashboard","Critical","Success"
9.11,7.3,114,2,63.76,16.78,"Equipo_4","Auth","Low","Success"
5.21,10.94,127,2,91.42,29.53,"Equipo_4","Database","High","Success"
8.12,5.49,129,0,69.86,16.02,"Equipo_3","Auth","Medium","Failed"
14.66,6.18,117,3,45.88,21.58,"Equipo_1","API","Medium","Success"
5.54,9.8,125,1,70.77,35.61,"Equipo_2","Payments","Low","Success"
12.28,10.05,132,0,53.87,7.28,"Equipo_1","Dashboard","High","Success"
18,3.72,127,1,50.2,52.91,"Equipo_1","API","Low","Success"
16.89,8.27,133,0,58.75,50.96,"Equipo_1","Database","Medium","Success"
8.52,8.44,130,4,67.51,31.89,"Equipo_3","API","Low","Success"
6.18,8.43,114,2,91.71,8.63,"Equipo_2","Database","Low","Success"
3.74,10.67,101,0,84.03,26.87,"Equipo_1","Auth","Medium","Success"
4.45,4.5,123,2,72.78,11.6,"Equipo_1","API","Medium","Failed"
17.05,7.01,110,2,86.01,21.31,"Equipo_4","Database","Low","Success"
8.28,4.52,124,2,57.71,51.06,"Equipo_5","Auth","Medium","Success"
7.3,7.49,104,1,92.39,40.76,"Equipo_5","Payments","Low","Success"
14.86,5.07,122,1,68.71,37.84,"Equipo_3","Payments","Medium","Success"
10.84,7.39,112,1,83.82,28.16,"Equipo_2","Auth","High","Success"
13.87,8.69,121,1,95.34,4.09,"Equipo_2","Payments","Low","Rolled_Back"
7.18,9.56,127,1,57.41,27.96,"Equipo_4","Database","High","Success"
11.36,7.56,109,4,46.26,9.77,"Equipo_1","Database","Critical","Success"
10.34,8.04,110,2,77.29,41.14,"Equipo_3","Auth","Medium","Success"
8.68,7.87,127,0,85.97,9.53,"Equipo_2","Database","Low","Rolled_Back"
6.02,6.99,125,2,64.89,14.13,"Equipo_5","Auth","Low","Success"
3.73,8.03,129,1,59.55,14.76,"Equipo_2","Database","Low","Success"
7.3,4.13,113,2,67.43,66.7,"Equipo_1","API","Medium","Failed"
8.36,4.5,110,1,76.95,25.73,"Equipo_4","Auth","Medium","Success"
14.73,7.22,139,3,79.98,4.29,"Equipo_4","Auth","Medium","Success"
13.32,3.62,115,0,84.54,50.29,"Equipo_4","Dashboard","Medium","Success"
7.4,9.44,122,1,72.13,38.99,"Equipo_1","API","Critical","Success"
9.46,4.55,98,2,99.82,3.99,"Equipo_4","Payments","Low","Failed"
10.88,7.74,109,3,48.5,42.59,"Equipo_5","API","Medium","Success"
9.06,7.74,117,1,61.53,15.2,"Equipo_4","Auth","Low","Success"
9.04,12.58,107,1,97.28,36.05,"Equipo_5","API","Medium","Success"
7.68,5.58,106,0,50.63,22.16,"Equipo_4","Database","Medium","Success"
9.59,4.84,106,1,74.01,23.81,"Equipo_4","Payments","Low","Success"
3.22,12.07,136,1,48.72,21.32,"Equipo_3","API","Low","Success"
5.12,3.53,106,2,74.18,17.8,"Equipo_1","Dashboard","Low","Success"
6.13,6.94,129,0,85.94,30.67,"Equipo_3","Database","Low","Rolled_Back"
22.65,10.54,104,0,80.84,55.58,"Equipo_3","Dashboard","Low","Success"
9,7.99,110,0,50.09,9.03,"Equipo_2","Database","High","Success"
4.33,8.35,113,1,57.76,51.01,"Equipo_1","Dashboard","Low","Success"
5.89,11.18,141,2,70.79,35.78,"Equipo_4","Payments","Medium","Success"
12.84,9.38,107,1,89.73,16.88,"Equipo_5","Payments","Critical","Success"
4.17,4.74,113,1,63.98,23.74,"Equipo_3","Dashboard","High","Success"
4.25,8.44,125,4,99.14,14.08,"Equipo_3","Auth","Low","Success"
7.27,6,120,3,90.14,23.27,"Equipo_2","API","Medium","Success"
7.47,9.73,111,2,69.55,25.08,"Equipo_3","Database","Medium","Success"
8.92,8.34,128,3,99.7,19.27,"Equipo_4","Payments","High","Success"
5.35,8,117,1,94.63,17.99,"Equipo_5","Payments","Medium","Success"
14.05,3.25,127,2,47.95,27.12,"Equipo_4","Dashboard","Medium","Success"
17.71,9.39,126,0,90,19.47,"Equipo_3","API","Low","Success"
4.59,8.77,144,0,46.66,12.05,"Equipo_4","API","Low","Success"
11.79,4.16,125,5,67.24,11.64,"Equipo_3","Dashboard","Medium","Failed"
10.49,6.16,110,1,69.09,12.08,"Equipo_5","Payments","Medium","Success"
6.72,6.6,129,1,61.19,60.24,"Equipo_5","Payments","Medium","Failed"
7.97,9.53,134,2,83.09,7.37,"Equipo_5","Auth","Low","Success"
8.13,4.08,97,0,46,4.37,"Equipo_1","Database","High","Success"
4.52,4.81,118,1,88.96,17.01,"Equipo_3","Database","Low","Success"
9.16,9.05,115,1,63.13,6.48,"Equipo_2","Payments","Low","Success"
6.03,8.06,112,2,59.77,36.67,"Equipo_3","Payments","Low","Success"
3.26,7.14,110,3,59.59,1.28,"Equipo_5","Database","Medium","Success"
8.22,8.68,121,0,75.87,11.46,"Equipo_4","Dashboard","High","Success"
9.69,7.37,141,1,46.47,24.62,"Equipo_1","API","Low","Success"
7.67,3.46,112,1,87.12,14.78,"Equipo_3","API","Medium","Success"
12.95,5.01,126,2,82.76,9.75,"Equipo_1","Auth","High","Success"
15.54,9.22,115,1,51.36,15.65,"Equipo_2","Database","Medium","Success"
9.99,5.1,131,1,62.45,20.68,"Equipo_5","Auth","Low","Rolled_Back"
11.99,11.62,136,3,55.44,13.61,"Equipo_1","API","High","Success"
7.61,11.71,124,1,89.07,5.44,"Equipo_1","API","Medium","Success"
9.88,4.32,124,2,66.88,13.8,"Equipo_4","API","Medium","Success"
25.31,10.62,119,2,73.55,16.41,"Equipo_3","Dashboard","Low","Success"
10.19,8.34,125,2,70.1,2.58,"Equipo_2","API","Medium","Success"
16.7,8.63,116,0,55.62,11.85,"Equipo_3","Payments","Low","Success"
4.06,8.2,111,0,98.48,20.49,"Equipo_1","Dashboard","High","Success"
4.9,8.9,105,0,47.01,10.06,"Equipo_5","Auth","Medium","Success"
10.41,7,109,4,69.35,12.5,"Equipo_4","Database","Low","Success"
4,6.58,138,2,75.73,5.82,"Equipo_3","Dashboard","Medium","Failed"
13.65,12.36,104,3,51.13,4.99,"Equipo_2","Database","Low","Success"
5.89,5.82,114,0,45.12,54.59,"Equipo_2","Auth","Low","Success"
15.44,6.25,111,1,52.65,5.15,"Equipo_1","Database","High","Success"
8.99,5.21,116,0,79.74,37.98,"Equipo_5","Database","Low","Success"
6.63,8.7,130,0,87.92,31.91,"Equipo_2","Payments","Medium","Success"
6.61,6.43,106,3,46.81,5.04,"Equipo_5","Database","Medium","Success"
7.44,8.23,114,2,91.8,32.09,"Equipo_2","Auth","Medium","Success"
5.56,8.78,119,0,65.44,8.58,"Equipo_1","API","Low","Success"
11.3,14.17,143,3,82.46,12.95,"Equipo_1","Dashboard","Medium","Success"
3.59,4.78,126,0,64.18,8.07,"Equipo_5","Database","High","Success"
7.35,11.02,111,0,72.52,6.36,"Equipo_5","API","High","Success"
7.21,8.32,114,3,47.53,12.8,"Equipo_3","Dashboard","Medium","Failed"
7.67,4.95,131,1,46.54,21.1,"Equipo_5","Payments","Low","Success"
11.75,12.87,116,3,74.48,92.41,"Equipo_5","Database","Low","Success"
3.98,11.47,123,1,74.41,9.68,"Equipo_5","Database","Low","Success"
10.24,9.26,96,0,69.61,27.6,"Equipo_3","API","Medium","Success"
4.93,12.63,116,4,60.04,19.11,"Equipo_5","Payments","Medium","Success"
5.04,8.85,122,2,74.5,14.57,"Equipo_3","Payments","Medium","Success"
5.71,7.27,122,3,83.11,9.86,"Equipo_2","Dashboard","Medium","Success"
19.12,10.45,123,3,52.5,28.39,"Equipo_3","API","Critical","Success"
6,11.18,115,4,66.63,18.02,"Equipo_4","Auth","Medium","Success"
10.85,3.43,128,3,93.27,20.93,"Equipo_3","Payments","Medium","Success"
11.59,8.96,113,2,73.53,18.84,"Equipo_3","Auth","Medium","Success"
2.94,10.68,125,0,95.86,14.17,"Equipo_1","Auth","Medium","Failed"
20.24,9.36,134,4,76.7,13.89,"Equipo_2","Dashboard","Medium","Success"
6.04,7.26,116,2,45.63,13.66,"Equipo_3","Dashboard","High","Failed"
18.15,6.61,130,3,82.99,10.15,"Equipo_2","Dashboard","Medium","Success"
6.27,7.15,113,1,53.85,37.8,"Equipo_3","API","Low","Success"
10.43,8.46,112,2,65.02,49.8,"Equipo_4","Dashboard","Low","Failed"
13.34,7.2,138,0,55.92,5.69,"Equipo_3","Payments","Low","Success"
6.79,8.25,107,0,81.86,1.52,"Equipo_3","Database","Low","Success"
5.35,9.49,136,0,58.57,23.35,"Equipo_4","Database","Low","Success"
10.49,9.87,104,2,74.34,37.31,"Equipo_4","Dashboard","Low","Success"
2.35,7.63,137,0,49.76,4.81,"Equipo_5","API","Low","Success"
4.71,5.63,108,1,53.61,26.67,"Equipo_3","Dashboard","Medium","Success"
8.53,7.79,131,1,99.28,42.91,"Equipo_5","API","Medium","Success"
14.36,8.24,117,4,84.67,59.48,"Equipo_3","API","Low","Rolled_Back"
6.89,2.81,128,2,49.17,24.57,"Equipo_5","Dashboard","Medium","Success"
3.98,3.25,129,0,65.48,16.86,"Equipo_4","Auth","Medium","Success"
17.15,7.28,123,1,81.35,7.09,"Equipo_1","Payments","Low","Success"
10.67,6.02,118,2,87.46,9.83,"Equipo_4","Payments","Medium","Success"
8.59,6.82,131,2,76.39,12.94,"Equipo_2","Dashboard","High","Success"
6.83,6.3,124,3,84.38,24.09,"Equipo_5","Payments","Medium","Success"
17.54,2.62,119,1,53.55,34.92,"Equipo_2","Auth","Low","Failed"
11.52,7.31,124,1,73.66,30.9,"Equipo_3","API","Low","Success"
7.47,6.93,115,1,45.45,12.71,"Equipo_3","Database","Medium","Success"
5.5,7.16,110,1,63.07,19.12,"Equipo_4","Dashboard","Medium","Success"
21.8,6.11,111,2,92.78,20.1,"Equipo_1","Dashboard","Medium","Success"
8,11.48,109,4,74.84,8.81,"Equipo_5","Payments","Medium","Success"
7.47,6.97,130,0,51.28,14.96,"Equipo_2","Auth","Low","Rolled_Back"
10.83,6.26,138,1,48.66,16.96,"Equipo_5","API","Low","Success"
9.64,8.25,125,2,84.02,18.81,"Equipo_3","Auth","High","Success"
14.62,8.39,123,3,60.92,43.78,"Equipo_5","Dashboard","Low","Failed"
8.84,9.02,107,1,51.34,29.26,"Equipo_1","Payments","Low","Success"
10.42,3.7,128,3,80.25,22.06,"Equipo_4","API","Medium","Success"
5.86,10.22,152,1,92.78,34.39,"Equipo_1","Auth","Low","Success"
9.94,7.65,115,1,84.63,38.37,"Equipo_3","API","High","Success"
5.8,8.47,134,2,91.56,15.55,"Equipo_2","Payments","High","Failed"
4.17,7.05,108,1,83.49,62.48,"Equipo_5","Auth","Critical","Success"
14.05,6.86,124,0,80.58,7.14,"Equipo_1","Payments","Low","Success"
2.67,8.93,124,2,76.13,31.6,"Equipo_4","Auth","Medium","Rolled_Back"
17.08,8.71,118,1,58.41,8.8,"Equipo_5","Database","Medium","Success"
10.22,7.74,115,1,67.86,25.48,"Equipo_4","Auth","High","Success"
13.52,9.45,117,2,83.26,38,"Equipo_2","API","High","Success"
6.14,10.91,111,0,48.62,7.55,"Equipo_1","Payments","Critical","Success"
4.53,5.7,129,1,54.32,18.77,"Equipo_5","Database","Medium","Success"
8.22,6.89,136,1,80.49,12.96,"Equipo_5","API","Medium","Success"
1.39,7.6,129,0,52.75,9.06,"Equipo_5","Database","Medium","Failed"
8.24,4.83,114,1,81.14,30.16,"Equipo_4","Database","Low","Success"
5.7,10.27,133,3,72.31,6.69,"Equipo_1","API","Medium","Rolled_Back"
1.84,7.86,117,3,79.96,17.34,"Equipo_5","Auth","High","Success"
3.5,5.02,118,4,72.3,24.81,"Equipo_3","API","Low","Success"
9.16,8.52,120,3,51.49,11.21,"Equipo_3","Dashboard","Medium","Rolled_Back"
15.66,7.43,139,1,81.27,38.7,"Equipo_2","Auth","Low","Rolled_Back"
17.61,6.72,122,3,67.6,39.43,"Equipo_3","Database","High","Success"
17.55,6.14,119,4,87.18,39.41,"Equipo_1","Auth","Low","Success"
9.3,12.72,117,1,51.6,33.77,"Equipo_5","API","Medium","Success"
6.95,11.08,119,2,53.06,24.69,"Equipo_4","API","Low","Success"
7.15,6.58,121,1,56.96,6.83,"Equipo_5","Payments","Medium","Rolled_Back"
12.13,8.63,105,1,65.6,43.42,"Equipo_1","API","Medium","Failed"
10.52,8.45,118,0,80.28,11.52,"Equipo_3","Auth","High","Success"
12.77,9.86,133,1,63.74,2.64,"Equipo_4","Payments","Low","Success"
11.66,6.79,127,1,46.97,25.84,"Equipo_1","Dashboard","High","Success"
8.12,12.22,116,2,55.98,6.3,"Equipo_5","Payments","Low","Success"
9.5,9.77,111,1,80.83,12.12,"Equipo_2","Payments","Low","Rolled_Back"
12.18,9.57,116,0,50.6,21.47,"Equipo_5","API","Medium","Success"
15.8,6.93,123,3,47.01,5.5,"Equipo_2","Auth","Low","Success"
15.79,10.54,109,2,87,9.72,"Equipo_2","Dashboard","Medium","Success"
10.57,9.73,115,2,66.74,14.98,"Equipo_4","Dashboard","Low","Success"
3.48,9.57,113,0,93.16,34.91,"Equipo_5","Payments","High","Success"
5.06,6.15,121,2,64.63,13.71,"Equipo_2","Auth","High","Success"
9.08,8.82,104,5,81.71,50.39,"Equipo_4","Payments","Low","Success"
5.28,7.65,91,3,48.19,15.3,"Equipo_3","Database","Critical","Success"
11.24,8.15,112,1,57.23,15.07,"Equipo_4","Database","High","Success"
8.42,8.27,126,1,90.51,15.99,"Equipo_1","Payments","High","Failed"
3.53,4.79,114,1,97.39,49.77,"Equipo_5","API","Medium","Success"
10.74,8.67,139,3,58.42,6.16,"Equipo_5","Auth","Low","Success"
4.17,4.69,145,1,81.35,19.69,"Equipo_3","Payments","High","Success"
5.12,8.54,104,0,85.23,22.44,"Equipo_2","API","High","Failed"
12.71,11.96,110,2,50.65,14.83,"Equipo_1","Payments","High","Success"
13.52,10.92,116,6,69.85,14.97,"Equipo_1","Auth","Medium","Success"
9.66,8.94,119,1,94.54,25.07,"Equipo_1","API","High","Success"
9.76,5.35,121,1,90.32,5.25,"Equipo_1","Database","Low","Success"
8.48,6.71,107,2,85.68,25.78,"Equipo_2","Auth","Low","Failed"
15.42,8.07,121,2,95.7,13.64,"Equipo_4","Dashboard","Medium","Success"
11.43,6.33,142,1,86.7,19.61,"Equipo_1","Payments","High","Success"
9.95,8.15,116,4,68.13,13.83,"Equipo_3","Payments","Low","Success"
8.46,5.58,107,1,72.16,10.22,"Equipo_1","Database","High","Success"
6.85,9.32,108,1,89.19,12.88,"Equipo_5","Dashboard","Medium","Success"
5.41,7.7,117,3,59.92,30.3,"Equipo_1","Auth","Medium","Success"
13.05,6.19,122,1,98.69,20.66,"Equipo_2","Auth","Critical","Success"
8.59,6.16,134,1,87.28,13.61,"Equipo_1","Auth","Medium","Success"
10.86,7,106,4,91.38,15.39,"Equipo_4","Dashboard","Low","Success"
5.75,8.54,131,2,82.98,0.55,"Equipo_4","Auth","Low","Success"
8.57,8.36,111,2,82.14,28.84,"Equipo_1","Payments","Low","Success"
9.09,7.67,122,0,83.19,14.89,"Equipo_5","Database","Low","Success"
10.75,5.88,133,1,82.62,2.68,"Equipo_2","Auth","Low","Success"
10.21,11.09,136,2,48.32,12.77,"Equipo_2","Database","High","Success"
4.02,8.69,121,2,60.82,28.73,"Equipo_1","Auth","High","Success"
9.06,6.8,125,0,98.93,12.57,"Equipo_1","Payments","Low","Success"
5.04,7.69,112,1,53.23,36.61,"Equipo_1","Dashboard","Low","Success"
5.27,9.28,108,1,91.37,29.91,"Equipo_4","Database","Medium","Success"
6.46,3.51,131,3,56.85,26.49,"Equipo_3","Database","Medium","Success"
9.76,4.88,125,1,50.93,13.78,"Equipo_4","Dashboard","Low","Success"
11.89,5.66,135,0,62.48,14.35,"Equipo_4","Database","Low","Success"
7.9,10.15,114,1,54.51,31.15,"Equipo_1","Database","Medium","Rolled_Back"
4.45,7.5,119,1,58.03,38.86,"Equipo_1","Auth","Medium","Success"
7.73,9.69,105,3,92.97,16.73,"Equipo_2","Database","Low","Success"
7.75,6.91,129,2,77.99,8.36,"Equipo_3","API","Low","Success"
11.73,11.14,126,1,73.66,29.39,"Equipo_1","Database","Medium","Success"
14.42,10.81,123,1,64.58,4.24,"Equipo_1","Auth","High","Success"
7.12,8.83,101,2,80.5,7.32,"Equipo_4","Auth","Low","Success"
2.8,4.85,140,3,52.2,28.35,"Equipo_1","Payments","High","Success"
5.82,7.42,137,1,68.94,14.18,"Equipo_5","API","Low","Success"
10.08,4.58,131,0,59.14,39.42,"Equipo_5","Payments","Critical","Success"
4.87,4.06,119,3,59.07,35.1,"Equipo_2","Payments","Medium","Success"
0.77,5.92,126,2,69.01,11.59,"Equipo_2","Payments","Low","Success"
8.56,10.15,113,2,80.37,28.06,"Equipo_1","Dashboard","High","Success"
4.55,10.85,115,0,63.6,3.34,"Equipo_4","Payments","Low","Success"
22.38,8.6,122,1,59.93,30.29,"Equipo_3","API","Low","Failed"
4.46,9.65,147,0,49.99,11.4,"Equipo_2","Dashboard","Low","Success"
7.25,6.1,146,0,71.33,14.82,"Equipo_2","Dashboard","Low","Success"
11.73,7.54,115,0,45.27,3.98,"Equipo_5","Auth","Medium","Success"
21.86,4.88,116,1,90.3,22.5,"Equipo_4","API","Low","Success"
14.04,7.57,126,0,72.93,20.83,"Equipo_5","Auth","Medium","Success"
4.09,13.58,107,0,67.06,18.4,"Equipo_2","API","Low","Success"
6.05,8.73,105,2,94.56,16.16,"Equipo_4","Auth","Low","Success"
11.26,8.33,125,1,67.23,9.17,"Equipo_1","Payments","High","Success"
8.63,11.69,135,1,99.41,5.73,"Equipo_3","Dashboard","Medium","Failed"
5.9,12.56,123,4,85.32,11.89,"Equipo_4","Auth","Low","Success"
15.44,8.15,110,1,46.33,12.53,"Equipo_5","API","Low","Success"
5.03,10.3,130,1,59.76,71.11,"Equipo_1","API","Medium","Success"
8.31,6.21,117,1,54.77,7.69,"Equipo_4","Database","Medium","Failed"
3.02,2.62,133,2,97.6,10.74,"Equipo_2","Payments","Low","Success"
10.36,7.75,106,1,90.14,8.57,"Equipo_3","Dashboard","Medium","Success"
8.63,6.61,112,2,96.67,30.16,"Equipo_5","API","Low","Failed"
16.5,10.7,124,2,74.73,42,"Equipo_4","Database","Low","Success"
8.18,10.43,125,2,72.41,7.27,"Equipo_3","API","Low","Success"
2.94,9.26,141,2,66.89,13.33,"Equipo_1","API","Medium","Success"
12.2,9.33,139,0,52.63,22.34,"Equipo_3","Auth","Low","Success"
11.76,9.06,120,1,85.7,19.92,"Equipo_5","Dashboard","Medium","Success"
7.52,8.36,104,2,62.61,8.82,"Equipo_1","Database","Critical","Success"
13.6,7.76,101,1,89.2,20.4,"Equipo_2","API","Critical","Success"
8.93,6.88,122,2,55.57,14.28,"Equipo_3","Payments","Medium","Success"
8.99,7.54,99,2,81.25,4.72,"Equipo_2","Auth","Medium","Failed"
2.8,7.47,122,1,69.86,20.4,"Equipo_3","Database","Medium","Success"
12.18,7.02,113,0,51.36,20.63,"Equipo_4","API","Low","Success"
7.35,8.86,141,0,46.94,9.95,"Equipo_2","Payments","Medium","Success"
15.51,9.1,124,2,97.45,4.79,"Equipo_4","Database","High","Success"
6.94,14.12,145,2,83.4,17.68,"Equipo_3","Payments","Low","Success"
11.61,9.27,133,0,74.26,3.64,"Equipo_3","Auth","Medium","Success"
4.67,8.95,123,0,48.01,41.48,"Equipo_2","Database","Low","Success"
13.42,8.98,122,1,99.89,44.89,"Equipo_1","Auth","Medium","Success"
8.86,4.83,134,2,56.18,2.95,"Equipo_5","Dashboard","Medium","Success"
5.11,7.64,131,2,73.51,1.76,"Equipo_4","Database","Medium","Success"
7.98,6.29,115,0,62.39,17.57,"Equipo_2","Auth","Low","Failed"
10.14,5.33,123,0,88.37,21.02,"Equipo_4","Payments","Low","Success"
3.6,4.18,139,1,73.71,43.04,"Equipo_1","Auth","Medium","Failed"
11.64,10.01,141,1,82.52,14.98,"Equipo_2","Database","Low","Success"
6.23,9.35,128,0,47.43,11.54,"Equipo_1","Payments","Low","Success"
4.88,7.93,116,0,63.39,22.52,"Equipo_4","API","Low","Success"
13.11,3.61,127,1,49.84,27.62,"Equipo_2","Payments","High","Success"
9.31,7.08,107,2,95.49,12.51,"Equipo_3","Auth","High","Success"
9.89,8.96,112,3,57.49,40.56,"Equipo_5","Auth","Medium","Success"
8.27,8.51,128,3,81.94,11.66,"Equipo_5","Auth","Medium","Success"
7.05,5.55,104,3,66.95,33.4,"Equipo_2","Database","Medium","Success"
11.52,10.78,126,1,54.48,10.33,"Equipo_5","Dashboard","Medium","Success"
11.14,3.78,127,1,68.54,7.25,"Equipo_1","API","Critical","Success"
10.03,8.29,112,1,56.13,7.58,"Equipo_1","Database","Medium","Success"
11.86,7.07,110,5,74.1,27.6,"Equipo_3","Database","Medium","Success"
10.37,5.96,127,1,49.73,10.28,"Equipo_5","Auth","Medium","Success"
8.19,4.15,115,0,48.58,17.05,"Equipo_2","Auth","Medium","Success"
5.4,9.71,101,0,50.92,11.23,"Equipo_1","Payments","Medium","Success"
4.1,6.71,117,2,73.13,24.69,"Equipo_5","Database","Medium","Success"
16.57,5.99,129,0,75.96,5.69,"Equipo_3","Payments","Medium","Success"
21.76,4.43,98,2,47.68,4.34,"Equipo_5","Database","Medium","Success"
20.35,11.4,112,1,52.27,51.81,"Equipo_3","Dashboard","Low","Success"
6.09,9.39,140,0,58.03,7.26,"Equipo_5","Auth","Low","Failed"
16.05,8.77,116,0,88.45,17.02,"Equipo_1","Auth","Low","Success"
13,8.33,114,2,69.64,8.79,"Equipo_1","Auth","High","Success"
4.95,7.19,110,2,66.27,10.07,"Equipo_2","Dashboard","Low","Success"
6.25,7.35,117,3,70.23,29.15,"Equipo_5","Database","High","Failed"
12.15,10.46,106,3,84.14,7.53,"Equipo_2","Payments","Medium","Success"
8.44,5.96,131,3,71.04,0.89,"Equipo_1","Dashboard","Low","Success"
3.73,12.99,139,1,57.8,5.39,"Equipo_5","Dashboard","Medium","Success"
8.21,5.94,102,5,91.09,17.68,"Equipo_2","Payments","Low","Failed"
13.93,11.49,144,6,46.4,8.62,"Equipo_5","Payments","Medium","Success"
13.03,6.57,127,1,53.2,11.28,"Equipo_3","Dashboard","High","Success"
10.16,9.28,130,1,80.43,3.75,"Equipo_4","Auth","Low","Failed"
8.05,5.45,121,2,75.26,8.29,"Equipo_1","Auth","Low","Success"
7.92,6.83,120,2,73.91,14.75,"Equipo_3","Database","Low","Success"
4.72,5.16,128,2,70.31,9.72,"Equipo_1","Dashboard","Low","Success"
15.41,7.47,139,3,92.48,11.22,"Equipo_2","Auth","Low","Failed"
10.14,9.51,110,2,90.58,32.29,"Equipo_2","Dashboard","Medium","Success"
7.23,11.43,118,2,62.49,20.12,"Equipo_4","Database","Low","Success"
10.17,3.86,133,0,99.6,61.57,"Equipo_1","Auth","High","Success"
9.65,10.09,124,1,54.09,32.37,"Equipo_1","Dashboard","Medium","Success"
3.96,11.17,136,4,90.84,45.87,"Equipo_3","Dashboard","Medium","Success"
1.98,8.25,125,2,51.15,22.35,"Equipo_1","API","Medium","Success"
21.04,6.37,121,1,66.95,5.19,"Equipo_5","Database","Low","Failed"
5.99,9.85,123,3,88.85,5.7,"Equipo_2","Auth","Medium","Success"
10.89,10.43,119,0,83.07,16.24,"Equipo_5","Dashboard","Low","Success"
9.11,8.8,122,2,54.9,21.36,"Equipo_2","API","Low","Success"
12.61,10.09,124,1,53.27,9.64,"Equipo_4","Auth","Medium","Success"
12.33,6.84,123,1,65.52,10.27,"Equipo_3","Dashboard","Low","Success"
11.72,13.24,108,2,51.13,9.76,"Equipo_3","Dashboard","Low","Success"
6.16,3.8,138,0,68.54,13.12,"Equipo_2","API","Low","Success"
9.33,7.19,121,0,88.35,5.22,"Equipo_2","API","Low","Success"
10.71,6.99,111,1,50.94,89.27,"Equipo_3","Payments","Medium","Success"
2.38,5.03,122,4,70.21,15.83,"Equipo_2","Dashboard","High","Success"
8.69,8.79,114,1,45.2,20.07,"Equipo_1","API","High","Rolled_Back"
17.37,5.44,124,0,76.03,15.77,"Equipo_5","Dashboard","Low","Success"
6.28,8.82,126,1,64.36,10.98,"Equipo_3","Auth","Critical","Success"
11.87,8.25,130,0,59.25,5.42,"Equipo_2","Dashboard","Critical","Success"
8.58,7.76,125,4,77.49,17.59,"Equipo_4","Dashboard","Low","Success"
9.72,6.18,123,1,71.99,6.42,"Equipo_5","Dashboard","Low","Success"
9.67,8.4,119,2,61.89,25.94,"Equipo_1","Dashboard","Medium","Success"
8.31,8.67,106,2,48.72,18.8,"Equipo_4","Payments","Low","Failed"
9.43,8.45,127,1,80.75,17.76,"Equipo_2","Auth","Medium","Success"
4.23,8.34,118,3,48.96,39.11,"Equipo_2","Database","Medium","Success"
8.39,8.36,121,3,72.97,24.1,"Equipo_5","Database","Medium","Success"
7.21,7.91,140,1,68.97,7.15,"Equipo_2","Database","Low","Success"
8.6,4.65,131,1,82.61,11.43,"Equipo_1","Dashboard","Low","Success"
4.94,3.43,115,2,50.97,17.04,"Equipo_3","Auth","Low","Success"
22.71,10.16,120,2,48.29,16.19,"Equipo_2","Payments","Low","Success"
8.89,6.22,116,0,93.84,56.25,"Equipo_5","Database","Medium","Success"
6.72,7.38,103,3,66.66,2.64,"Equipo_4","Payments","Medium","Success"
10.35,7.31,116,3,68.84,46.42,"Equipo_3","Database","Medium","Success"
13.64,12.23,112,2,82.62,13.35,"Equipo_4","API","Medium","Success"
12.62,11.5,146,2,77.75,9.85,"Equipo_3","Payments","Low","Success"
8.97,7.36,119,1,75.67,11.21,"Equipo_4","Database","Medium","Success"
5.97,7.17,145,3,52.4,29.9,"Equipo_1","Database","Low","Success"
7.73,4.69,128,0,94.68,25.39,"Equipo_2","Database","Critical","Success"
18.86,10.12,122,3,48.1,42.01,"Equipo_2","API","Low","Success"
4.11,1.86,117,1,85.99,8.43,"Equipo_4","API","Medium","Success"
9.57,7.1,107,2,89.49,5.04,"Equipo_1","API","Medium","Success"
4.92,8.44,123,3,85.12,60.89,"Equipo_2","Auth","Low","Success"
7.21,5.73,138,1,53.08,23.2,"Equipo_2","Dashboard","Medium","Success"
6.31,11.09,125,3,88.18,16.46,"Equipo_4","Dashboard","High","Success"
7.44,8.49,122,2,84.38,13.47,"Equipo_3","Payments","Low","Success"
4.96,12.62,117,1,76.53,7.58,"Equipo_5","Database","Low","Success"
8.91,15.59,125,1,80.8,20.77,"Equipo_2","Dashboard","High","Success"
7.45,7.11,126,1,61.72,33.91,"Equipo_3","Dashboard","Medium","Success"
13.88,6,134,3,63.42,22.9,"Equipo_5","Auth","High","Success"
7.86,13.7,110,2,89.88,10.84,"Equipo_3","Dashboard","Medium","Success"
12.1,2.81,123,4,88.06,9.96,"Equipo_4","Payments","Critical","Success"
6.3,8.71,115,3,78.4,38.46,"Equipo_3","Auth","Medium","Failed"
13.78,9.39,132,2,79.68,121.85,"Equipo_2","Dashboard","Medium","Success"
10.2,12.42,112,1,97.51,8.27,"Equipo_2","Payments","Low","Success"
22.21,6.23,128,1,99.23,16.63,"Equipo_3","Payments","Low","Success"
8.55,5.32,100,1,78.68,4.65,"Equipo_2","Dashboard","Medium","Success"
4.06,8.32,119,2,69.56,21.39,"Equipo_3","API","Medium","Success"
9.86,9.95,112,0,51.48,21.53,"Equipo_5","API","High","Success"
12.52,11.42,112,2,76.34,47.99,"Equipo_3","API","Medium","Rolled_Back"
9.49,11.92,149,0,84.55,16.4,"Equipo_2","Database","Medium","Success"
6.77,6.95,114,2,63.58,18.48,"Equipo_4","Auth","Medium","Success"
7.81,4.11,116,3,45.87,25.43,"Equipo_5","API","Medium","Success"
12.36,10.38,121,1,50.93,33.97,"Equipo_2","Auth","Low","Success"
11.11,6.95,127,4,60.7,18.58,"Equipo_2","API","Medium","Success"
13.17,4.8,126,0,76.6,13.17,"Equipo_1","API","Medium","Success"
4.83,9.97,136,2,82.68,30.4,"Equipo_1","Auth","Medium","Success"
9.03,10.05,103,2,49.38,20.03,"Equipo_1","Auth","High","Success"
14.15,7.19,128,4,70.15,67.37,"Equipo_1","Payments","High","Success"
12.58,1.04,121,2,76.25,22.36,"Equipo_5","API","Low","Success"
12.51,7.97,138,1,99.14,39,"Equipo_3","Dashboard","Medium","Success"
4.02,8.77,112,1,81.4,16.43,"Equipo_2","Database","High","Success"
4.93,7.16,125,1,75.32,37.67,"Equipo_3","Auth","High","Success"
17.47,9.39,111,2,57.11,72.59,"Equipo_5","Database","High","Success"
15.96,9.91,135,1,80.52,4.05,"Equipo_1","Dashboard","Low","Success"
5.54,8.21,127,3,55.18,40.27,"Equipo_3","API","Medium","Success"
16.43,9.63,116,0,62.7,14.6,"Equipo_5","Dashboard","Low","Rolled_Back"
6.34,5.81,106,0,99.49,6.54,"Equipo_1","Database","Medium","Success"
4.91,3.01,111,2,56.55,36.53,"Equipo_1","Auth","Medium","Success"
10.58,4.72,132,0,72.94,20.08,"Equipo_1","Payments","High","Success"
27.49,5.77,121,1,88.64,9.67,"Equipo_3","Database","High","Success"
7.79,4.02,113,2,94.03,27.58,"Equipo_4","Auth","High","Success"
8.97,12.95,102,0,81.62,20.05,"Equipo_2","Database","High","Success"
5.12,6.02,123,1,62.72,2.38,"Equipo_5","Database","Medium","Success"
7.02,8.29,125,1,73.48,25.44,"Equipo_3","API","Medium","Success"
8.96,6.56,103,1,98.3,21.88,"Equipo_3","Payments","Low","Success"
6.25,12.14,111,0,63.23,54.4,"Equipo_5","Database","Medium","Success"
2.85,8.36,133,0,58.84,12.79,"Equipo_5","Payments","Low","Success"
13.49,12.26,137,1,83.91,29.18,"Equipo_2","Database","Medium","Success"
8.44,5.31,116,1,72.45,5.53,"Equipo_5","Auth","Low","Rolled_Back"
16.91,9.33,119,1,89.42,41.86,"Equipo_1","Dashboard","Medium","Success"
7.14,4.47,122,0,62.87,12.05,"Equipo_4","Dashboard","Low","Success"
8.82,7.87,142,0,72.69,11.66,"Equipo_3","API","Medium","Failed"
3.21,4.96,124,4,64.68,37.39,"Equipo_2","API","Medium","Success"
16.65,7.44,111,2,70.71,9.07,"Equipo_3","Auth","Low","Success"
17.48,9.23,120,1,57.4,29.55,"Equipo_2","Database","Medium","Success"
4.5,11.61,141,1,79.25,17.2,"Equipo_1","API","Low","Success"
8.22,5.63,110,1,69.14,16.68,"Equipo_2","API","High","Success"
8.87,10.05,136,1,67.05,33.67,"Equipo_2","Payments","Low","Success"
6.87,10.17,134,0,75.36,14.47,"Equipo_2","Dashboard","Low","Success"
6.27,5.95,119,0,53.32,15.76,"Equipo_4","Dashboard","Medium","Success"
27.42,16.35,125,0,53.76,15.68,"Equipo_5","Dashboard","Medium","Success"
5.31,6.86,116,4,94.47,25.69,"Equipo_4","Database","High","Success"
6.64,7.25,105,0,61.06,17.96,"Equipo_2","Database","High","Success"
3.13,8.44,129,2,82.49,10.24,"Equipo_2","Dashboard","Low","Success"
11.89,0.79,109,2,47.59,10.12,"Equipo_2","Auth","Medium","Success"
8.69,12.01,120,0,84.32,21.13,"Equipo_1","Database","Medium","Success"
9.29,9.67,133,3,92.17,8.9,"Equipo_4","API","Medium","Success"
11.35,7.63,110,2,58.55,16.25,"Equipo_3","Auth","Medium","Success"
14.46,12.62,129,1,67.34,29.86,"Equipo_5","Database","Low","Success"
12.15,9.79,140,0,71.81,10.03,"Equipo_4","API","Medium","Success"
2.53,8.76,132,0,73.77,12.58,"Equipo_1","Payments","Medium","Success"
11.74,4.77,109,4,67.73,18.46,"Equipo_2","Dashboard","Low","Success"
16.91,11.87,102,3,46.18,25.96,"Equipo_5","Dashboard","Low","Success"
10.72,8.01,97,2,56.74,25.78,"Equipo_1","API","Medium","Success"
4.86,8.64,108,3,96.78,20.81,"Equipo_2","Database","Medium","Success"
29.31,13.06,134,1,57.65,5.76,"Equipo_4","Auth","Medium","Success"
10.72,9.19,111,3,58.81,36.43,"Equipo_3","Dashboard","Medium","Success"
12.69,8.31,128,3,47.35,79.48,"Equipo_2","Payments","Low","Success"
6.16,5.39,116,3,98.82,14.88,"Equipo_4","Dashboard","Critical","Success"
5.99,7.66,129,3,71.62,17.81,"Equipo_2","Auth","Low","Failed"
4.45,6.43,108,0,96.15,27.79,"Equipo_5","Dashboard","Low","Success"
7.77,6.39,99,1,60.78,8.35,"Equipo_1","Database","Medium","Success"
11.16,7.31,113,0,60.37,25.32,"Equipo_5","Auth","Low","Success"
10,9.88,102,2,48.41,19.19,"Equipo_2","API","Low","Success"
3.95,11.2,138,3,46.07,10.69,"Equipo_3","Payments","Medium","Success"
12.04,8.03,118,1,79.45,38.79,"Equipo_2","API","High","Success"
14.96,7.15,111,1,54.27,60.61,"Equipo_1","Dashboard","Medium","Success"
26.15,9.97,130,1,47.34,6.08,"Equipo_2","API","Low","Success"
10.78,5.95,125,1,62.9,22.27,"Equipo_3","Auth","High","Success"
9.31,3.84,136,3,63.43,13.25,"Equipo_2","Database","Medium","Success"
5.43,9.47,124,1,73.1,65.41,"Equipo_3","Database","High","Success"
9.64,7.76,113,3,48.92,26.29,"Equipo_4","Auth","High","Success"
4.7,2.01,124,5,98.12,56.57,"Equipo_1","Database","Low","Success"
5.57,2.46,128,1,78.88,3.65,"Equipo_2","Payments","Low","Success"
2.69,8.71,123,0,92.77,21.87,"Equipo_3","API","Medium","Success"
10.81,10.57,123,2,88.95,22.64,"Equipo_4","Auth","Medium","Success"
9.39,9.41,117,2,64.03,32.01,"Equipo_4","API","Medium","Success"
14.89,7.18,124,2,80.31,12.77,"Equipo_2","Auth","Medium","Rolled_Back"
9.65,11.99,119,1,72.33,45.9,"Equipo_5","Auth","High","Success"
13.78,5.58,115,1,98.59,79.65,"Equipo_3","API","Medium","Success"
11.68,7,114,1,88.36,6.27,"Equipo_2","Payments","Medium","Success"
5.76,6.06,126,3,46.64,15.31,"Equipo_2","Database","High","Success"
11.01,9.11,125,2,51.16,9.32,"Equipo_1","Dashboard","Medium","Success"
9.82,3.72,129,1,68.24,29.68,"Equipo_1","Auth","High","Failed"
1.59,3.93,147,2,91.9,9.66,"Equipo_1","Payments","Medium","Success"
11.36,2.78,105,5,92.84,59.45,"Equipo_3","Dashboard","Medium","Success"
11.92,7.77,102,3,87.03,4.14,"Equipo_5","Payments","Medium","Success"
15.3,11.31,130,4,83.51,6.61,"Equipo_3","Dashboard","High","Success"
17.59,12.09,128,1,76.51,8.23,"Equipo_3","Database","Low","Success"
13.56,5.62,118,1,62.07,48.23,"Equipo_3","Payments","Medium","Success"
15.32,6.72,118,5,57.74,38.2,"Equipo_2","Payments","Low","Failed"
13.93,5.56,119,1,74.09,23.97,"Equipo_4","Database","Medium","Success"
15.94,8.79,122,5,93.16,8,"Equipo_1","API","Low","Success"
14.58,8.85,109,1,93.54,18.59,"Equipo_2","Dashboard","High","Success"
3.49,9.9,108,1,98.11,21.79,"Equipo_2","Dashboard","Medium","Failed"
11.64,3.31,129,2,61.76,17.66,"Equipo_5","Dashboard","Low","Success"
5.97,4.37,113,2,96.59,12.11,"Equipo_3","API","Low","Success"
19.26,6.66,106,2,56.34,39.43,"Equipo_5","API","Low","Rolled_Back"
10.73,6.14,137,1,49.45,6.85,"Equipo_4","API","Medium","Success"
14.09,9.29,119,1,77.21,17.45,"Equipo_4","Database","Medium","Success"
7.89,7.55,100,1,69.38,13.3,"Equipo_1","Database","Medium","Success"
10.98,3.88,113,1,96.87,14.46,"Equipo_1","Payments","Medium","Success"
17.5,10.93,95,1,50.36,7.31,"Equipo_5","API","High","Success"
10.62,9.08,127,1,45.29,13.53,"Equipo_3","Database","High","Success"
8.82,5.97,130,4,65.61,17.41,"Equipo_2","Auth","Medium","Success"
6.13,4.78,121,1,88.84,10.72,"Equipo_2","Payments","Medium","Success"
4.59,6.75,105,1,97.22,9.49,"Equipo_2","Auth","Low","Failed"
12.34,5.27,124,1,86.33,8.8,"Equipo_1","API","Medium","Success"
11.58,11.64,107,2,62.4,15.47,"Equipo_1","API","Medium","Success"
5.56,7.21,133,0,50.85,10.02,"Equipo_3","Payments","Medium","Success"
4.72,7.99,163,1,81.66,25.69,"Equipo_4","API","Medium","Success"
13.68,9.94,128,0,98.52,17.86,"Equipo_5","Payments","Low","Success"
13.42,9.26,123,1,95.91,6.55,"Equipo_3","Payments","Low","Success"
7.32,12.34,125,2,70.09,14.47,"Equipo_1","Auth","Low","Success"
12.7,9.24,119,1,61.74,9.95,"Equipo_4","Dashboard","Critical","Success"
5.21,12.87,130,2,61.48,34.81,"Equipo_1","Database","High","Success"
10.68,6.59,121,0,80.94,35.86,"Equipo_3","API","Medium","Success"
12.91,4.3,127,2,82.73,13.78,"Equipo_5","Database","Medium","Success"
3.49,7.25,120,1,94.34,10.68,"Equipo_2","Auth","Medium","Success"
9.53,8.54,113,0,98.82,11.73,"Equipo_2","Dashboard","High","Failed"
12.26,9.93,119,3,87.47,17.07,"Equipo_2","Dashboard","Medium","Success"
5.84,10.91,140,0,89.62,26.86,"Equipo_1","API","Low","Success"
16.07,7.52,124,1,55.05,13.29,"Equipo_3","API","Critical","Success"
13.88,7.28,137,1,52.61,8.32,"Equipo_2","Payments","Medium","Success"
13.88,7,114,0,60.39,30.11,"Equipo_3","Dashboard","Medium","Success"
10.6,9.77,118,1,47.35,34.07,"Equipo_2","Dashboard","Low","Success"
6.06,3.94,124,1,93.33,11.64,"Equipo_1","API","Low","Failed"
11.37,9.93,119,1,74.03,12.55,"Equipo_1","Dashboard","Low","Failed"
12.79,4.78,114,1,52.48,9.46,"Equipo_3","API","Low","Success"
9.74,10.23,93,3,81.17,29.58,"Equipo_4","Dashboard","Medium","Success"
5.8,7.56,97,0,57.63,4.27,"Equipo_5","Database","High","Success"
15.92,12.26,132,1,53.09,22.01,"Equipo_5","Dashboard","Low","Success"
8.35,4.78,111,1,94.53,5.98,"Equipo_5","Dashboard","Low","Success"
9.16,6.76,125,0,60.91,23.48,"Equipo_3","API","Low","Success"
15.79,8.54,125,1,93.93,8.54,"Equipo_2","Database","Low","Success"
10.64,8.73,123,0,57.92,6.19,"Equipo_4","Auth","Critical","Success"
16.55,4.44,117,1,74.91,20.6,"Equipo_4","Auth","Low","Success"
5.45,7.78,125,1,58.48,28.4,"Equipo_3","Dashboard","Low","Success"
4.24,4.13,112,2,77.33,22.66,"Equipo_1","Auth","High","Success"
9.65,9.36,120,2,62.38,6.05,"Equipo_1","Dashboard","Medium","Success"
5.14,6.72,116,2,80.45,24.14,"Equipo_2","Auth","Medium","Success"
16.04,8.91,109,2,98.42,6.87,"Equipo_2","Dashboard","Medium","Success"
10.62,10.77,120,3,53.56,54.55,"Equipo_4","Payments","High","Success"
14.98,8.45,116,1,56.66,8.61,"Equipo_1","Auth","Critical","Failed"
8.72,10.02,125,1,88.56,10.37,"Equipo_2","Auth","Medium","Success"
9.37,7.76,103,3,95.09,11.88,"Equipo_1","Database","Low","Failed"
20.48,8.09,117,5,88.07,14.66,"Equipo_4","Auth","High","Success"
5.84,9.4,108,1,76.7,7.45,"Equipo_2","Database","Low","Success"
20.28,8.08,128,1,91.21,25,"Equipo_1","API","Medium","Success"
7.07,7.19,115,3,61.35,12.84,"Equipo_3","Database","Critical","Success"
8.08,5.47,121,0,87.7,19.39,"Equipo_5","Payments","Low","Success"
13.6,10.5,119,4,78.37,9.34,"Equipo_2","Database","Low","Success"
20.66,12.94,100,0,63.14,32.91,"Equipo_3","API","Critical","Success"
12.48,10.4,108,1,96.35,5.71,"Equipo_2","Database","Low","Success"
7.05,10.61,142,3,79.52,20.92,"Equipo_3","Auth","Low","Success"
13.55,6.45,103,0,92.84,25.86,"Equipo_5","Auth","Low","Success"
3.27,8.28,132,2,55.47,19.29,"Equipo_4","Payments","Low","Success"
6.79,8.26,122,1,67.86,45.6,"Equipo_1","Dashboard","Medium","Success"
5.43,9.5,116,2,57.78,8.07,"Equipo_4","Database","Low","Failed"
15.02,7.21,122,3,65.04,41.67,"Equipo_1","Dashboard","Low","Success"
9.99,6,129,3,45.32,11.47,"Equipo_2","Payments","Low","Success"
4.71,7.65,114,1,72.31,10.18,"Equipo_2","Dashboard","Low","Success"
15.14,15.04,113,1,94.66,61.26,"Equipo_2","Database","Medium","Success"
4.47,7.13,133,3,60.46,9.83,"Equipo_5","Payments","Low","Success"
11.39,10.47,125,4,55.69,14.89,"Equipo_2","Payments","Low","Success"
11.7,3.79,145,0,63.91,29.88,"Equipo_4","Auth","Low","Success"
9.35,15.42,106,3,51.45,6.48,"Equipo_2","Database","High","Success"
4.88,4.33,119,1,81.93,37.36,"Equipo_4","Auth","Medium","Success"
5.91,8.35,116,1,79.24,5.82,"Equipo_3","Dashboard","Low","Success"
6.65,8.11,105,3,76.7,14.25,"Equipo_3","API","Low","Success"
4.04,7.55,110,1,51.68,28.96,"Equipo_3","Payments","Low","Success"
6.88,3.89,98,1,88,11.15,"Equipo_2","Auth","High","Success"
8.69,5.53,129,1,80.26,3.97,"Equipo_3","API","Low","Success"
10.14,10.77,125,1,87.19,10.03,"Equipo_5","Dashboard","High","Success"
12.76,8.4,137,0,80.96,38.85,"Equipo_3","Database","High","Success"
11.51,7.88,134,2,67.13,8.36,"Equipo_5","Dashboard","High","Success"
9.75,8.79,104,1,49.62,4.96,"Equipo_4","Auth","Low","Success"
21.37,8.44,141,1,49.94,26.3,"Equipo_4","API","Low","Success"
19.56,8.42,128,4,88.6,21.25,"Equipo_5","API","Medium","Success"
12.31,9.95,115,2,83.74,67.01,"Equipo_4","API","Medium","Success"
10.98,9.54,127,1,52.54,17.33,"Equipo_5","Dashboard","High","Success"
9.82,11.26,110,2,59.69,33.77,"Equipo_4","Dashboard","Medium","Success"
9.33,7.79,129,2,50.43,4.55,"Equipo_1","Database","Medium","Failed"
2.68,8.87,122,1,63.21,4.4,"Equipo_3","Payments","Low","Failed"
6.92,2.59,151,3,48.12,20.17,"Equipo_3","Payments","Low","Success"
10.31,11.35,120,2,63.02,8.46,"Equipo_2","Database","Medium","Success"
16.5,10.24,119,3,47.97,15.77,"Equipo_1","Auth","Medium","Success"
8.42,7.49,113,1,84.12,7.11,"Equipo_4","Payments","Medium","Success"
10.77,12.73,130,1,79.2,23.77,"Equipo_2","Payments","Medium","Success"
7.01,7.4,116,0,90.46,12.41,"Equipo_5","Payments","Medium","Success"
16.08,8.88,109,0,59.8,39.63,"Equipo_2","Payments","Low","Success"
12.58,4.31,128,2,99.54,25.48,"Equipo_2","Dashboard","Low","Success"
12.7,8.53,110,2,80.67,27.02,"Equipo_5","Payments","High","Success"
10.3,6.06,140,2,52.03,2.39,"Equipo_1","API","High","Success"
10.67,6.43,127,0,54.76,4.53,"Equipo_1","Payments","High","Success"
11.25,12.75,137,2,72.97,6.23,"Equipo_1","Auth","Medium","Success"
8.29,10.94,120,2,54.34,8.28,"Equipo_3","Payments","Low","Success"
5.58,6.27,110,1,63.19,3.4,"Equipo_2","Dashboard","High","Success"
11.39,10.39,122,0,97.91,4.62,"Equipo_1","Auth","Medium","Success"
7.44,10.54,120,2,88.31,28.86,"Equipo_3","Payments","Low","Success"
10.89,9.5,128,4,54.64,20.45,"Equipo_1","Payments","Critical","Success"
10.65,8.03,118,0,75.11,24.42,"Equipo_3","Dashboard","Low","Success"
5.63,8.68,125,3,88.37,10.19,"Equipo_5","Auth","Medium","Success"
8.03,10.15,136,0,57.61,23.01,"Equipo_1","Auth","Critical","Success"
26.29,7.05,122,4,47.45,17.63,"Equipo_5","Database","Medium","Success"
4.59,11.89,129,0,66.32,32.92,"Equipo_3","Database","Medium","Success"
6.61,7.7,122,4,66.12,5.8,"Equipo_1","API","High","Success"
8.6,10.84,116,1,82.69,13.62,"Equipo_4","API","Critical","Success"
11.19,8.67,126,0,49.93,28.75,"Equipo_2","Payments","Medium","Success"
10.68,6.35,103,3,71.41,11.05,"Equipo_4","API","Medium","Rolled_Back"
7.02,7.84,102,0,55.22,71,"Equipo_5","Dashboard","High","Success"
6.48,9.36,125,1,64.11,36.63,"Equipo_4","API","Medium","Success"
8.49,6.57,123,2,96.79,4.39,"Equipo_5","Database","Medium","Failed"
11.07,6.51,115,0,98.38,13.22,"Equipo_1","Dashboard","Low","Success"
13.94,9.48,87,1,69.23,40.93,"Equipo_4","Dashboard","High","Success"
11.21,9.48,134,2,95.91,10.06,"Equipo_1","Dashboard","Low","Success"
5.43,10.73,131,1,91.92,21.7,"Equipo_4","API","Medium","Success"
7.17,9.37,112,0,89.32,38.24,"Equipo_3","API","High","Success"
15.34,10.31,128,2,91.91,13.22,"Equipo_1","API","Medium","Success"
13.09,6.73,141,1,81.89,35.14,"Equipo_3","Payments","Critical","Success"
6.4,12.16,115,3,98.76,11.91,"Equipo_1","Dashboard","Low","Success"
8.58,9.65,121,1,75.48,24.89,"Equipo_4","API","Medium","Success"
5.72,7.34,112,1,64.44,12.6,"Equipo_4","Dashboard","Low","Failed"
4.16,6.86,119,2,66.79,9.96,"Equipo_3","Database","Medium","Success"
6.95,4.57,108,1,92.48,16.69,"Equipo_4","Dashboard","Medium","Success"
5.95,9.95,122,0,88.94,26.41,"Equipo_3","API","Low","Success"
8.74,4.11,105,1,66.73,5.21,"Equipo_3","Payments","Low","Rolled_Back"
10.36,11.43,129,3,68.21,18.42,"Equipo_5","Database","Medium","Failed"
13.88,7.31,127,3,47.39,34.57,"Equipo_4","Auth","High","Failed"
9.9,8.97,143,3,48.1,1.92,"Equipo_1","Auth","Low","Success"
9.33,5.63,125,0,68.08,24.87,"Equipo_2","Dashboard","Low","Success"
6.63,10.08,124,1,78,15.41,"Equipo_5","Dashboard","Low","Failed"
7.77,11.56,135,1,75.23,14.28,"Equipo_5","Database","Low","Success"
10.57,7.42,107,0,65.7,29.95,"Equipo_1","Auth","High","Success"
2.83,11.45,133,1,94.46,11.24,"Equipo_3","Auth","Low","Success"
8.88,9.33,134,2,55.46,12.94,"Equipo_2","Dashboard","Medium","Success"
9.74,9.2,103,0,60.57,16.07,"Equipo_1","Payments","Low","Success"
15.17,9.52,113,1,51.31,54.66,"Equipo_4","Dashboard","Low","Success"
11.32,6.23,102,2,96.27,27.4,"Equipo_5","API","High","Success"
7.88,7.09,113,0,92.35,20.65,"Equipo_5","Auth","Low","Rolled_Back"
4.4,4.31,148,2,65.43,13.44,"Equipo_2","Payments","Critical","Success"
6.81,4.1,119,3,78.91,5.95,"Equipo_4","Payments","Medium","Success"
15.06,8.46,115,2,62.51,22.19,"Equipo_5","Database","Medium","Success"
15.31,4.69,113,2,46.08,32.66,"Equipo_3","Auth","Low","Success"
16.01,7.6,122,0,55.55,20.57,"Equipo_4","Dashboard","Critical","Success"
4.46,3.86,126,2,73.44,25.81,"Equipo_5","API","Medium","Failed"
8.91,10.9,98,1,72.39,46.9,"Equipo_3","Dashboard","Low","Success"
11.12,9.23,101,1,87.49,11.21,"Equipo_1","Payments","Medium","Success"
5.3,5.79,125,0,56.21,20.92,"Equipo_3","Database","Low","Failed"
10.37,8.95,106,1,48.86,27.62,"Equipo_3","Database","Low","Success"
11.46,10.15,138,1,54.23,29.33,"Equipo_2","Dashboard","Medium","Failed"
10.69,3.89,129,1,56.48,11.35,"Equipo_4","API","Low","Success"
11.93,7.55,122,1,73.49,12.15,"Equipo_5","Database","Medium","Success"
8.03,7.71,113,3,54.78,23.7,"Equipo_3","Database","High","Failed"
11.8,9.02,109,1,61.21,31.41,"Equipo_1","Payments","Medium","Success"
5.3,6.18,104,2,59.18,14.26,"Equipo_3","Database","Medium","Success"
7.32,9.69,116,0,48.15,47.84,"Equipo_1","Dashboard","Medium","Success"
10.97,7.33,113,0,62.12,0.96,"Equipo_2","Auth","High","Success"
6.58,6.55,119,3,96.63,27.53,"Equipo_1","Payments","Medium","Failed"
4.99,4.6,124,1,91.72,23.85,"Equipo_2","Database","Medium","Success"
8.1,1.86,112,1,49.88,3.59,"Equipo_3","API","Medium","Success"
10.54,6.83,106,1,96.19,5.83,"Equipo_1","API","Medium","Success"
9.49,12.46,125,0,84.92,4.03,"Equipo_5","API","Medium","Success"
6.61,9.67,135,2,84.77,36.96,"Equipo_4","API","Medium","Success"
4.56,5.87,115,1,63.73,25.14,"Equipo_4","Dashboard","Medium","Success"
6.6,8.69,125,0,99.56,8.28,"Equipo_3","Payments","Critical","Rolled_Back"
6.74,3.34,96,2,93.78,12.97,"Equipo_1","Database","High","Success"
17.59,9.91,116,1,68.87,20.18,"Equipo_5","Dashboard","High","Success"
9.13,6.77,113,3,81.82,24.1,"Equipo_2","Database","Medium","Success"
5.08,5,118,2,86.34,12.65,"Equipo_4","Dashboard","Critical","Success"
2.06,4.52,127,1,60,31.13,"Equipo_5","Dashboard","Medium","Success"
5.9,11.98,135,2,78.31,7.18,"Equipo_3","Auth","Low","Success"
5.94,7.08,119,3,95.6,59.82,"Equipo_1","Dashboard","Low","Success"
2.89,7.94,111,1,86.76,15.43,"Equipo_5","Database","High","Success"
15.86,4.93,121,0,63.21,38.34,"Equipo_1","API","Low","Success"
10.3,7.3,118,3,85.24,46.6,"Equipo_3","Payments","Low","Failed"
13.72,11.22,118,7,85.76,7.78,"Equipo_3","API","Low","Failed"
7.39,5.17,117,0,80.61,9.07,"Equipo_2","API","Medium","Success"
7.91,7.53,122,1,96.21,1.47,"Equipo_3","API","Medium","Success"
14.13,12.61,117,4,94.07,17.03,"Equipo_1","API","Low","Success"
13.82,6.58,110,0,90.59,26.48,"Equipo_5","API","High","Success"
5.09,11.91,113,2,77.25,19.89,"Equipo_5","Auth","Low","Success"
16.21,7.42,138,2,92.05,25.27,"Equipo_1","Database","Low","Success"
2.36,6.3,116,2,76.06,6.82,"Equipo_3","Auth","Low","Success"
9.77,8.3,117,2,53.09,27.68,"Equipo_3","Auth","Medium","Rolled_Back"
6.7,7.55,130,1,57.6,25.5,"Equipo_5","API","Low","Success"
4.92,9.25,119,5,87.36,40.23,"Equipo_3","API","Low","Success"
12.47,8.05,110,2,52.39,23.9,"Equipo_1","API","High","Success"
4.47,4.94,138,1,50.39,23.56,"Equipo_5","Database","Low","Success"
6.28,5.74,119,2,47.01,35.29,"Equipo_2","Payments","Medium","Success"
11.55,7.25,99,1,67.05,18.34,"Equipo_3","Database","Low","Success"
6.86,6.32,124,2,63.05,25.46,"Equipo_1","Auth","Medium","Success"
15.53,5.01,108,4,94.5,11.14,"Equipo_4","Dashboard","Medium","Success"
12.49,8.82,142,1,66.4,11.65,"Equipo_1","Payments","High","Rolled_Back"
4.51,8.28,115,5,58.25,18.05,"Equipo_4","Dashboard","Medium","Success"
14.7,7.77,130,3,97.22,34.89,"Equipo_4","Auth","Medium","Success"
10.09,11.76,118,4,81.79,20.5,"Equipo_5","Payments","Medium","Success"
21.42,8.92,113,4,71.03,23.59,"Equipo_3","Auth","Low","Success"
16.77,11.06,122,1,70.81,10.47,"Equipo_3","API","Low","Success"
7.19,5.6,122,1,94.78,46.05,"Equipo_2","Database","Medium","Success"
3.89,3.72,136,7,48.65,40.41,"Equipo_4","Payments","Medium","Success"
8,6.93,114,1,91.43,8.35,"Equipo_5","Payments","Low","Success"
8.97,8.82,122,1,54.56,25.97,"Equipo_3","API","Medium","Success"
4.99,12.35,128,1,78.19,50.81,"Equipo_1","Auth","High","Success"
12.6,7.82,127,2,90.88,21.66,"Equipo_5","Payments","Low","Success"
3.79,8.47,106,1,77.61,8.85,"Equipo_5","Payments","Medium","Success"
4,4.01,103,0,74,14.37,"Equipo_5","Auth","Medium","Failed"
8.64,12.15,117,2,89.47,24.18,"Equipo_4","API","Medium","Rolled_Back"
3.2,1.82,108,2,77.3,24.15,"Equipo_4","Dashboard","Critical","Success"
11.47,8.42,107,1,57.12,54.97,"Equipo_3","Database","High","Success"
14.83,4.68,110,3,80.28,23.43,"Equipo_3","Auth","Medium","Success"
11.85,11.41,115,3,70.15,17.64,"Equipo_1","API","Medium","Success"
7.32,8.85,122,4,64.65,22.28,"Equipo_4","Database","Medium","Success"
11.18,8.49,135,2,88.14,37.77,"Equipo_1","API","Medium","Failed"
6.02,9.21,141,1,70.47,35.31,"Equipo_1","Dashboard","Low","Failed"
6.95,8.1,101,0,59.63,8.6,"Equipo_5","Payments","Low","Success"
12.26,6.16,120,3,58.94,37.03,"Equipo_4","Payments","High","Success"
8.32,11.93,105,1,79.39,10.8,"Equipo_3","Auth","High","Success"
17.23,11.31,109,4,73.87,17.28,"Equipo_3","Database","Low","Success"
11.84,10.18,105,1,92.37,37.85,"Equipo_4","Payments","Low","Rolled_Back"
7.97,9.01,119,0,87.5,5.52,"Equipo_2","API","Medium","Success"
2.55,11.02,114,1,85.44,0.48,"Equipo_5","Auth","Low","Success"
4.79,7.52,120,4,66.15,39.38,"Equipo_2","Dashboard","Low","Success"
15.65,3.23,107,2,79.54,10.26,"Equipo_1","Payments","Medium","Success"
16.05,6.75,111,2,48.99,18.63,"Equipo_4","API","Medium","Success"
8.71,5.61,83,2,83.15,28.85,"Equipo_2","Auth","Medium","Failed"
8.85,8.78,122,1,94.93,31.54,"Equipo_4","API","Medium","Success"
1.68,4.56,127,1,92.03,46.05,"Equipo_5","Dashboard","High","Failed"
11.08,9.16,114,3,45.18,13.44,"Equipo_4","Auth","Low","Success"
19.64,9.14,110,0,68.21,29.03,"Equipo_2","API","Medium","Success"
16.99,10.8,136,1,66.23,18.61,"Equipo_1","Auth","Medium","Success"
10.36,11.1,131,3,82.7,15.01,"Equipo_1","Auth","High","Success"
7.88,5.98,123,2,79.22,14.15,"Equipo_2","Dashboard","Low","Failed"
2.6,12.31,119,0,45.08,40.65,"Equipo_1","API","Low","Failed"
9.47,8.58,131,0,72.04,13.17,"Equipo_5","Dashboard","Low","Success"
18.69,6.16,114,0,91.5,19.94,"Equipo_2","Database","Critical","Success"
15.34,4.46,123,2,45.72,34.98,"Equipo_1","Database","Low","Success"
6.2,13.22,129,1,83.52,6.76,"Equipo_1","API","Low","Success"
13.36,9.97,129,2,91.77,6.49,"Equipo_3","Dashboard","Low","Success"
14.19,11.25,143,1,96.67,6.39,"Equipo_3","Database","Low","Success"
12.97,6.54,132,0,62.15,6.03,"Equipo_3","Database","Low","Success"
13.05,10.1,131,1,82.19,10.42,"Equipo_1","Auth","Medium","Rolled_Back"
5.31,3.68,128,4,45.41,3.84,"Equipo_5","API","Medium","Rolled_Back"
4.55,5.94,120,2,67.14,7.82,"Equipo_4","Database","Medium","Success"
6.6,6.97,115,2,99.75,17.16,"Equipo_3","Auth","Medium","Success"
3.1,0.5,128,3,45.86,11.97,"Equipo_4","Database","High","Success"
8.35,5.24,114,1,96.54,12.68,"Equipo_5","Auth","Low","Success"
4.48,9.54,133,2,45.73,33.55,"Equipo_2","Database","Low","Success"
5.41,4.44,123,3,71.58,9.66,"Equipo_2","Database","Medium","Success"
12.71,6.97,114,2,90.44,10.48,"Equipo_5","Database","High","Success"
4.09,7.6,107,0,54.43,9.93,"Equipo_4","Database","Medium","Success"
6.75,5.8,135,0,82.56,2.7,"Equipo_3","Dashboard","High","Success"
10.29,7.89,128,3,56.82,18.51,"Equipo_1","API","Low","Success"
9.3,8.85,108,1,92.71,11.86,"Equipo_2","API","High","Success"
10.37,5.89,126,2,56.75,21.38,"Equipo_3","Auth","High","Success"
9.16,6.14,103,1,98.68,9.16,"Equipo_4","Database","Low","Rolled_Back"
11.35,9.03,119,2,54.62,42.09,"Equipo_4","API","Medium","Success"
9.65,4.52,130,1,85.31,24.25,"Equipo_3","Database","Critical","Success"
12.28,12.13,89,1,99.02,7.42,"Equipo_5","API","Medium","Failed"
9.88,11.81,111,1,56.11,64.25,"Equipo_5","Payments","High","Success"
15.28,8.71,123,0,92.71,11,"Equipo_3","Dashboard","Low","Success"
8.75,8.05,139,3,52.41,10.49,"Equipo_4","Dashboard","Low","Success"
10.61,4.37,115,0,81.19,29.17,"Equipo_5","Auth","Low","Success"
9.85,2.19,116,1,74.07,9.94,"Equipo_1","Database","Low","Failed"
10.16,12.54,120,1,49.55,52.75,"Equipo_5","Dashboard","High","Success"
8.22,3.38,142,2,53.72,15.78,"Equipo_1","API","Medium","Success"
5.81,13.05,122,2,61.77,9.86,"Equipo_4","Payments","Medium","Failed"
10.26,8.94,139,2,68.44,72.86,"Equipo_5","Database","Low","Failed"
10.69,5.94,107,1,62.25,46.04,"Equipo_4","Auth","Low","Failed"
8.87,8.26,122,2,85.68,16.58,"Equipo_3","API","Low","Success"
6.55,4.35,107,1,95.07,16.34,"Equipo_3","Payments","Medium","Failed"
3.16,7.74,131,4,87.43,15.32,"Equipo_5","Auth","Low","Success"
7.69,10.07,136,2,50.65,20.85,"Equipo_2","API","Low","Failed"
1.74,7.56,117,0,91.69,10.71,"Equipo_5","Auth","Low","Success"
9.05,9.89,124,1,46.26,6.23,"Equipo_3","Database","High","Success"
26.96,6.9,136,2,84.68,32.32,"Equipo_5","Auth","Medium","Success"
17.1,9.06,127,2,53.45,2.82,"Equipo_4","Auth","High","Success"
11.52,9,135,2,71.26,13.94,"Equipo_4","Payments","Low","Success"
17.21,8.8,133,0,98.01,54.28,"Equipo_4","Database","Critical","Success"
4.5,3.1,123,1,95.59,13.42,"Equipo_1","Payments","Low","Failed"
9.8,10.45,128,1,61.44,13.36,"Equipo_1","Dashboard","Medium","Success"
7.82,8.24,121,1,78.07,7.47,"Equipo_4","Database","Medium","Success"
15.11,11.04,134,1,75.13,5.19,"Equipo_5","API","Low","Success"
9.44,8.39,119,3,62.07,16.09,"Equipo_2","Auth","High","Success"
25.26,11.01,111,1,75.14,39.3,"Equipo_4","Dashboard","Medium","Success"
11.89,9.32,128,0,89.12,17.83,"Equipo_2","Payments","Low","Success"
3.7,13.43,119,0,92.99,3.45,"Equipo_5","Database","Critical","Failed"
16.19,9.89,110,0,74.06,73.4,"Equipo_5","Auth","Medium","Failed"
10.86,9.43,110,0,98.51,19.71,"Equipo_2","Payments","Critical","Success"
9.09,9.6,109,0,46.29,24.75,"Equipo_4","Dashboard","Medium","Success"
7.55,10.17,119,3,99.48,8.68,"Equipo_4","Dashboard","Low","Rolled_Back"
7.12,9.69,119,0,90.32,20.34,"Equipo_3","Dashboard","High","Success"
10.5,7.8,131,3,55.74,69.25,"Equipo_5","Dashboard","Low","Success"
9.27,10.94,86,0,76.64,10.11,"Equipo_1","Database","Medium","Success"
8.22,6.87,94,0,76.41,10.44,"Equipo_3","Payments","Low","Success"
14.08,11.84,114,2,98.49,103.27,"Equipo_3","Auth","Low","Success"
8.97,11.52,123,2,95.28,16.68,"Equipo_4","Database","High","Rolled_Back"
11.61,9.38,136,1,51.25,35.27,"Equipo_2","Auth","Low","Failed"
4.23,11.05,123,1,76.18,54.06,"Equipo_2","Dashboard","Low","Success"
20.21,9.53,126,2,87.64,4.31,"Equipo_4","Payments","Medium","Success"
4.21,6.57,117,1,99.06,4.56,"Equipo_3","Dashboard","Medium","Success"
5.27,8.07,125,1,76.81,13.76,"Equipo_4","Payments","Low","Success"
6.14,9.95,89,2,85.99,17.73,"Equipo_4","API","Medium","Success"
6.92,2.47,116,3,48.03,23.68,"Equipo_1","Payments","Medium","Success"
13.29,4.7,109,3,61.06,14.72,"Equipo_2","Auth","Low","Success"
5.39,6.18,110,4,80.57,23.26,"Equipo_1","Database","Medium","Success"
5.09,11.81,128,2,69.75,13.08,"Equipo_1","Dashboard","Low","Success"
12.42,5.43,143,0,68.14,11.63,"Equipo_4","Database","Medium","Success"
8.3,6.35,121,2,95.27,21.88,"Equipo_5","Auth","Low","Success"
9.7,4.96,127,2,58.53,48.59,"Equipo_4","Database","Medium","Rolled_Back"
4.52,3.01,110,4,85.98,17.91,"Equipo_5","Dashboard","High","Success"
7.05,11.1,125,2,81.32,1.96,"Equipo_4","API","Low","Success"
11.12,9.25,111,2,48.97,22.16,"Equipo_2","Dashboard","Critical","Rolled_Back"
13.5,9.09,117,0,47.39,59.32,"Equipo_1","Auth","Low","Success"
7.2,8.47,132,2,89.39,34.84,"Equipo_1","API","Low","Success"
12.02,8.29,129,1,58.61,12.41,"Equipo_5","Dashboard","Low","Rolled_Back"
6.79,9.77,115,0,97.67,35.57,"Equipo_1","Payments","Low","Rolled_Back"
8.27,5.51,135,4,62.7,6.2,"Equipo_4","Auth","Low","Success"
15.86,4.53,125,1,99.74,11.86,"Equipo_3","Payments","High","Success"
3.97,8.22,122,3,67.31,7.89,"Equipo_5","Database","Low","Success"
16.93,8.01,138,2,94.29,12.96,"Equipo_3","Database","High","Success"
3.89,6.54,124,0,91.87,15.29,"Equipo_4","Dashboard","Medium","Success"
9.84,8.5,123,0,84.01,20.22,"Equipo_1","Auth","Medium","Success"
19.29,8.34,123,0,71.55,27.71,"Equipo_1","Auth","High","Success"
9.98,4,110,1,70.59,10.53,"Equipo_3","Dashboard","Low","Success"
8.71,9.37,116,2,63.71,12.22,"Equipo_5","Payments","Low","Failed"
12.14,7.35,144,1,69.51,17.69,"Equipo_1","Auth","Medium","Success"
7.09,5.33,125,0,68.9,12.37,"Equipo_4","API","Critical","Success"
6.12,7.54,110,2,70.87,21.3,"Equipo_1","Auth","Medium","Success"
3.9,6.58,133,2,68.1,9.79,"Equipo_1","Payments","High","Success"
11.53,8.65,102,1,74.04,4.36,"Equipo_5","Database","Medium","Success"
3.55,7.82,128,0,63.53,13.93,"Equipo_2","Auth","High","Success"
6.95,8.11,133,1,67.71,15.39,"Equipo_3","Database","Low","Success"
13.83,6.72,126,1,52.71,43,"Equipo_2","Dashboard","Low","Failed"
9.29,8.65,119,0,60.63,42.26,"Equipo_1","Database","Low","Failed"
14.69,9.13,122,2,56.74,7.4,"Equipo_4","Payments","Medium","Success"
11.59,6.39,119,3,84.75,27.36,"Equipo_5","API","High","Success"
16.37,2.22,124,0,53.59,31.77,"Equipo_2","Database","Low","Failed"
9,7.63,120,2,88.65,8.11,"Equipo_2","API","Low","Success"
11.77,9.46,109,1,56.21,20.41,"Equipo_2","Dashboard","Low","Success"
12.25,13.99,131,1,54.28,2.2,"Equipo_5","Database","Medium","Success"
3.79,10.35,112,1,85.19,4.85,"Equipo_5","Dashboard","Critical","Success"
10.79,3.09,116,2,58.94,32.89,"Equipo_3","Payments","Low","Success"
11.76,11.75,132,2,73.48,36.43,"Equipo_1","API","Low","Success"
3.98,13.85,123,0,55.44,4.95,"Equipo_1","Database","Medium","Success"
17.62,11.77,140,0,60.01,22.75,"Equipo_4","Payments","Low","Rolled_Back"
5.02,9.2,134,2,65.66,12.21,"Equipo_5","Dashboard","Low","Success"
12.36,5.32,125,1,70.25,10.77,"Equipo_2","Auth","High","Success"
6.35,6.4,111,1,86.42,5.53,"Equipo_1","Auth","High","Success"
8.26,7.3,129,0,87.7,13.37,"Equipo_2","API","High","Success"
8.69,10.38,126,2,68.36,23.57,"Equipo_5","Database","Medium","Success"
16.95,6.11,100,3,98.25,4.74,"Equipo_2","Auth","Medium","Failed"
6.69,6.57,117,0,86.65,26.95,"Equipo_4","Payments","Low","Success"
5.08,5.71,116,2,75.61,8.98,"Equipo_4","Dashboard","Low","Failed"
10.21,6.66,118,2,45.24,31.07,"Equipo_2","Payments","Medium","Success"
5.22,5.27,119,2,63.8,7.17,"Equipo_1","Database","Medium","Success"
10.89,12.86,131,0,77.76,35.62,"Equipo_5","API","Low","Success"
12.21,7.28,124,0,84.48,24.84,"Equipo_3","Database","Low","Success"
18.71,8.13,113,1,68.75,20.59,"Equipo_1","Auth","Low","Success"
6.82,7.29,100,1,84.96,19.4,"Equipo_1","Auth","Medium","Success"
11.32,12.4,113,0,66.34,46.43,"Equipo_2","Payments","Low","Success"
13.42,10.97,119,3,76.93,11.41,"Equipo_5","API","Medium","Success"
11.52,6.09,91,1,67.65,21.73,"Equipo_2","Dashboard","Low","Success"
9.92,12.49,140,5,72.08,2.92,"Equipo_3","API","Low","Success"
16.58,7.21,118,1,86.89,7.59,"Equipo_2","Database","Critical","Success"
7.26,12.02,136,1,47.87,33.16,"Equipo_2","API","Medium","Success"
14.63,7.33,124,2,95.43,11.84,"Equipo_2","Database","Medium","Success"
3.57,6.43,103,1,63,4.75,"Equipo_1","API","Low","Success"
13.5,8.13,125,1,45.42,30.19,"Equipo_5","Payments","Medium","Failed"
7.75,5.83,106,3,91.58,17.17,"Equipo_3","Database","Medium","Success"
8.06,9.55,116,1,77.86,7.31,"Equipo_1","Payments","Medium","Rolled_Back"
2.78,7.43,130,1,64.56,6.44,"Equipo_1","Payments","Medium","Success"
6.46,7.73,139,1,54.63,7.94,"Equipo_4","API","Low","Failed"
18.89,7.46,129,1,75.83,11.07,"Equipo_5","API","Medium","Success"
12.12,12.47,107,1,63.86,5.07,"Equipo_2","Dashboard","Medium","Success"
14.93,11.31,115,1,90.44,9.18,"Equipo_4","Auth","High","Failed"
7.86,8.16,108,0,91.28,16.75,"Equipo_4","Payments","Medium","Success"
14.37,10.5,124,2,86.49,7.05,"Equipo_2","Dashboard","Medium","Success"
15.67,9.64,126,3,71.28,3.86,"Equipo_2","Payments","Low","Success"
5.87,9.5,94,1,90.28,31.72,"Equipo_4","Auth","Medium","Success"
8.06,2.7,118,0,63.6,2.97,"Equipo_3","Payments","Medium","Success"
17.59,11.66,118,0,78.64,16.28,"Equipo_1","Payments","Low","Success"
5.29,7.09,128,0,57.56,5.93,"Equipo_1","Auth","Medium","Success"
12.24,10.33,111,4,66.76,48.05,"Equipo_3","Database","Low","Success"
8.39,12.57,126,0,72.38,47.23,"Equipo_2","Database","Medium","Success"
8.47,6.62,114,0,69.01,51.44,"Equipo_2","API","Medium","Success"
13.99,4.18,124,2,64.66,5.67,"Equipo_2","Dashboard","Low","Success"
13.27,12.39,125,0,52.3,60.56,"Equipo_5","Payments","Low","Success"
11.17,10.18,133,3,97.09,23.46,"Equipo_5","Auth","Medium","Success"
7.39,5.06,128,0,53.89,19.12,"Equipo_5","Payments","Low","Success"
9.33,6.8,119,5,98.98,26.95,"Equipo_4","Payments","Medium","Rolled_Back"
11.02,5.8,125,2,81.1,42.11,"Equipo_4","Database","High","Success"
4.19,6.94,128,0,77,23.57,"Equipo_3","Database","Low","Failed"
11.87,10.6,124,2,93.2,16.69,"Equipo_4","Database","Medium","Success"
11.22,11.9,139,3,89.88,43.22,"Equipo_4","API","High","Success"
9.3,9.83,108,2,76.91,42.35,"Equipo_4","Database","Medium","Success"
13.59,3,115,1,53.62,9.38,"Equipo_3","API","Low","Failed"
10.36,5.65,144,1,61.01,16.83,"Equipo_4","Payments","High","Success"
8.42,7.89,117,4,94.3,3.29,"Equipo_3","API","Low","Success"
3.14,6.2,117,2,88.55,8.75,"Equipo_3","Database","Medium","Success"
13.19,5.01,138,3,89.28,23.36,"Equipo_2","Dashboard","Low","Success"
9.92,9.06,103,3,91.27,6.18,"Equipo_1","Database","Medium","Success"
7.05,8.83,135,4,68.3,20.65,"Equipo_2","API","Low","Success"
5.46,9.1,116,1,82.58,23.09,"Equipo_4","Payments","Medium","Success"
10.21,10.26,104,1,64.9,29.3,"Equipo_5","Dashboard","Medium","Success"
13.61,11.81,113,0,58.72,20.04,"Equipo_3","Auth","Low","Success"
4.82,5.88,125,2,67.21,7.67,"Equipo_4","Dashboard","Low","Success"
5.53,8.73,107,2,86.08,6.65,"Equipo_5","Payments","Low","Success"
5.97,11.37,113,1,59.62,8.27,"Equipo_1","API","Medium","Success"
10.7,7.49,112,0,99.09,12.96,"Equipo_4","Database","Medium","Success"
12.41,6.78,115,2,75.72,10.49,"Equipo_2","Dashboard","Critical","Success"
11.78,8.35,112,4,62.4,17.92,"Equipo_5","API","Low","Success"
6.66,4.69,117,2,52.93,4.92,"Equipo_5","Dashboard","Medium","Success"
6.37,5.59,135,1,82.97,11.83,"Equipo_5","Payments","Low","Success"
13.33,7.91,134,1,64.49,10.85,"Equipo_2","API","Medium","Success"
22.79,8.35,123,1,67.59,30.45,"Equipo_1","Database","Low","Success"
10.21,7.35,107,0,54.14,32.78,"Equipo_2","Auth","Critical","Success"
9.44,9.12,128,2,65.62,12.08,"Equipo_3","Payments","Medium","Success"
11.25,5.91,100,1,46,19.49,"Equipo_2","Auth","Medium","Failed"
9.01,9,97,0,50.95,25.3,"Equipo_5","Dashboard","Low","Success"
4.03,4.47,119,1,58.81,34.49,"Equipo_3","Dashboard","Medium","Failed"
5.9,8.35,113,1,46.37,15.23,"Equipo_5","API","High","Failed"
3.31,6.54,118,0,75.14,27.03,"Equipo_3","Payments","Medium","Success"
9.41,8.35,112,1,91.75,4.25,"Equipo_5","Dashboard","High","Success"
8.98,8.89,111,3,72.01,9.71,"Equipo_4","API","Medium","Success"
11.27,5.38,118,5,56.81,26.59,"Equipo_3","Auth","Medium","Success"
7.08,8.73,113,3,68.33,2.46,"Equipo_1","Payments","Medium","Success"
5.93,9.44,133,2,57.94,32.85,"Equipo_4","Auth","Low","Failed"
6.56,9.21,103,1,61.25,24.81,"Equipo_4","Database","Medium","Success"
5.88,12.5,130,1,55.19,15.76,"Equipo_4","API","Low","Failed"
7.29,11.08,129,2,55.88,63.59,"Equipo_2","API","High","Failed"
3.48,8.84,113,0,76.96,24.1,"Equipo_5","Database","Medium","Success"
8.07,10.37,121,3,77.05,19.87,"Equipo_4","Payments","Critical","Success"
6.06,13.07,118,2,47.27,32.82,"Equipo_4","Dashboard","Medium","Success"
1.73,7.3,121,1,83.09,36.49,"Equipo_3","Dashboard","Low","Success"
5.9,4.95,117,1,54.63,7.13,"Equipo_2","Database","Medium","Success"
9.47,6.53,130,3,71.29,32.37,"Equipo_2","Auth","Low","Success"
7.68,6.4,118,2,48.76,13.37,"Equipo_5","API","Medium","Success"
5.47,13.03,136,1,89.7,13.16,"Equipo_2","Database","Medium","Success"
10.42,10.76,131,1,98.88,15.07,"Equipo_3","Dashboard","Medium","Success"
6.96,8.21,137,8,45.56,3.74,"Equipo_2","Database","Medium","Success"
10.48,5.59,102,4,47.12,34.01,"Equipo_3","Payments","Low","Success"
19.51,7.97,102,0,89.59,17.23,"Equipo_3","Payments","Low","Success"
7.52,10.56,134,0,54.28,22.38,"Equipo_5","Database","Low","Success"
6.94,5.27,121,3,46.67,29.12,"Equipo_5","API","Medium","Success"
7.13,2.94,122,1,74.18,35.5,"Equipo_4","Dashboard","High","Success"
10.42,10.17,99,4,90.7,4.35,"Equipo_2","Dashboard","Medium","Success"
7.16,4.39,123,2,56.68,35.94,"Equipo_5","Dashboard","Low","Success"
9.43,11.1,106,7,96.75,10.58,"Equipo_5","Dashboard","Low","Success"
5.67,9.94,139,2,48.92,28.45,"Equipo_3","API","High","Success"
12.19,3.98,105,3,76.46,1.86,"Equipo_5","Dashboard","Low","Success"
15.38,7.76,118,1,91.69,9.3,"Equipo_5","Database","Critical","Success"
16.5,4.75,117,3,89.35,10.58,"Equipo_4","Dashboard","Medium","Success"
9.38,3.35,122,0,69.1,16,"Equipo_3","Database","Low","Success"
14.85,6.21,117,0,57.31,20.38,"Equipo_1","Database","Low","Success"
14.6,6.6,136,1,74.29,25.66,"Equipo_4","Payments","Medium","Success"
4.69,11.03,131,3,46.72,21.78,"Equipo_1","Payments","Low","Rolled_Back"
4.98,7.99,122,0,47.72,25.06,"Equipo_3","API","Medium","Success"
9.51,8.51,100,1,57.84,44.81,"Equipo_4","Auth","Low","Success"
6.91,6.02,122,0,94.21,39.1,"Equipo_5","Dashboard","Medium","Success"
5.11,7.62,102,1,98.88,5.6,"Equipo_5","Auth","Medium","Success"
7.19,7.38,115,1,79.58,9.4,"Equipo_3","Payments","Low","Success"
16.33,7.47,119,1,55.33,4.41,"Equipo_2","Database","Low","Success"
5.74,8.87,107,3,73.57,19.91,"Equipo_3","Database","Medium","Success"
9.65,8.55,133,1,56.89,5.24,"Equipo_5","Database","Low","Success"
6.58,0.5,120,1,53.6,18.66,"Equipo_1","Dashboard","Low","Rolled_Back"
10.54,8.33,136,1,67.48,13.86,"Equipo_1","Database","Low","Success"
12.57,8.48,123,3,72.79,30.1,"Equipo_3","Database","Low","Success"
19.82,6.86,128,2,95.66,32.2,"Equipo_5","Database","Medium","Success"
11.09,10.97,118,1,83.13,9.66,"Equipo_5","Dashboard","Low","Failed"
5.82,6.18,113,1,81.39,2.68,"Equipo_4","Auth","Low","Success"
6.64,8.7,112,2,91.46,4.81,"Equipo_2","Auth","High","Rolled_Back"
11.47,10.1,138,3,63.42,52.8,"Equipo_5","API","Medium","Success"
9.39,8.56,152,3,78.89,18.02,"Equipo_2","API","Medium","Success"
25.73,7.52,107,0,99.81,37.56,"Equipo_3","Auth","Medium","Success"
5.9,5.04,129,1,60.25,21.19,"Equipo_3","Payments","High","Success"
16.73,10.68,121,1,93.32,11.96,"Equipo_1","API","High","Success"
7.19,6.12,119,2,92.11,21.57,"Equipo_2","Dashboard","Low","Success"
14.77,10.44,134,1,87.53,11.9,"Equipo_1","API","Medium","Success"
15.29,9.87,113,3,51.59,7.17,"Equipo_2","API","Medium","Rolled_Back"
15.15,9.75,139,1,96.98,4.33,"Equipo_2","Payments","Low","Success"
8.86,7.36,115,1,95.01,30.62,"Equipo_4","Auth","Medium","Success"
11.91,2.29,107,2,97.92,13.91,"Equipo_3","Payments","Medium","Success"
8.61,9.59,123,5,73.21,7.4,"Equipo_1","API","Medium","Success"
11.33,6.86,135,6,61.76,28.78,"Equipo_5","Database","Medium","Success"
13.96,5.38,112,1,63.77,53.84,"Equipo_2","Auth","Low","Failed"
5.95,5.15,115,4,81.5,20.55,"Equipo_4","Auth","Low","Success"
12.34,6.61,118,2,58.35,15.41,"Equipo_2","API","High","Success"
15.84,7.04,110,2,57.08,87.28,"Equipo_4","Auth","Critical","Success"
12.08,10.46,128,2,61.85,29.16,"Equipo_2","Auth","Low","Success"
9.39,8.75,109,1,55.7,27.19,"Equipo_4","Payments","Medium","Success"
18.88,6.68,120,1,65.7,15.32,"Equipo_4","Dashboard","Medium","Success"
8.14,8.35,112,2,96.04,22.43,"Equipo_4","API","Low","Failed"
2.73,10.35,124,4,95.16,48.54,"Equipo_5","API","Low","Success"
2.65,6.41,142,0,59.62,13.71,"Equipo_4","Database","Medium","Success"
12.08,11.21,128,1,86.98,51.1,"Equipo_5","Dashboard","Low","Success"
7.06,6.54,113,4,70.86,13.16,"Equipo_4","Payments","Low","Success"
6.2,7.42,127,1,71.28,12.45,"Equipo_4","API","Low","Success"
11.55,8.42,129,0,60.47,38.37,"Equipo_1","Auth","Low","Rolled_Back"
14.91,10.43,113,1,98.32,22.61,"Equipo_3","Payments","Medium","Success"
9.91,12.3,122,1,71.18,15.66,"Equipo_5","Auth","Critical","Failed"
6.11,10.11,128,1,70.66,38.24,"Equipo_3","Payments","High","Success"
7.64,3.32,122,0,90.42,27.03,"Equipo_5","Dashboard","Medium","Success"
8.43,5.72,151,1,54.46,9.4,"Equipo_1","API","Medium","Success"
23.67,7.7,129,1,57.71,18.24,"Equipo_5","Dashboard","Medium","Success"
4.94,6.43,119,3,98.32,5.32,"Equipo_2","Dashboard","Medium","Success"
7.15,6.8,122,2,80.48,10.32,"Equipo_2","API","Medium","Success"
9.91,8.17,115,4,46.16,18.97,"Equipo_5","Payments","Medium","Success"
7.6,5.76,112,0,66.04,16.53,"Equipo_2","Payments","Low","Success"
7.36,6.62,126,1,94.33,15.23,"Equipo_3","Dashboard","Critical","Failed"
8.4,9.6,126,1,45.12,35.33,"Equipo_4","Database","Low","Success"
11.02,0.5,114,1,84.18,1.35,"Equipo_1","API","Low","Success"
8.94,8.34,130,3,76.56,50.64,"Equipo_1","Payments","High","Success"
6.12,5.76,122,0,49.16,33.33,"Equipo_4","Auth","High","Success"
11.94,8.81,116,1,77.96,34.51,"Equipo_2","Payments","Medium","Success"
15.41,6.16,117,1,96.18,6.58,"Equipo_2","Auth","Low","Success"
19.28,7.25,105,2,55.29,34.07,"Equipo_4","API","Medium","Success"
15.19,9.69,108,4,48.2,0.7,"Equipo_2","API","High","Rolled_Back"
21.42,10.38,116,0,60.85,52.62,"Equipo_4","Dashboard","Medium","Success"
22.2,9.19,111,0,71.13,25.3,"Equipo_2","Database","Low","Rolled_Back"
9.54,4.3,103,1,52.71,15.75,"Equipo_2","Database","Critical","Success"
11.07,10.3,120,2,54.88,5.69,"Equipo_1","Dashboard","Medium","Success"
19.19,5.65,121,2,76.61,7.1,"Equipo_4","Database","Low","Failed"
9.96,14.57,129,0,71.09,9.09,"Equipo_3","API","High","Success"
3.68,10.83,107,1,86.1,6.02,"Equipo_2","Payments","Medium","Success"
9.44,11.09,108,2,90.2,18.07,"Equipo_5","API","Critical","Success"
11.36,12.55,107,0,91.53,15.06,"Equipo_3","Database","Medium","Success"
9.14,7.82,133,0,83.27,16.7,"Equipo_5","Auth","Critical","Success"
13.64,6.09,109,0,75.76,20.18,"Equipo_1","API","Low","Success"
15.14,7.13,132,2,62.18,59.47,"Equipo_4","Database","Medium","Success"
14.14,9.44,110,1,87.87,38.57,"Equipo_1","Payments","Low","Success"
9.76,9.75,124,3,84.69,15.53,"Equipo_3","API","Medium","Success"
16,8.08,117,0,53,25.61,"Equipo_1","Payments","Medium","Success"
9.7,8.97,123,1,54.06,26.23,"Equipo_5","Auth","Medium","Success"
9.95,10.65,120,0,51.92,10.77,"Equipo_1","API","Critical","Success"
9.54,6.42,138,2,70.61,18.31,"Equipo_1","Auth","Low","Success"
12.34,9.01,115,1,72.86,2.88,"Equipo_1","Dashboard","Critical","Success"
6.52,3.26,118,0,74.96,13.5,"Equipo_1","Dashboard","Medium","Success"
8.9,8.74,117,2,58.74,11.15,"Equipo_4","Database","High","Success"
4.16,10.61,131,2,46.65,8.65,"Equipo_2","Payments","Low","Success"
7.71,9.71,118,2,56.93,13.72,"Equipo_3","API","Low","Success"
18.32,7.79,127,1,49.02,19.88,"Equipo_4","API","Low","Success"
8.76,9.79,106,1,63.47,5.15,"Equipo_4","Database","Low","Success"
9.87,12.41,130,4,55.18,23,"Equipo_1","Auth","Low","Failed"
9.34,7.81,118,1,49.12,23.13,"Equipo_1","API","Low","Success"
4.74,2.08,121,2,88.16,5.5,"Equipo_3","Payments","Medium","Success"
10.16,9.07,113,2,93.75,18.2,"Equipo_4","Payments","High","Failed"
12.25,9.91,129,4,87.06,19.5,"Equipo_1","Payments","High","Success"
10.1,9.16,112,2,80.81,12.26,"Equipo_4","Auth","Medium","Success"
15.84,12.09,139,0,60.22,16.59,"Equipo_2","Dashboard","Low","Success"
13.51,6.5,101,4,50.17,31.8,"Equipo_5","Dashboard","Medium","Success"
7.39,8.48,122,2,45.71,18.71,"Equipo_3","API","Medium","Success"
13.35,12.23,111,1,89.38,36.01,"Equipo_1","API","Low","Success"
3.29,6.1,100,3,56.35,31.25,"Equipo_4","API","Low","Success"
15.06,6.18,118,0,66.62,4.92,"Equipo_2","Payments","High","Success"
14.31,6.89,119,0,61.02,33.49,"Equipo_5","Database","Medium","Success"
10.05,3.69,99,2,93.98,25.62,"Equipo_4","Database","Medium","Failed"
12.86,7.88,134,0,98.89,18.05,"Equipo_1","Auth","Low","Rolled_Back"
6.83,4.9,98,0,67.66,13.24,"Equipo_4","Dashboard","High","Success"
22.33,3.47,112,1,68.02,27.86,"Equipo_2","Dashboard","Low","Success"
5.35,9.88,134,0,89.61,25.04,"Equipo_1","Auth","Medium","Success"
15.1,5.6,110,1,66.53,31.83,"Equipo_2","Database","Medium","Success"
7.3,11.25,120,2,63.89,80,"Equipo_1","Dashboard","High","Success"
12.15,7.42,128,1,96.09,1.93,"Equipo_4","Auth","Medium","Success"
11.11,8.41,137,3,93.29,16.3,"Equipo_1","Database","Low","Success"
8.98,12.32,119,2,62.82,19.72,"Equipo_4","API","High","Success"
12.94,9.14,122,5,91.48,11.05,"Equipo_4","Auth","Low","Success"
8.96,6.96,119,1,82.78,45.75,"Equipo_2","Auth","Medium","Success"
14.82,6.91,135,0,82.51,4.8,"Equipo_1","Database","Low","Success"
24.21,8.23,116,2,71.17,9.36,"Equipo_1","Auth","Low","Success"
11.02,8.15,133,0,47.97,31.4,"Equipo_4","Auth","Medium","Success"
12.41,7.27,114,1,58.98,12.8,"Equipo_5","API","High","Success"
16.08,7.37,120,0,94.28,14.38,"Equipo_5","Payments","Low","Rolled_Back"
10.62,8.32,138,1,75.43,14.12,"Equipo_3","Database","High","Success"
15.2,9.23,129,1,53.09,33.92,"Equipo_3","Dashboard","Critical","Success"
14.06,5.55,99,5,78.71,36.21,"Equipo_4","Auth","Medium","Success"
10.67,5.94,107,0,73.49,2.24,"Equipo_4","Payments","Medium","Rolled_Back"
7.98,7.23,132,2,92.12,7.49,"Equipo_1","Dashboard","Low","Success"
7.64,6.88,118,2,63.45,11.8,"Equipo_3","Dashboard","Medium","Success"
8.9,7.23,126,0,71.28,16.55,"Equipo_4","API","Critical","Failed"
16.23,8.05,117,2,65.5,1.11,"Equipo_3","Auth","Medium","Success"
9.97,12.19,116,1,60.24,32.05,"Equipo_3","API","Medium","Success"
4.06,6.74,103,0,56.99,40.69,"Equipo_1","Auth","High","Success"
13,6.06,104,3,57.06,21.15,"Equipo_1","API","Medium","Failed"
13.56,11.46,116,1,47.4,44.16,"Equipo_5","Auth","High","Success"
10.4,6.69,102,2,80.8,31.22,"Equipo_5","Database","High","Success"
5.31,4.27,122,3,90.88,41.64,"Equipo_2","Dashboard","Low","Success"
11.66,3.55,147,1,66.82,7.77,"Equipo_1","Dashboard","Low","Success"
4.42,5.11,138,2,52.56,31.01,"Equipo_4","Auth","Low","Success"
4.04,5.01,114,1,82.2,3.85,"Equipo_4","Dashboard","High","Success"
6.71,7.69,125,1,51.14,8.86,"Equipo_5","API","Medium","Success"
15.13,4.23,136,0,64.02,20.18,"Equipo_5","API","Low","Success"
11.35,8.98,104,2,84.07,21.64,"Equipo_5","API","Medium","Success"
9.51,5.96,112,3,64.19,35.29,"Equipo_1","Dashboard","Medium","Success"
15.53,7.32,133,2,67.99,9.77,"Equipo_1","Database","Low","Success"
12.24,9.27,109,1,51.34,7.06,"Equipo_3","Auth","Medium","Success"
7.72,9.05,130,0,66.08,5.56,"Equipo_5","Payments","Medium","Success"
8.45,4.72,121,0,81.64,23.85,"Equipo_1","API","High","Success"
4.2,6.09,113,2,90.94,1.19,"Equipo_5","Database","Medium","Success"
4.69,7.73,109,5,88.09,6.66,"Equipo_3","Database","Medium","Success"
9.78,7.85,120,1,98.46,11.96,"Equipo_3","Payments","Low","Success"
12.73,2.96,104,1,54.98,42.59,"Equipo_2","Payments","High","Success"
6.72,4.74,128,1,55.31,9.26,"Equipo_2","Dashboard","Medium","Success"
12.01,9.21,109,0,99.07,9.77,"Equipo_2","Dashboard","Medium","Success"
6.01,6.27,111,1,46.14,10.53,"Equipo_2","API","Low","Success"
11.63,3.86,116,1,74.81,19.31,"Equipo_4","Dashboard","Low","Success"
11.19,7,123,1,78.91,7.58,"Equipo_2","Database","Critical","Success"
11.97,4.21,121,3,47.34,43.56,"Equipo_5","Payments","Critical","Success"
7.01,10.31,110,1,93.98,4.4,"Equipo_5","Database","Medium","Success"
14.27,13,136,3,83.67,16.08,"Equipo_1","Database","Low","Success"
11.12,8.28,93,1,94.76,21.89,"Equipo_4","Payments","Medium","Success"
8.12,7.46,101,3,79.96,6.58,"Equipo_2","API","Low","Success"
4.66,7.54,120,3,62.1,14.66,"Equipo_3","Payments","Low","Success"
14.34,8.41,125,0,66.87,39.18,"Equipo_1","Dashboard","Low","Success"
5.59,7.27,108,2,72.83,5.63,"Equipo_1","Database","Medium","Success"
8.79,4.68,122,0,82.73,27.71,"Equipo_1","API","Low","Success"
4.32,9.55,126,2,47.71,26.89,"Equipo_3","Payments","High","Rolled_Back"
1.73,2.48,128,1,83.54,20.66,"Equipo_5","Auth","Low","Success"
18.6,6.5,126,2,45.9,15.28,"Equipo_1","Dashboard","Medium","Success"
5.71,7.28,115,0,86.27,13.98,"Equipo_5","Database","Medium","Success"
12.28,7.29,119,0,89.02,20.92,"Equipo_3","Auth","Low","Success"
10.8,10.12,110,2,53.43,24.19,"Equipo_1","API","High","Success"
8.58,3.96,121,2,77.94,24.22,"Equipo_2","Dashboard","High","Success"
7.78,4.76,109,0,89.45,22.72,"Equipo_2","Dashboard","Medium","Rolled_Back"
13.81,6.8,113,3,59.93,62.24,"Equipo_2","Database","Medium","Success"
9.47,10.89,111,2,60.93,24.96,"Equipo_5","Database","Low","Failed"
13.64,4.12,131,1,73.09,11.94,"Equipo_1","Auth","Low","Success"
21.44,10.12,134,3,58.14,8.54,"Equipo_3","Payments","Low","Success"
10.94,7.6,148,0,70.22,4.52,"Equipo_3","Payments","High","Success"
8.36,9.48,115,2,95.6,10.98,"Equipo_5","Payments","High","Success"
15.51,10.87,119,1,65.97,11.43,"Equipo_3","Dashboard","Medium","Success"
18.86,6.81,127,1,47.08,22.27,"Equipo_4","Auth","Critical","Success"
6.59,7.79,128,2,50.7,10.91,"Equipo_5","Database","Low","Success"
13.94,6.07,119,1,88.91,10.98,"Equipo_3","Payments","Medium","Success"
13.25,3.42,116,0,64.8,24.36,"Equipo_1","API","Low","Success"
8.47,9.27,124,3,47.06,30.7,"Equipo_3","Dashboard","Medium","Success"
15.21,8.08,101,1,99.32,42.41,"Equipo_1","Payments","Critical","Success"
12.47,6.33,121,1,85.71,54.66,"Equipo_5","Auth","Low","Success"
9.97,12.71,113,3,70.3,3.37,"Equipo_2","Dashboard","Medium","Success"
10.05,8.22,126,4,84.94,41.29,"Equipo_3","Dashboard","High","Failed"
9.35,8.46,126,0,89.46,30.86,"Equipo_4","Payments","High","Success"
6.34,4.9,126,1,63.88,16.54,"Equipo_1","Payments","Low","Success"
12.65,10.37,116,0,73.09,28.83,"Equipo_2","Payments","Critical","Success"
9.71,5.25,129,1,50.19,13.47,"Equipo_4","Dashboard","Low","Success"
7.48,5.75,122,1,76.48,22.11,"Equipo_5","Payments","High","Success"
4.82,7.11,137,1,66.53,3.99,"Equipo_2","Payments","Critical","Success"
5.01,12,124,0,48.8,6.13,"Equipo_1","API","Medium","Success"
15.4,7.05,118,1,79.23,8.09,"Equipo_4","Payments","Low","Success"
13.91,9.35,115,2,95.63,8.61,"Equipo_2","Auth","Low","Success"
5.91,5.51,117,2,99.34,24.81,"Equipo_1","Auth","Medium","Success"
19.22,9.08,126,1,53.33,24.89,"Equipo_2","Database","Medium","Success"
6.9,11.06,116,0,56.56,5.6,"Equipo_1","Dashboard","Low","Success"
14.7,9.15,121,2,48.66,17.89,"Equipo_3","Auth","Medium","Success"
5.32,7.91,116,0,84.09,11.54,"Equipo_5","Payments","Low","Success"
14.52,10.25,101,0,93.85,12.28,"Equipo_1","Database","Low","Success"
14.75,6.86,114,1,51.99,6.85,"Equipo_1","Dashboard","High","Success"
6.37,7.09,117,4,50.42,21.41,"Equipo_3","API","Medium","Failed"
2.04,6.07,111,0,46.17,4.73,"Equipo_4","Database","Medium","Success"
11.98,8.8,115,1,85.81,11.98,"Equipo_1","Payments","High","Success"
8.26,7.58,124,1,53.87,5.09,"Equipo_5","API","Medium","Success"
10.34,8.14,134,2,90.82,26.86,"Equipo_2","Payments","Low","Success"
18.1,12.88,112,0,94.72,6.25,"Equipo_5","Dashboard","Medium","Success"
8.87,6.4,126,2,97.75,21.98,"Equipo_1","Database","Medium","Success"
15.12,5.44,146,2,68.03,11.53,"Equipo_4","Auth","Low","Success"
11.66,3.67,137,1,94.99,4.47,"Equipo_2","API","Low","Rolled_Back"
9.51,3.1,113,3,87.45,29.9,"Equipo_4","Auth","Low","Success"
9.15,4.05,105,2,76.05,12.84,"Equipo_2","API","Critical","Rolled_Back"
14.18,12.87,118,1,48.65,63.18,"Equipo_1","Dashboard","Low","Success"
5.27,10.13,95,3,92.88,10.92,"Equipo_3","API","Low","Success"
7.7,10.39,131,0,77.05,29.09,"Equipo_2","Payments","Low","Success"
7.71,3.84,105,3,80.55,5.19,"Equipo_5","Auth","Low","Success"
3.22,9.65,150,1,62.22,12.73,"Equipo_1","Database","Low","Success"
7.63,5.15,120,0,71.09,19.58,"Equipo_2","Auth","Critical","Success"
8.14,5.84,130,5,72.22,3.91,"Equipo_5","Payments","Medium","Success"
12.66,8,112,1,51.19,37.92,"Equipo_3","Dashboard","Low","Success"
9.39,9.49,98,1,90.94,37.65,"Equipo_5","Payments","Low","Success"
12.2,7.36,137,4,83.89,25.74,"Equipo_1","Auth","Medium","Success"
11.17,7.17,143,0,46.98,21.87,"Equipo_3","Auth","Low","Success"
10.55,6.38,133,2,85.29,17.54,"Equipo_5","API","Medium","Success"
15.19,7.36,102,3,82.57,23.5,"Equipo_2","Database","Low","Success"
6.93,1.36,126,1,48.62,12.09,"Equipo_1","Payments","Low","Failed"
9.14,5.08,109,2,89.38,30.48,"Equipo_1","Auth","Low","Failed"
5.14,7.56,133,0,94.34,8.41,"Equipo_1","Database","Medium","Success"
3.93,13.36,127,1,78.41,20.32,"Equipo_5","API","Medium","Success"
7.06,5.79,131,2,90.2,2.55,"Equipo_1","Database","Low","Success"
13.49,5.5,137,0,87.35,7.05,"Equipo_3","API","Low","Failed"
12.02,7.1,116,3,81.1,18.46,"Equipo_4","Dashboard","Medium","Success"
6.63,1.65,101,3,98.87,27.64,"Equipo_2","Auth","Low","Rolled_Back"
11.99,9.12,119,1,84.21,4.01,"Equipo_3","Auth","Low","Success"
8.61,12.48,119,2,81.29,9.92,"Equipo_5","Auth","Low","Success"
4.99,12.47,100,1,71.57,11.8,"Equipo_5","API","Low","Success"
6.8,6.03,131,2,62.26,27.18,"Equipo_3","Payments","Medium","Success"
13.68,8.48,123,2,84.37,24.42,"Equipo_1","Auth","Medium","Success"
6.94,10.27,139,6,82.97,12.14,"Equipo_2","Dashboard","Low","Success"
16.55,11.07,146,2,45.57,20.2,"Equipo_4","API","Low","Success"
5.04,10.17,126,2,66.48,14.52,"Equipo_3","Database","Low","Success"
15.6,4.61,119,3,81.51,25.29,"Equipo_3","Payments","Medium","Success"
8.91,3.74,103,2,73.35,15.73,"Equipo_2","Auth","Low","Success"
8.44,8.91,132,3,74.26,26.91,"Equipo_2","Database","Low","Success"
5.07,8.66,106,3,45.24,9.54,"Equipo_5","API","Low","Success"
7.47,4,131,1,98.78,15.88,"Equipo_1","Database","Critical","Success"
10.08,10.11,114,0,58.26,8.22,"Equipo_3","Database","Medium","Success"
8.7,9.92,133,1,87.89,22.71,"Equipo_4","Auth","Medium","Failed"
14.15,4.77,110,2,80.1,2.8,"Equipo_5","API","Low","Success"
12.67,8.21,120,1,92.27,3.02,"Equipo_1","API","Low","Success"
7.57,8.3,115,1,97.31,38.1,"Equipo_2","Database","Medium","Success"
5.18,6.98,111,3,80.7,17.6,"Equipo_2","Dashboard","High","Success"
10.41,10.75,109,2,59.4,4.92,"Equipo_5","API","Medium","Success"
4.16,5.39,115,2,97.73,2.93,"Equipo_1","Payments","Low","Rolled_Back"
8.5,8.11,124,1,87.46,6.19,"Equipo_1","Dashboard","Low","Success"
9.51,5.92,124,3,84.37,9.51,"Equipo_2","Dashboard","Low","Rolled_Back"
11.22,6.66,109,1,76.94,8.28,"Equipo_4","Payments","Medium","Success"
13.19,10.08,124,2,62.25,7.63,"Equipo_5","API","Low","Success"
9.9,9.07,137,3,65.57,3.05,"Equipo_4","Dashboard","Low","Success"
7.14,7.26,130,1,73.09,22.16,"Equipo_3","Database","Medium","Success"
9.62,5.23,135,1,69.9,9.95,"Equipo_2","API","Low","Success"
7.54,8.2,126,1,72.87,54.11,"Equipo_5","Auth","High","Success"
10.45,5.71,128,1,84.62,10.01,"Equipo_5","Payments","High","Success"
9.81,6.51,108,0,79.41,1.61,"Equipo_1","API","Low","Success"
14,4.59,122,0,96.64,5.37,"Equipo_4","Auth","Medium","Success"
19.04,4.46,109,1,60.55,21.74,"Equipo_4","Auth","High","Failed"
7.87,3.35,111,5,72.01,23.54,"Equipo_1","API","Low","Success"
19.72,7.11,102,1,74.65,35.56,"Equipo_4","Database","Medium","Success"
25.98,3.78,104,1,93.83,19.31,"Equipo_2","Dashboard","Medium","Failed"
9.26,14.34,127,1,60.16,10.37,"Equipo_4","Database","Medium","Success"
5.98,8.21,118,1,77.7,39.44,"Equipo_4","Database","Low","Failed"
15.28,5.42,111,1,49.98,10.14,"Equipo_1","API","Low","Success"
17.65,10.9,118,0,83.37,14.09,"Equipo_2","API","Medium","Success"
10.18,7.49,119,0,90.03,6.26,"Equipo_5","API","Low","Success"
13.66,7.54,123,3,51.84,24.6,"Equipo_2","Payments","Low","Success"
7.4,6.38,115,1,93,35.33,"Equipo_1","Auth","Low","Success"
3.97,6.78,119,2,63.24,15.22,"Equipo_3","Auth","Medium","Success"
8.25,4.74,115,3,77.38,22.17,"Equipo_4","Database","Medium","Success"
4.45,7.48,119,2,73.09,1.88,"Equipo_4","Auth","High","Success"
16.58,5.2,131,3,59.77,30.25,"Equipo_3","Database","Low","Failed"
7.29,8.63,124,2,97.39,22.64,"Equipo_2","API","Low","Success"
7.91,12.08,135,3,96.4,9.97,"Equipo_3","API","Low","Rolled_Back"
27.04,9.08,121,1,56.11,45.22,"Equipo_3","Dashboard","High","Success"
6.07,8.42,128,2,67.05,13.58,"Equipo_2","Database","Low","Success"
9.55,10.79,134,0,74.47,15.33,"Equipo_5","API","Medium","Success"
13.57,8.63,107,3,52.56,19.71,"Equipo_3","Dashboard","Medium","Success"
15.74,4.13,143,0,81.93,29.14,"Equipo_1","Dashboard","Medium","Success"
7.08,10.18,116,2,45.41,12.89,"Equipo_5","Payments","Medium","Success"
12.16,6.02,133,2,82.1,13.45,"Equipo_1","API","Medium","Success"
9.2,6.65,136,1,99.19,14.77,"Equipo_3","Dashboard","Medium","Success"
5.16,6.55,121,0,69.5,51.95,"Equipo_3","Dashboard","Medium","Success"
5.12,6.79,126,4,91.24,27.81,"Equipo_1","Database","Low","Success"
3.35,5.49,131,1,75.56,5.17,"Equipo_3","Auth","Medium","Success"
5.32,9.87,110,2,67.82,24.19,"Equipo_1","API","Medium","Success"
10.7,9.64,114,2,46.47,31.27,"Equipo_1","Auth","Medium","Success"
12.84,7.32,123,3,89.63,29.89,"Equipo_1","Payments","High","Success"
10.79,6.1,96,0,65.3,3.6,"Equipo_2","Database","Low","Success"
14.92,8.98,108,2,85.63,24.31,"Equipo_1","Database","Medium","Failed"
2.41,8.55,111,2,52.13,6.32,"Equipo_5","API","Medium","Success"
9.86,9.21,124,3,73.17,12.78,"Equipo_2","API","Medium","Success"
8.53,9.66,97,4,65.46,24.01,"Equipo_5","API","Medium","Success"
18.56,7.55,115,3,74.36,7.77,"Equipo_4","API","Medium","Success"
28.44,8.79,116,1,76.6,90.83,"Equipo_3","API","Low","Success"
6.09,5.61,105,2,61.64,9.43,"Equipo_5","Database","Medium","Success"
8.35,11.49,93,1,89.18,26.01,"Equipo_2","Auth","Medium","Success"
14.36,9.87,133,0,67.09,42.76,"Equipo_4","Database","Low","Rolled_Back"
9.44,12.83,121,0,88.7,39.52,"Equipo_1","Auth","Low","Failed"
9.31,4.26,106,1,62.62,18.6,"Equipo_5","Auth","Low","Failed"
8.42,12.31,130,2,71.55,16.81,"Equipo_4","Database","Medium","Rolled_Back"
26.09,6.16,118,1,47.14,26.62,"Equipo_4","Payments","Low","Success"
14.61,5.88,122,2,59.01,19.13,"Equipo_2","Database","Medium","Success"
14.75,7.36,120,2,77.43,13.56,"Equipo_1","API","Medium","Rolled_Back"
7.7,2.68,136,1,71.58,13.52,"Equipo_2","Auth","Low","Success"
4.58,8.46,125,2,96.34,21.48,"Equipo_2","Auth","Medium","Success"
15.57,7.35,121,0,48.08,13.72,"Equipo_1","Auth","Medium","Success"
14.62,10.48,123,1,45.57,25.49,"Equipo_5","API","Critical","Success"
6.23,7.37,119,0,67.58,2.83,"Equipo_3","Dashboard","Medium","Success"
13.34,11.73,123,2,80.5,24.97,"Equipo_2","Dashboard","Low","Success"
12.98,5.76,109,2,60.54,11.34,"Equipo_4","Dashboard","Critical","Rolled_Back"
6.9,10.41,130,1,87.36,29.83,"Equipo_1","Payments","Critical","Success"
4.35,13.17,141,1,65.85,27.57,"Equipo_4","Database","Critical","Success"
6.71,9.57,122,0,69.52,5.72,"Equipo_5","Payments","Medium","Success"
8.39,8.51,121,2,70.3,8.5,"Equipo_5","Dashboard","Low","Success"
13.49,7.9,108,1,54.71,21.01,"Equipo_2","Dashboard","Medium","Success"
6.7,6.86,117,1,54.37,36.97,"Equipo_2","Database","Medium","Success"
6.48,8.24,114,2,72.97,5.75,"Equipo_2","Auth","High","Success"
14.42,5.16,118,1,56.13,34.28,"Equipo_1","Database","Medium","Success"
8.76,15.05,142,0,96.21,16.27,"Equipo_1","Auth","Low","Success"
12.74,7.88,94,0,49.46,35.79,"Equipo_5","Auth","Medium","Success"
20.74,6.23,126,2,99.41,14.62,"Equipo_2","Dashboard","Low","Success"
7.84,6.01,113,2,89.83,10.49,"Equipo_4","Dashboard","Low","Success"
10.78,10.31,120,1,96.89,3.68,"Equipo_5","Dashboard","Low","Success"
7.51,7.24,113,0,94.9,33.2,"Equipo_3","Dashboard","Critical","Success"
12.14,11.65,126,0,60.93,8.56,"Equipo_4","Dashboard","Low","Success"
3.42,11.27,119,2,53.48,1.38,"Equipo_2","Auth","Medium","Success"
16.99,10.21,122,0,97.13,14.92,"Equipo_1","Dashboard","Medium","Success"
7.89,8.54,130,1,64.24,14.95,"Equipo_4","Database","Low","Success"
15.17,5.75,129,0,71.84,39.82,"Equipo_3","Payments","Medium","Success"
9.44,8.83,107,0,93.14,22.27,"Equipo_3","Database","Medium","Success"
13.64,6.6,99,1,64.84,16.67,"Equipo_4","Auth","Low","Failed"
7.48,5.02,104,1,87.37,15.39,"Equipo_1","Database","Medium","Failed"
5.87,11.12,123,4,89.91,40.21,"Equipo_3","Database","Medium","Success"
11.19,3.13,107,0,88.97,52.5,"Equipo_2","Payments","Low","Success"
15.12,14.92,120,1,71.84,11.91,"Equipo_1","Dashboard","Critical","Success"
13.47,7.05,105,2,63.51,20.11,"Equipo_3","Payments","Low","Rolled_Back"
6.14,8.01,105,1,50.26,35.7,"Equipo_1","Database","Low","Failed"
10.1,14.06,113,2,98.71,45.5,"Equipo_3","Dashboard","High","Success"
9.42,9.79,144,3,49.4,7.09,"Equipo_2","Database","Low","Failed"
3.43,7.59,110,3,50.16,11.91,"Equipo_1","Auth","Low","Success"
13.7,5.07,112,2,71.78,1.35,"Equipo_4","Payments","Low","Success"
9.16,5.89,121,5,78.17,32.54,"Equipo_2","API","Critical","Success"
9.55,8.6,112,1,59.59,3.18,"Equipo_3","API","Critical","Success"
12.47,9.01,122,4,69.65,17.32,"Equipo_5","Payments","Low","Success"
8.74,4.68,117,0,84.97,6.36,"Equipo_4","Payments","Medium","Success"
9.5,9.32,118,0,95.53,37.69,"Equipo_2","Payments","Medium","Success"
11.98,7.07,121,2,54.74,17.88,"Equipo_4","Dashboard","Low","Success"
6.24,7.6,129,3,48.54,10.99,"Equipo_1","Dashboard","Low","Rolled_Back"
19.42,9.22,118,1,68.89,41.59,"Equipo_1","API","Medium","Success"
7.49,5.83,105,1,69.89,4.41,"Equipo_5","Payments","Medium","Success"
7.27,5.82,124,5,72.61,12.16,"Equipo_1","API","Medium","Success"
13.86,8.88,138,0,49.18,11.87,"Equipo_2","Auth","Medium","Success"
3.94,12.37,132,2,55.97,11.41,"Equipo_3","Payments","Medium","Success"
11.39,10.33,105,2,55.88,9.09,"Equipo_4","Dashboard","Low","Success"
12.91,2.89,137,1,45.39,21.56,"Equipo_3","API","Medium","Success"
12.69,4.56,113,2,48.45,39.81,"Equipo_3","API","Low","Success"
24.06,10.13,123,2,94.74,16.84,"Equipo_2","Auth","High","Success"
19.86,5.68,117,3,99.42,28.17,"Equipo_3","Dashboard","Medium","Success"
15.03,12.54,130,2,68.05,2.66,"Equipo_5","API","Low","Success"
4.39,6.62,97,0,74.26,5.36,"Equipo_5","Dashboard","High","Success"
8.39,8.28,124,2,46.65,43.44,"Equipo_3","Payments","Medium","Success"
4.05,9.96,120,2,49.19,49.72,"Equipo_1","Database","High","Failed"
4.06,7.53,147,0,72.89,15.66,"Equipo_4","Payments","Low","Success"
5.07,9.17,117,2,84.76,20.18,"Equipo_4","Database","High","Success"
6.87,8.23,119,2,94.07,12.37,"Equipo_1","Auth","Medium","Success"
9.08,6.28,133,4,88.07,6.95,"Equipo_3","Dashboard","Critical","Success"
14.83,6.74,127,1,84.01,8.45,"Equipo_5","Dashboard","Medium","Success"
11.25,5.85,146,1,65.19,5.04,"Equipo_2","Database","Medium","Success"
7.72,8.23,114,0,48.59,22.09,"Equipo_1","Auth","Medium","Success"
4.23,7.83,114,3,92.87,21.34,"Equipo_5","Dashboard","Low","Success"
6.5,6.18,137,3,72.14,23.43,"Equipo_3","Auth","Low","Success"
19.67,7.6,118,4,60.27,18.24,"Equipo_1","Payments","Low","Success"
9.78,9.64,145,1,55.52,37.46,"Equipo_4","Auth","Medium","Success"
12.61,8.66,113,3,91.97,6.04,"Equipo_1","Payments","Low","Success"
10.84,9.54,128,1,49.83,11.03,"Equipo_3","API","Medium","Success"
6.74,8.07,131,2,47.22,22.77,"Equipo_2","Database","High","Success"
11.91,9.67,110,5,90.54,3.36,"Equipo_4","Auth","Low","Success"
10.36,3.99,133,2,64.74,65.19,"Equipo_3","Dashboard","High","Rolled_Back"
11.3,6.96,130,0,72.9,7.88,"Equipo_5","Auth","Low","Success"
4.92,7.38,126,2,97.53,10.08,"Equipo_4","Dashboard","Medium","Success"
7.27,8.03,133,1,57.11,11.82,"Equipo_1","Dashboard","Low","Success"
15.98,4,114,1,49.51,11.03,"Equipo_5","API","High","Success"
5.51,11.53,131,3,52.49,24.56,"Equipo_4","Database","Low","Success"
5.17,10.41,107,1,53.87,30.45,"Equipo_5","Database","Medium","Success"
10.6,8.4,119,2,84.25,10.75,"Equipo_4","API","High","Rolled_Back"
13.22,10.45,110,1,60.74,11.77,"Equipo_5","API","Low","Success"
16.23,7.64,135,2,97.77,35.78,"Equipo_3","API","Low","Success"
8.77,9.79,103,1,48.5,4.56,"Equipo_2","Dashboard","Medium","Success"
8.14,10.17,124,3,55.13,44.83,"Equipo_4","Database","Low","Success"
3.34,10.46,127,0,97.19,15.69,"Equipo_1","Auth","Critical","Success"
5.53,7.47,126,2,78.19,26.04,"Equipo_1","Payments","Medium","Success"
6.48,7.6,139,0,74.37,6.77,"Equipo_2","Dashboard","Medium","Success"
5.85,11.84,123,1,59.2,29.56,"Equipo_5","Dashboard","Low","Success"
8.03,4.67,109,3,90.74,5.97,"Equipo_3","Payments","Medium","Success"
7.83,9.79,115,2,62.38,7.61,"Equipo_5","Payments","Medium","Failed"
7.58,10.16,108,4,65.07,20.59,"Equipo_5","Payments","High","Failed"
8.14,3.4,133,0,87.15,1.59,"Equipo_4","Database","Critical","Success"
12.79,7.4,125,2,94.22,37.52,"Equipo_3","Database","Low","Success"
11.78,11.82,120,0,68.91,43.07,"Equipo_1","Database","Low","Success"
6.98,8.25,109,2,85.56,6.8,"Equipo_2","Auth","Medium","Success"
14.68,7.09,102,2,60.94,1.72,"Equipo_2","API","Medium","Failed"
10.35,6.14,116,1,68.46,4.93,"Equipo_2","Payments","Low","Failed"
8.73,7.04,128,0,79.81,7.4,"Equipo_3","Dashboard","Medium","Success"
5.82,9.66,121,2,78.03,19.53,"Equipo_2","API","Medium","Failed"
11.78,8.71,112,3,85.97,16.8,"Equipo_2","Database","Low","Success"
12.94,9.48,106,0,77.22,2.72,"Equipo_3","Dashboard","Medium","Success"
4.1,7.11,125,2,60.57,18.9,"Equipo_4","API","Low","Failed"
9.32,6.86,121,0,96.66,4.65,"Equipo_1","API","Low","Success"
17.83,5.66,128,0,67.15,32.03,"Equipo_5","Payments","Medium","Success"
17.94,9.11,132,0,78.17,1.75,"Equipo_4","Dashboard","Medium","Success"
6.15,10.79,151,2,98.95,10.5,"Equipo_5","Payments","Low","Success"
10.01,7.48,140,1,64.11,16.2,"Equipo_5","API","Low","Success"
20.74,10.43,112,0,56.03,24.41,"Equipo_3","Auth","Low","Rolled_Back"
11.57,8.02,118,0,45.13,27.45,"Equipo_5","Payments","Low","Success"
11.58,6.88,132,1,53.65,21.23,"Equipo_2","API","High","Success"
7.8,9.55,123,1,48.19,95.14,"Equipo_2","Payments","Medium","Success"
4.42,4.63,127,4,85.65,3.98,"Equipo_2","Dashboard","Low","Success"
8.98,6,131,1,72.21,31.08,"Equipo_1","Database","Low","Success"
6.12,10.91,135,1,81.3,11.23,"Equipo_4","Auth","Low","Success"
5.13,9.53,115,1,64.78,8.57,"Equipo_3","Payments","Low","Failed"
6.45,8.44,119,5,63.01,20.13,"Equipo_2","Payments","High","Success"
8.91,7.41,111,3,76.16,11.21,"Equipo_5","Payments","Low","Success"
14.21,8.58,113,2,52.09,15.46,"Equipo_4","Payments","Medium","Success"
4.12,2.29,112,1,71,35.87,"Equipo_5","Database","Low","Success"
13.36,6.23,144,0,49.33,54.69,"Equipo_2","Payments","High","Failed"
7.05,6.15,100,1,95.68,8.5,"Equipo_5","Auth","Low","Success"
5.79,8.11,107,0,93.81,38.32,"Equipo_1","Database","High","Success"
6.44,9.77,113,1,49.36,26.04,"Equipo_5","Payments","Low","Success"
8.57,4.43,140,1,78.68,14.27,"Equipo_1","Auth","Low","Success"
12.77,6.82,133,0,57.87,3.16,"Equipo_4","Dashboard","Critical","Success"
14.04,6.12,123,0,66.51,3.68,"Equipo_4","Dashboard","Low","Success"
19.04,8.11,125,2,55.03,18.78,"Equipo_4","Dashboard","Medium","Success"
13.92,8.04,112,4,77.7,26.41,"Equipo_1","Auth","Medium","Rolled_Back"
4.86,5.31,144,2,72.96,9.64,"Equipo_1","Database","Low","Success"
11.56,4.87,117,1,55.22,38.89,"Equipo_4","Payments","Low","Success"
10.04,7.98,128,1,64.74,66.65,"Equipo_5","Auth","Medium","Failed"
13.91,10.42,107,1,67.26,26.66,"Equipo_1","Dashboard","Low","Success"
8.5,6.46,137,1,71.27,14.53,"Equipo_3","Auth","Medium","Success"
12.11,12,114,1,55.68,15.6,"Equipo_3","Dashboard","Low","Success"
12.07,7.42,113,3,92.34,17,"Equipo_2","Payments","High","Success"
24.39,5.37,124,3,45.44,20.61,"Equipo_3","Dashboard","High","Success"
11.95,6.38,106,4,94.59,5.71,"Equipo_5","Database","Medium","Success"
10.57,7.84,113,3,55.2,29.03,"Equipo_5","Dashboard","Medium","Success"
7.42,7.99,137,1,83.84,8.57,"Equipo_4","Payments","Medium","Success"
6.32,9.98,131,2,90.62,8.75,"Equipo_1","Payments","Low","Success"
5.91,8.92,126,1,82.51,38.54,"Equipo_5","Database","Low","Success"
7.29,7.01,123,1,49.65,28.52,"Equipo_3","Dashboard","Low","Success"
4.5,11.33,112,1,91.03,5.15,"Equipo_3","API","High","Rolled_Back"
10.44,9.88,121,1,91.79,6.33,"Equipo_4","Auth","Medium","Success"
12.57,7.3,105,1,45.59,26.91,"Equipo_2","Payments","Medium","Success"
18.86,6.28,110,1,74.06,24.05,"Equipo_4","Payments","Critical","Success"
6.64,10.67,121,4,76.36,10.65,"Equipo_2","API","Low","Success"
12.6,9.03,118,2,93.67,7.75,"Equipo_4","Auth","High","Success"
5.56,9.72,119,1,60.72,23.25,"Equipo_4","Database","Low","Rolled_Back"
28.78,8.02,132,2,84.64,57.33,"Equipo_5","Payments","Low","Success"
8.55,12.15,143,1,86.19,23.7,"Equipo_4","Database","Low","Success"
16.28,7.73,123,0,45.46,8.13,"Equipo_3","API","Low","Success"
5.79,8.6,130,2,53.94,16.82,"Equipo_2","Database","Low","Success"
8.58,5.63,140,0,73.08,8.72,"Equipo_1","API","Medium","Success"
15.49,6.88,122,1,50.13,12.57,"Equipo_2","Database","Low","Success"
11.32,8.22,130,0,49.13,29.03,"Equipo_5","API","Medium","Failed"
9.83,6.67,141,1,99.18,10.68,"Equipo_4","Dashboard","Medium","Success"
11,11.2,134,2,46.16,29.15,"Equipo_3","Database","Medium","Success"
14.83,9.15,141,0,67.17,16.07,"Equipo_3","Auth","High","Success"
11.33,10.37,111,3,48.49,16.36,"Equipo_4","Dashboard","High","Success"
5.36,3.44,113,2,79.93,9.1,"Equipo_4","Auth","Medium","Success"
10.67,4.54,95,0,93.16,4.97,"Equipo_4","Payments","High","Success"
6.84,3.27,144,3,73.37,6.2,"Equipo_1","Dashboard","Low","Success"
8.18,9.36,114,2,51.24,11.83,"Equipo_5","Dashboard","Medium","Success"
15.58,11.88,138,1,50.77,11.09,"Equipo_1","Dashboard","High","Success"
15.06,2.83,115,3,53.18,21.92,"Equipo_2","Auth","Low","Rolled_Back"
8.52,8.55,121,0,78.8,53.98,"Equipo_4","Payments","High","Success"
10.51,10.68,117,1,74.8,73.71,"Equipo_5","API","Low","Success"
10.51,10.72,134,2,89,9.7,"Equipo_4","Payments","Low","Success"
16.2,11.01,109,2,71.72,32.23,"Equipo_3","Payments","Low","Failed"
11.93,8.46,105,1,77.45,6.03,"Equipo_4","Auth","Low","Success"
15.44,5.72,117,2,75.65,13.47,"Equipo_3","API","Low","Success"
5.16,9.5,128,2,54.7,5.84,"Equipo_2","Database","Medium","Failed"
10.16,7.35,106,7,57.23,14.03,"Equipo_2","API","High","Success"
10.1,4.76,102,2,90.4,40.02,"Equipo_5","Payments","Medium","Failed"
8.1,7.98,109,1,51.79,34.08,"Equipo_4","Payments","High","Success"
7.92,7.44,121,0,97.32,5.43,"Equipo_1","Database","Low","Success"
7.71,6.9,121,2,77.39,5.96,"Equipo_4","Payments","Medium","Success"
5.7,11.53,115,2,92.27,22.87,"Equipo_3","Auth","Low","Success"
17.92,3.02,133,2,90.27,24.7,"Equipo_1","Dashboard","Medium","Rolled_Back"
7.91,8.77,109,0,66.32,24.89,"Equipo_1","Payments","Low","Success"
8.62,15.2,114,2,97.82,32.12,"Equipo_2","Dashboard","High","Success"
13.33,9.6,136,2,76.4,17.4,"Equipo_1","Database","High","Success"
15.84,11.65,120,3,94.56,12.45,"Equipo_2","Auth","Medium","Success"
19.17,7.58,118,2,57.59,40.07,"Equipo_3","Payments","Medium","Success"
19.42,8.54,103,2,89.74,29.4,"Equipo_4","Database","Medium","Success"
10.18,7.84,111,2,97.16,29.3,"Equipo_1","Dashboard","Low","Success"
8.75,6.53,108,2,89.3,32.98,"Equipo_3","Auth","Low","Success"
4.56,14.23,126,0,87.22,34.34,"Equipo_1","API","Medium","Success"
9.86,4.4,121,3,86.1,9.83,"Equipo_5","Auth","Low","Success"
11.54,5.55,133,0,76.47,26.57,"Equipo_2","API","Medium","Success"
14.13,6.75,116,0,64.81,6.57,"Equipo_1","Payments","Low","Success"
5.24,8.39,119,2,55.62,1.31,"Equipo_5","API","Low","Failed"
8.96,12.54,118,1,57.19,19.91,"Equipo_4","Database","Medium","Success"
19.94,10.08,112,2,72.09,15.49,"Equipo_4","Database","High","Success"
4.73,6.62,111,3,86.76,27.96,"Equipo_4","Auth","Low","Success"
7.9,5.66,118,0,72.21,27.95,"Equipo_4","Database","Medium","Success"
13.61,6.5,112,2,97.94,19.24,"Equipo_3","Auth","Medium","Success"
10.03,8.71,134,3,79.24,22.06,"Equipo_2","Payments","Low","Rolled_Back"
6.24,9.7,123,1,87.89,15.64,"Equipo_1","Database","Medium","Success"
7.81,7.15,135,1,65.01,2.73,"Equipo_4","Database","Low","Success"
12.4,1.46,132,1,84.88,25.71,"Equipo_1","Dashboard","High","Rolled_Back"
5.32,3.88,126,1,93.55,21.6,"Equipo_2","Database","Medium","Success"
9.11,7.05,133,0,75.69,7.85,"Equipo_2","API","Low","Success"
10.17,8.42,123,1,48.34,36.98,"Equipo_1","Database","Low","Success"
7.02,10.89,119,2,51.41,12.66,"Equipo_4","Auth","Medium","Success"
5.85,8.26,104,1,87.43,6.42,"Equipo_4","Payments","Medium","Success"
28.11,10.65,126,1,62.43,22.78,"Equipo_2","API","Medium","Success"
7.41,10.05,114,3,97.12,28.06,"Equipo_1","API","High","Failed"
11.41,9.84,123,3,79.43,2.44,"Equipo_3","API","Low","Failed"
17.79,9.69,110,2,62.86,9.6,"Equipo_3","Payments","Critical","Success"
8.34,7.11,122,0,92.5,9.72,"Equipo_2","Database","Low","Success"
43.34,6.92,102,0,64.56,32.13,"Equipo_2","Payments","Low","Success"
5.26,9.37,127,1,97.07,15.74,"Equipo_3","Dashboard","Medium","Rolled_Back"
9.62,4.86,119,0,74.42,41.12,"Equipo_3","Dashboard","High","Success"
3.7,10.98,113,1,50.31,23.48,"Equipo_1","Payments","Medium","Success"
7.18,9.83,104,2,91.2,1.08,"Equipo_5","Auth","Medium","Success"
12.42,8.56,127,4,59.15,31.01,"Equipo_5","Dashboard","Critical","Success"
11.4,7.11,136,4,77.48,8.38,"Equipo_2","Payments","High","Success"
11.23,9.96,133,1,57.16,24.27,"Equipo_3","Payments","Low","Success"
12.4,7.18,121,2,66.8,13.08,"Equipo_3","Auth","Low","Success"
8.66,8.91,114,1,92.27,13.91,"Equipo_4","Payments","High","Success"
7.17,6.38,125,1,60.33,5.54,"Equipo_2","Database","Low","Success"
3.56,6.36,131,1,94.58,5.67,"Equipo_3","Database","Low","Success"
7.55,9.07,141,3,69.94,13.88,"Equipo_4","Database","Low","Success"
14.33,8.96,147,1,88.47,17.29,"Equipo_3","Auth","High","Success"
3.72,9.61,109,2,73.11,11.45,"Equipo_5","Database","Low","Success"
7.96,7.44,124,1,68.81,13.92,"Equipo_4","Dashboard","High","Success"
10.03,7.43,109,3,77.58,29.89,"Equipo_5","API","Low","Success"
3.72,11.44,113,1,48.93,15.99,"Equipo_3","Dashboard","Medium","Success"
11.06,7.72,107,2,86.25,10.59,"Equipo_2","Auth","Medium","Success"
4.32,9.33,124,1,92.62,2.44,"Equipo_1","Database","Low","Success"
9.96,6.23,113,2,92.16,7.91,"Equipo_1","Database","Medium","Success"
17.99,3.56,123,2,93.75,15.94,"Equipo_1","Database","Low","Success"
2.1,10,111,4,54.7,26.32,"Equipo_1","Auth","Low","Success"
4.6,7.09,105,1,50.01,19.46,"Equipo_2","Auth","Critical","Success"
24.27,9.15,108,5,54.78,29.25,"Equipo_5","Auth","Low","Success"
8.81,9.96,113,1,82.5,7.86,"Equipo_2","Dashboard","Medium","Success"
9.17,6.98,143,1,48.94,10.23,"Equipo_3","API","Low","Success"
13.8,5.61,111,2,79.56,38.31,"Equipo_4","Auth","Medium","Success"
5.38,8.71,124,2,75.42,37.17,"Equipo_3","API","Medium","Success"
18.37,6.68,121,1,79.83,24.78,"Equipo_5","API","Critical","Success"
8.15,6.62,110,1,65.11,29.61,"Equipo_4","Payments","Low","Success"
16.74,8.78,123,0,94.28,27.28,"Equipo_2","API","High","Success"
4.68,7.71,130,3,88.04,1.15,"Equipo_2","Database","Low","Success"
10.36,10.53,101,2,46.97,42.11,"Equipo_5","Dashboard","High","Success"
5.67,6.04,117,2,68.72,32.4,"Equipo_5","Payments","Critical","Success"
13.85,7.56,129,2,56.79,14.2,"Equipo_3","Auth","Low","Success"
4.07,13.07,123,3,90.8,3.22,"Equipo_1","Database","Low","Failed"
10.93,4.48,123,2,98.27,64.24,"Equipo_3","Payments","Low","Success"
11.68,4.52,122,2,63.16,27.37,"Equipo_5","Dashboard","High","Success"
9.05,6.48,108,1,63.59,43.08,"Equipo_5","Auth","Medium","Success"
4.05,7.26,109,1,52.21,15.96,"Equipo_3","Database","Critical","Success"
5.93,9.16,133,1,73.86,13.14,"Equipo_1","Dashboard","Low","Success"
21.88,4.16,113,2,76.69,4.4,"Equipo_2","API","Critical","Rolled_Back"
10.72,10.47,102,0,77.76,27.74,"Equipo_2","Dashboard","High","Success"
8.52,9.58,113,2,54.18,17.3,"Equipo_1","Dashboard","Low","Success"
10.95,8.14,106,3,92.57,3.24,"Equipo_4","Dashboard","Medium","Success"
14.08,7.05,125,0,49.8,10.81,"Equipo_3","Auth","Medium","Success"
14.15,6.42,111,2,99.01,13.2,"Equipo_2","Database","Medium","Failed"
12.83,7.83,129,2,85.06,4.8,"Equipo_2","Dashboard","High","Success"
10.84,12.8,115,0,62.59,22.9,"Equipo_2","Database","Low","Failed"
10.55,8.57,105,1,51.74,6.66,"Equipo_1","Payments","Medium","Success"
6.43,8.54,115,1,73.63,4.85,"Equipo_2","Auth","Medium","Success"
15.66,2.58,123,2,65.38,15.7,"Equipo_1","Payments","Medium","Success"
11.55,9.45,127,1,70.8,30.25,"Equipo_2","Auth","Low","Success"
3.41,6.54,124,1,56.42,10.18,"Equipo_5","Auth","Medium","Success"
6.54,7.93,121,1,51.45,16.71,"Equipo_3","Auth","Medium","Success"
5.04,7.67,132,5,87.78,13.57,"Equipo_3","Dashboard","Medium","Success"
9.63,6.46,129,1,74.01,30.53,"Equipo_1","Auth","Medium","Success"
21.25,10.78,131,1,66.55,29.11,"Equipo_4","Auth","High","Failed"
13.38,10.97,130,2,76.81,23.5,"Equipo_1","Payments","Low","Rolled_Back"
7.43,7.51,116,5,72.79,5.71,"Equipo_3","Payments","Critical","Success"
8.16,4.82,127,0,59.15,12.97,"Equipo_5","Payments","Low","Success"
5.82,6.09,104,2,92.94,8.58,"Equipo_3","Dashboard","Low","Success"
7.99,12.86,116,1,83.55,15.32,"Equipo_5","Dashboard","Medium","Success"
10.55,4.9,122,0,59.09,16.28,"Equipo_3","Payments","Low","Failed"
15.98,8.12,125,2,82.94,34.24,"Equipo_3","Payments","Low","Success"
3.66,6.23,101,1,58.43,19.69,"Equipo_1","Payments","Medium","Success"
9.36,5.26,121,3,89.62,49.32,"Equipo_3","Payments","Medium","Success"
11.22,9.56,127,3,84.39,18.64,"Equipo_1","API","Medium","Success"
9.13,9.1,113,3,57.25,10.74,"Equipo_4","API","Medium","Success"
3.72,7.83,111,0,98.71,10.49,"Equipo_1","Dashboard","Low","Failed"
7.07,11.28,124,2,87.11,5.48,"Equipo_2","Dashboard","Medium","Success"
5.91,8.83,114,0,92.79,14.21,"Equipo_5","Payments","Low","Failed"
2.69,8.73,112,3,90.1,39.54,"Equipo_4","Payments","Low","Success"
11.33,11.83,117,2,91.78,16.81,"Equipo_5","Payments","Critical","Success"
11.52,11.78,117,1,52.84,13.23,"Equipo_2","Payments","High","Success"
8.51,2.35,125,0,62.34,19.12,"Equipo_5","API","Critical","Success"
16.95,5.88,125,0,87.72,8.24,"Equipo_1","Payments","Medium","Success"
9.74,10.44,119,0,70.43,4.28,"Equipo_4","Payments","Critical","Failed"
14.38,11.1,107,3,45.06,11.62,"Equipo_4","Dashboard","High","Failed"
8.68,7.32,113,0,73.68,24.51,"Equipo_3","Auth","Medium","Success"
7.84,12.52,118,0,83.31,42.24,"Equipo_1","Database","Low","Success"
14.12,10.14,113,0,52.65,16.16,"Equipo_1","Dashboard","Medium","Success"
9.13,8.76,114,2,97.11,36.61,"Equipo_4","Dashboard","High","Success"
5.23,8.13,129,2,56,14.85,"Equipo_4","Payments","High","Failed"
4.35,9.93,125,2,63.61,16.23,"Equipo_5","Database","Critical","Success"
7.29,4.6,106,1,87.25,2.68,"Equipo_1","API","Low","Success"
10.56,7.19,116,1,71.84,33.99,"Equipo_3","Dashboard","Medium","Success"
5.67,4.45,128,2,68.67,15.99,"Equipo_3","API","Low","Success"
13.84,6.04,96,0,45.94,23.2,"Equipo_5","Payments","Medium","Rolled_Back"
8.55,8.12,120,2,53.98,3.17,"Equipo_4","Auth","High","Success"
11.05,11.01,106,1,80.79,19.79,"Equipo_4","Payments","Low","Success"
7.88,6.43,116,1,94.06,34.32,"Equipo_4","Payments","Low","Success"
2.47,9.46,150,2,84.89,10.42,"Equipo_2","Dashboard","Low","Success"
3.75,6.99,120,2,62.11,12.39,"Equipo_1","Dashboard","Medium","Success"
15.7,10.34,123,1,50.73,30,"Equipo_4","Database","Low","Success"
6.07,9.09,120,2,77.26,1.65,"Equipo_4","Auth","Medium","Rolled_Back"
17.11,7.72,132,0,99.02,2.43,"Equipo_5","Auth","High","Success"
11.77,5.13,127,1,96.06,9.06,"Equipo_5","Dashboard","Low","Success"
14.36,8.76,113,4,73.97,28.15,"Equipo_1","API","Medium","Success"
10.69,10.43,111,1,56.03,25.44,"Equipo_3","Dashboard","Medium","Success"
8.53,2.74,132,1,52.99,30.71,"Equipo_2","Payments","Medium","Success"
12.87,4.71,119,1,45.55,17.58,"Equipo_3","API","Low","Success"
7.1,6.9,114,2,93.95,9.9,"Equipo_1","Dashboard","Low","Success"
13.24,13.06,122,1,78.76,8.14,"Equipo_4","Payments","Medium","Failed"
7.46,6.78,109,0,85.37,51.72,"Equipo_4","Dashboard","Medium","Success"
6.5,7.11,130,3,75.85,30.38,"Equipo_2","Database","Medium","Success"
7.87,7.92,121,3,55.57,2.54,"Equipo_3","Database","Low","Success"
5.38,9.89,115,3,90.1,4.9,"Equipo_2","Auth","High","Success"
8.28,6.09,121,2,75.34,27.66,"Equipo_1","Payments","High","Success"
8.08,7.94,119,2,66.63,17.58,"Equipo_2","Database","Low","Success"
16.69,5.23,128,1,80.07,16.69,"Equipo_3","Auth","Low","Success"
7.73,11.83,110,2,60.32,25.79,"Equipo_1","Payments","Low","Success"
7.1,10.59,127,1,77.76,7.29,"Equipo_2","Database","Low","Rolled_Back"
24.59,9.1,105,2,73.49,35.01,"Equipo_1","API","Low","Success"
10.38,8.11,109,0,96.64,3.48,"Equipo_5","API","Medium","Success"
11.72,7.41,137,1,81.75,11.83,"Equipo_2","Database","Low","Success"
6.86,7.27,121,3,77.31,8.87,"Equipo_2","Database","Low","Rolled_Back"
14.84,9.74,130,3,78.67,6.08,"Equipo_4","Dashboard","Low","Success"
7.86,6.5,126,1,65.31,26.34,"Equipo_5","API","Medium","Failed"
18.84,8.88,115,4,54.02,32.14,"Equipo_5","Dashboard","Low","Success"
4.76,10.07,120,2,51.78,18,"Equipo_3","API","Medium","Success"
6.71,10.98,104,1,94.42,3.18,"Equipo_3","API","Low","Success"
7.18,9.13,128,3,65.85,15.69,"Equipo_1","Auth","Medium","Success"
9.84,7.97,124,4,67.48,21.61,"Equipo_5","API","Medium","Rolled_Back"
9.1,6.42,125,2,68.83,15.68,"Equipo_1","API","Low","Success"
13.55,7.67,122,2,60.91,11.95,"Equipo_1","Dashboard","Medium","Success"
12.94,6.23,131,2,78.29,8.67,"Equipo_1","API","High","Success"
8.83,11.43,110,1,76.61,44.93,"Equipo_2","Payments","Low","Success"
12.97,8.61,122,2,90.03,14.24,"Equipo_3","Dashboard","Medium","Success"
8.18,8.57,128,5,46.84,19.53,"Equipo_5","Dashboard","Low","Success"
2.06,12,117,2,78.18,29.33,"Equipo_2","Dashboard","Medium","Failed"
13.39,12.53,110,0,80.68,16.76,"Equipo_5","Dashboard","Medium","Failed"
33.18,6.82,111,1,58.4,32.72,"Equipo_1","Auth","High","Success"
4.44,7.86,122,0,89.51,15.48,"Equipo_1","Auth","Low","Success"
7.04,9.81,136,1,86.77,25.74,"Equipo_4","Database","Low","Success"
4.72,6.75,113,1,46.97,30.58,"Equipo_4","Database","Low","Success"
4.25,9.71,132,1,45.37,14.68,"Equipo_2","Database","Medium","Failed"
13.77,9.69,129,0,65.03,11.58,"Equipo_1","Auth","Medium","Success"
14.19,2.96,113,1,96.8,21.93,"Equipo_4","Dashboard","Low","Rolled_Back"
11.25,7.63,122,1,59.86,9.62,"Equipo_5","Dashboard","Medium","Success"
13.91,4.58,115,2,82.22,7.22,"Equipo_2","Dashboard","Low","Success"
3.5,10.93,133,2,82.28,17.72,"Equipo_3","API","High","Success"
10.59,10.69,112,1,94.8,3.91,"Equipo_2","API","Medium","Success"
5.35,8.36,113,2,97.75,15.59,"Equipo_2","Dashboard","Medium","Success"
13.83,9.24,111,1,87.21,22.72,"Equipo_5","Database","Low","Success"
5.95,5.5,127,0,55.77,5.07,"Equipo_5","Payments","Medium","Success"
7.61,7.25,123,0,75.86,6.48,"Equipo_3","Payments","Low","Success"
8.67,7.32,112,1,50.71,25.84,"Equipo_5","Payments","High","Success"
15.26,8.49,127,1,58.66,1.12,"Equipo_2","Database","Low","Success"
5.53,7.37,119,0,52.35,45.4,"Equipo_3","Database","Medium","Success"
9.13,10.61,125,1,96.69,48,"Equipo_4","API","Medium","Success"
16.69,7.29,100,1,74.89,4.89,"Equipo_4","Auth","Low","Success"
13.31,11.13,119,2,95.09,21.52,"Equipo_2","Auth","Medium","Failed"
5.5,8.29,111,2,59.73,20.62,"Equipo_3","Dashboard","High","Success"
6.57,6.9,107,0,58.9,28.07,"Equipo_3","API","Low","Rolled_Back"
12,8.56,120,1,56.22,23.69,"Equipo_1","Database","Medium","Success"
14.37,7.57,110,2,54.17,7.24,"Equipo_4","Dashboard","Medium","Success"
9.48,7.21,114,4,61.26,17.84,"Equipo_1","API","Medium","Failed"
17.93,5.05,135,4,73.32,19.37,"Equipo_3","Database","Low","Success"
13.46,4.69,102,1,63.35,27.27,"Equipo_3","API","Low","Success"
9.91,5.27,115,0,63.47,31.95,"Equipo_3","Dashboard","Medium","Success"
6.68,7.8,125,2,80.8,7.06,"Equipo_1","Dashboard","Medium","Success"
13.8,11.61,105,1,62.21,6.68,"Equipo_3","Auth","Medium","Success"
19.62,7.55,113,3,77.45,38.14,"Equipo_1","Dashboard","Low","Success"
5.61,8.62,119,2,86.68,22.6,"Equipo_4","Dashboard","Medium","Success"
5.86,7.28,119,2,91.42,10.63,"Equipo_4","Auth","Medium","Success"
11.61,9.43,132,1,52.91,23.91,"Equipo_5","API","Low","Success"
16.03,8.86,118,2,69.78,62.71,"Equipo_2","Payments","Low","Failed"
9.46,9.93,119,2,90.96,29.39,"Equipo_5","API","Medium","Rolled_Back"
5.59,7.38,126,1,50.49,15.09,"Equipo_5","Database","Critical","Success"
2.12,11.35,121,1,47.8,15.53,"Equipo_3","Dashboard","Low","Success"
3.92,6.01,112,2,78.64,4.5,"Equipo_2","Database","Medium","Success"
12.85,10.33,129,3,97.89,8.1,"Equipo_2","Payments","Low","Success"
2.4,8.52,128,1,55.12,17.29,"Equipo_2","Auth","Low","Success"
10.41,11.27,101,0,88.55,37.1,"Equipo_3","Payments","Medium","Success"
11.6,6.45,127,3,88.05,9.26,"Equipo_5","Auth","Low","Success"
14.44,5.37,111,0,85.33,32.1,"Equipo_1","API","Critical","Success"
6,7.24,111,2,81.33,64.8,"Equipo_2","Dashboard","High","Success"
5.69,11.18,113,2,49,4.78,"Equipo_5","API","Critical","Success"
11.01,10.64,133,3,97.04,20.15,"Equipo_1","Auth","Low","Failed"
9.09,7.12,117,2,77.68,17.07,"Equipo_2","API","Low","Success"
9.8,10.64,110,3,46.77,27.24,"Equipo_1","Auth","Medium","Success"
4.29,10,108,1,49.6,32.57,"Equipo_3","Dashboard","Medium","Success"
10.73,6.89,138,1,84.32,20.99,"Equipo_5","Database","Medium","Success"
1.71,5.64,113,0,70.16,19.43,"Equipo_3","API","Low","Success"
8.02,7.41,130,0,58.15,15.47,"Equipo_3","Auth","Medium","Success"
9.42,9.94,117,2,87.98,31.7,"Equipo_5","API","Medium","Success"
7.1,8.94,125,2,59.87,13.99,"Equipo_1","API","Medium","Rolled_Back"
3.26,11.93,120,2,54.96,27.34,"Equipo_1","Payments","Medium","Success"
10.35,5.78,121,3,73.69,41.44,"Equipo_3","Auth","Low","Success"
7.42,9.46,146,0,47.3,49.09,"Equipo_2","API","Low","Success"
8.49,8.85,108,2,90.49,71.27,"Equipo_2","Payments","Medium","Success"
11.13,10.49,101,5,57.58,35.91,"Equipo_4","API","Critical","Failed"
11.99,7.4,105,1,50.81,12.15,"Equipo_1","Payments","Medium","Success"
11.2,10.42,132,1,59.38,10.21,"Equipo_4","API","Medium","Success"
6.55,6.51,127,0,49.61,11.93,"Equipo_3","API","Low","Failed"
6.44,6.93,108,1,76.77,18.79,"Equipo_3","Database","Medium","Failed"
10.67,10.78,109,2,54.9,33.06,"Equipo_4","Dashboard","Medium","Success"
7.65,9.12,126,2,92.53,27.42,"Equipo_4","Dashboard","High","Success"
7.14,7.81,137,1,84.83,7.02,"Equipo_1","API","Medium","Success"
7.11,9.77,138,2,91.31,19.81,"Equipo_4","Database","High","Success"
3.94,11.11,109,0,88.13,76.09,"Equipo_2","Auth","Medium","Success"
8.7,8.46,118,0,59.01,20.8,"Equipo_5","Payments","Medium","Success"
14.36,5.69,136,2,58.92,9.67,"Equipo_3","Database","Medium","Success"
21.03,7.89,137,1,50.28,43.05,"Equipo_2","Dashboard","Low","Rolled_Back"
10,3.79,107,3,97.6,37.93,"Equipo_4","Database","Low","Success"
10.13,1.99,118,0,78.78,30.47,"Equipo_3","Payments","Low","Success"
4.1,7.48,131,1,54.46,34.76,"Equipo_2","Auth","Medium","Success"
14.32,9.8,137,1,83.74,21.42,"Equipo_3","Dashboard","Medium","Failed"
3.76,10.24,111,0,48.98,20.58,"Equipo_5","Dashboard","High","Success"
16,5.25,116,0,59.16,12.27,"Equipo_2","Database","Critical","Success"
5.45,6.88,141,2,95.02,7.78,"Equipo_4","Payments","Medium","Failed"
5.87,2.53,124,0,59.57,40.09,"Equipo_5","Dashboard","Low","Failed"
11.9,7.26,106,0,80.54,6.29,"Equipo_5","Auth","Low","Rolled_Back"
4.51,9.55,117,1,77.52,9.63,"Equipo_4","Database","Low","Success"
7.69,10.46,123,2,46.44,12.5,"Equipo_4","Payments","High","Success"
14.96,6.37,134,3,98.87,20.48,"Equipo_3","Payments","Medium","Success"
12.82,12.94,131,0,94.41,16.63,"Equipo_5","Auth","Medium","Success"
4.95,7.47,138,0,85.5,9.75,"Equipo_3","Auth","Low","Failed"
11.75,10.61,125,4,55.74,5.57,"Equipo_1","Payments","Medium","Success"
12.96,12.79,124,1,81.28,12.49,"Equipo_2","Payments","Medium","Success"
11.96,9.74,118,2,55.66,46.41,"Equipo_2","Payments","Medium","Success"
15.38,6.68,136,4,87.69,15.03,"Equipo_5","API","Low","Failed"
12.8,3.92,112,1,69.42,6.97,"Equipo_3","Database","Medium","Success"
3.28,6.14,117,2,64.09,10.6,"Equipo_5","Database","Critical","Success"
4.01,4.35,108,3,89.33,12.79,"Equipo_3","Payments","Low","Failed"
6.95,7.62,116,5,47.01,16.48,"Equipo_4","Auth","Medium","Failed"
5.91,7.12,132,0,94.02,6.29,"Equipo_4","Dashboard","Medium","Success"
9.13,13.1,134,3,89.08,37.9,"Equipo_5","Database","High","Success"
17.51,9.35,130,1,97.76,12.13,"Equipo_1","Payments","Medium","Rolled_Back"
11.95,8.88,123,0,77.4,14.1,"Equipo_1","API","Medium","Success"
11.33,6.85,126,1,79.25,23.59,"Equipo_2","Auth","Low","Success"
16.29,9.95,103,1,48.52,37.1,"Equipo_1","API","Low","Success"
5.46,1.4,121,4,73.01,10.58,"Equipo_2","API","Medium","Success"
17.38,8.51,119,0,92.25,34.69,"Equipo_4","Auth","Low","Success"
8.41,4.01,100,0,56.25,19.2,"Equipo_1","Dashboard","Low","Failed"
11.41,4.35,132,0,54.28,8.75,"Equipo_2","API","High","Success"
15.86,10.61,138,2,63.58,16.62,"Equipo_3","API","Critical","Success"
4.78,6.12,110,2,82.46,5.19,"Equipo_2","Auth","Low","Success"
7.51,7.01,113,1,93.44,11.39,"Equipo_3","Dashboard","Medium","Success"
9.52,6.89,139,3,62.61,18.1,"Equipo_5","Payments","Medium","Success"
6.27,7.94,99,1,62.44,16.57,"Equipo_4","Payments","Medium","Success"
10.09,12.7,109,0,46.89,24.13,"Equipo_1","API","Medium","Success"
8.43,9.63,123,2,70.91,27.93,"Equipo_3","API","Low","Success"
6.57,6.73,117,0,94.44,10.38,"Equipo_2","Database","Medium","Success"
10.07,7.01,99,1,67.51,17.92,"Equipo_5","Database","Low","Success"
9.07,10.07,116,0,46.03,16.86,"Equipo_5","Dashboard","Medium","Success"
18.15,3.89,118,1,55,19.09,"Equipo_2","Database","Low","Rolled_Back"
5.33,8.72,109,1,51.07,81.39,"Equipo_5","Dashboard","High","Success"
6.69,10.58,120,0,87.49,30.84,"Equipo_5","API","Low","Success"
6.39,5.28,114,1,62.85,10.09,"Equipo_1","Database","Medium","Success"
7.1,7.44,132,0,92.08,13.58,"Equipo_4","API","Low","Success"
12.03,8.25,125,2,99.7,37.83,"Equipo_4","Auth","Medium","Success"
12.34,2.65,122,1,70.59,26.27,"Equipo_2","Auth","Medium","Success"
10.04,10.32,113,1,88.26,4.31,"Equipo_1","Database","Low","Failed"
10.63,8.91,141,2,62.94,43.73,"Equipo_4","Payments","Low","Success"
8.85,3.63,106,1,79.87,22.75,"Equipo_2","Database","Low","Failed"
6.99,4.8,103,3,76.98,10.15,"Equipo_4","Database","Low","Success"
10.91,7.57,122,3,74.86,35.08,"Equipo_4","Payments","High","Success"
19.65,7.19,121,1,79.91,16.13,"Equipo_3","API","Low","Success"
7.96,5.9,135,1,67.23,10.39,"Equipo_3","API","Medium","Success"
4.57,4.53,119,0,73.27,22.72,"Equipo_1","Payments","High","Success"
10.27,10.83,120,1,81.91,31.85,"Equipo_1","API","High","Success"
12.45,8.48,110,2,51.51,7.73,"Equipo_1","Database","Low","Success"
9.45,11.56,148,1,47.35,33.93,"Equipo_4","Database","Medium","Success"
10.81,5.66,122,0,71.53,30.6,"Equipo_5","Dashboard","Low","Success"
10.32,7.47,113,2,63.39,49.37,"Equipo_1","Payments","High","Success"
13.08,9.25,122,1,77.32,1.98,"Equipo_2","Payments","Low","Success"
18.87,8.94,124,3,68.12,11.62,"Equipo_4","Auth","Medium","Success"
14.82,8.97,111,2,56.6,5.81,"Equipo_5","Dashboard","Low","Success"
11.24,8.4,147,1,92.07,22.22,"Equipo_2","Payments","Low","Success"
10.45,6.84,119,1,49.61,23.25,"Equipo_1","API","Medium","Success"
5.14,6.85,122,1,73.49,19.2,"Equipo_4","Dashboard","Medium","Success"
9.71,8.57,142,0,85.55,11.04,"Equipo_1","API","Low","Success"
7.22,6.6,124,2,66.8,8.74,"Equipo_2","Database","Low","Success"
19.89,8.8,132,3,93.18,42.69,"Equipo_3","API","High","Success"
7,3.11,132,1,65.72,59.75,"Equipo_2","API","Medium","Success"
11.64,6.11,111,1,74.4,8.42,"Equipo_5","Payments","Low","Failed"
16.58,8.12,134,1,72.45,6.85,"Equipo_3","Dashboard","Low","Success"
8.27,6.05,104,1,79.38,50.23,"Equipo_5","Auth","Low","Success"
13.16,8.42,114,1,45.44,25.59,"Equipo_1","Database","Low","Success"
18.59,12.64,107,0,57.35,16.82,"Equipo_5","Dashboard","Medium","Success"
9.77,11.94,105,1,57.28,3.9,"Equipo_5","Dashboard","Medium","Success"
5.73,6.13,130,0,94.99,7.25,"Equipo_1","Dashboard","Medium","Success"
5.55,7.88,124,1,60.71,8.83,"Equipo_3","Auth","Medium","Success"
6.15,7.3,134,2,65.16,7.64,"Equipo_4","Payments","Low","Success"
18.7,6.06,140,0,89.93,36.76,"Equipo_5","Payments","Medium","Success"
10.87,8.36,117,0,87.58,8.82,"Equipo_3","Database","Medium","Rolled_Back"
7.55,8.19,126,0,89.88,50.36,"Equipo_3","Auth","Medium","Failed"
4.95,6.82,115,0,59.57,5.1,"Equipo_3","Dashboard","High","Success"
12.36,6.46,130,0,45.94,30.94,"Equipo_3","Payments","Critical","Success"
11.49,8.42,107,1,75.16,25.03,"Equipo_4","Database","Medium","Success"
9.1,6.93,119,0,88.09,42.74,"Equipo_5","Payments","Low","Success"
12.25,3.54,115,1,71.2,37.21,"Equipo_3","Payments","Low","Success"
13.73,7.53,126,1,57.18,8.67,"Equipo_3","Auth","Medium","Failed"
18.39,7.35,114,0,65.13,15.99,"Equipo_5","Dashboard","Low","Success"
3.68,7.35,107,2,90.81,20.35,"Equipo_5","Auth","Medium","Success"
8.44,7.16,105,1,89.2,16.2,"Equipo_4","Payments","Low","Success"
4.02,5.86,100,1,50.93,8.57,"Equipo_3","API","Medium","Success"
17.84,5.88,93,2,52.27,6.36,"Equipo_5","Auth","Low","Success"
5.48,3.94,118,4,91.92,21.59,"Equipo_1","Auth","Medium","Success"
5.48,9.89,118,2,80.2,13.18,"Equipo_1","Auth","High","Success"
5.17,4.89,118,1,54.05,24.01,"Equipo_3","Dashboard","High","Success"
3.12,7.56,105,0,64.26,33.4,"Equipo_5","Payments","Medium","Success"
5.91,1.92,126,3,69.81,11.44,"Equipo_3","Auth","Medium","Success"
8.4,7.04,124,4,82.93,40.4,"Equipo_1","Payments","Medium","Failed"
13.84,8.84,118,4,55.63,40.63,"Equipo_5","Dashboard","Low","Success"
6.68,5.42,107,1,83.47,31.04,"Equipo_2","Database","High","Failed"
13.11,6.52,126,2,45.68,29.85,"Equipo_4","Payments","High","Success"
11.63,9.99,142,3,67.12,15.16,"Equipo_2","API","Critical","Success"
11.85,6.11,116,1,52.09,50.35,"Equipo_3","Dashboard","Medium","Success"
10.12,10.2,124,1,84.91,5.04,"Equipo_1","Payments","Medium","Failed"
12.1,10.3,112,2,79.68,29.51,"Equipo_3","Auth","Medium","Success"
6.94,10.05,116,2,97.64,12.83,"Equipo_4","Auth","Medium","Success"
8.74,8.78,126,1,52.95,57.47,"Equipo_4","Database","Medium","Success"
9.58,9.92,144,2,83.21,6.15,"Equipo_2","API","Medium","Success"
13.84,7.93,139,2,92.04,28.83,"Equipo_1","Database","Medium","Success"
5.49,11.81,113,0,45.99,9.18,"Equipo_2","Dashboard","Medium","Success"
16.23,9.24,120,0,73.68,22.06,"Equipo_3","Payments","Medium","Success"
8.96,7.42,109,1,77.06,9.99,"Equipo_3","API","Medium","Success"
7.6,11.15,120,1,77.19,39.03,"Equipo_1","API","Low","Rolled_Back"
9.55,8.24,117,0,54.18,36.07,"Equipo_1","Dashboard","Low","Success"
8.5,9.51,131,2,53.57,23.69,"Equipo_3","Auth","Low","Success"
8.22,4.84,107,2,51.5,21.21,"Equipo_1","API","Low","Success"
11.37,9.25,113,1,82.54,15.59,"Equipo_4","Payments","Low","Success"
7.04,10.48,126,1,67.73,28.12,"Equipo_1","Database","Low","Success"
10.19,7.92,118,1,97.54,15.58,"Equipo_3","Auth","Medium","Success"
13.33,11.87,115,2,76.93,42.46,"Equipo_4","Auth","High","Success"
16.74,5.83,114,1,83.13,18.02,"Equipo_3","Database","Medium","Success"
14.46,9.3,116,3,77.41,15.3,"Equipo_1","Payments","Low","Success"
7.3,9.33,126,3,51.34,10.97,"Equipo_5","Payments","High","Success"
9.71,10.04,110,3,72.47,8.28,"Equipo_5","Database","Low","Success"
13.61,12.56,118,2,60.42,7.69,"Equipo_4","API","Medium","Success"
14.58,8.21,127,1,83.38,18.91,"Equipo_2","Database","Medium","Rolled_Back"
8.16,9.63,114,2,95.65,39.01,"Equipo_4","Dashboard","Medium","Success"
9.04,8.74,123,2,85.4,4.75,"Equipo_1","Auth","Medium","Success"
5.7,3.17,126,2,67.16,33.04,"Equipo_1","Auth","Critical","Success"
15.51,6.76,107,3,80.84,13.91,"Equipo_1","Payments","Medium","Success"
6.89,5.66,121,3,99.37,10.21,"Equipo_1","Dashboard","Medium","Success"
7.08,6.4,144,0,98.96,12.29,"Equipo_4","Auth","Low","Failed"
12.13,5.77,123,2,54.77,7.52,"Equipo_5","Database","Low","Success"
8.06,7.66,131,0,50.61,73.08,"Equipo_2","Auth","Medium","Success"
7.94,8.21,111,2,55.75,7.28,"Equipo_3","Database","Low","Success"
7.55,5.66,119,2,93.3,7.37,"Equipo_2","API","High","Success"
8.87,8.97,120,1,55.63,14.11,"Equipo_5","API","Medium","Success"
9.38,10.76,124,0,85.35,22.74,"Equipo_5","Dashboard","Medium","Success"
8.57,5.88,120,4,90.93,28.91,"Equipo_2","Database","High","Rolled_Back"
7.9,8.75,123,2,46,30.51,"Equipo_2","Auth","Low","Success"
17.43,9.17,115,4,94.66,41.96,"Equipo_1","Database","Low","Success"
12.66,5.48,118,1,81.87,7.65,"Equipo_3","Payments","Low","Success"
13.01,6.67,132,3,45.06,8.05,"Equipo_2","API","Low","Success"
20.96,7.32,120,0,96.32,8.43,"Equipo_5","Dashboard","Critical","Success"
12.93,7.7,119,1,97.21,14.53,"Equipo_1","Database","Critical","Success"
8.09,9.3,113,1,76.11,35.49,"Equipo_1","API","Medium","Success"
9.27,7.39,136,1,46.41,20.27,"Equipo_2","API","Low","Success"
4.4,8.15,125,3,65.43,37.16,"Equipo_1","API","Low","Success"
9.24,6.7,126,2,69.05,1.86,"Equipo_1","Dashboard","Critical","Success"
13.57,8.98,132,2,82.69,22.65,"Equipo_1","Dashboard","Medium","Success"
10.22,5.22,118,2,52.33,10.05,"Equipo_5","Payments","Medium","Success"
5.72,12.49,118,0,46.89,22.18,"Equipo_1","Dashboard","Medium","Rolled_Back"
18.27,3.02,101,2,84.41,6.11,"Equipo_5","Database","Low","Success"
25.32,6.88,139,2,67.02,3.15,"Equipo_4","Payments","Medium","Success"
10.17,4.43,129,2,94.31,46.2,"Equipo_1","Auth","High","Success"
4.32,10.23,117,0,90.45,56.16,"Equipo_2","Database","Medium","Success"
15.01,7.2,137,3,54.56,0.73,"Equipo_4","Database","Low","Failed"
19.25,5.32,138,2,54.98,17.57,"Equipo_4","Auth","Low","Success"
13.06,5.08,116,2,91.93,40.97,"Equipo_2","Payments","Low","Success"
11.22,8.12,125,2,58.97,22.71,"Equipo_1","API","High","Success"
16.32,3.93,122,0,67.02,24.88,"Equipo_1","Database","Low","Success"
8.12,6.63,119,1,65.65,27.31,"Equipo_4","API","Low","Success"
16.2,9.18,127,2,87.49,16.14,"Equipo_3","Dashboard","Low","Success"
8.18,14.05,110,3,72.4,22.66,"Equipo_1","Auth","Medium","Success"
8.79,6.8,131,0,95.88,34.13,"Equipo_5","API","High","Success"
13.16,7.3,126,1,88.92,5.16,"Equipo_5","Database","Medium","Success"
8.55,13.75,136,1,95.95,19.35,"Equipo_3","Dashboard","Medium","Failed"
8.93,9.79,131,2,61.32,12.87,"Equipo_4","Dashboard","High","Success"
12.37,12.25,141,0,82.56,45.28,"Equipo_3","Database","Medium","Success"
4.77,5.15,138,2,99.52,30.3,"Equipo_5","API","Low","Success"
5.76,7.9,133,2,58.52,34.69,"Equipo_5","Database","Medium","Success"
3.26,8.85,126,1,69.07,23.13,"Equipo_1","Payments","Medium","Success"
15.31,7.73,131,2,71.31,14.47,"Equipo_1","Payments","High","Success"
9.21,5.62,127,1,89.63,2.6,"Equipo_4","Auth","High","Success"
1.99,7.27,115,3,63.66,9.63,"Equipo_4","API","Low","Success"
5.29,1.69,131,2,92.69,15.57,"Equipo_3","Auth","Low","Success"
9.4,7.18,126,0,80.48,12.42,"Equipo_3","Auth","Medium","Success"
9.21,11.23,126,1,50.65,8.86,"Equipo_2","Database","Medium","Failed"
7.03,9.18,108,1,95.38,25.55,"Equipo_3","Dashboard","Medium","Success"
6.73,8.35,129,2,65.89,9.03,"Equipo_2","Auth","Low","Success"
10.21,6.43,123,2,61.29,19.02,"Equipo_5","Dashboard","Medium","Success"
11.1,5.09,122,1,84.29,10.32,"Equipo_5","Payments","Medium","Failed"
7.78,9.77,130,0,53.75,16.98,"Equipo_4","Database","Medium","Success"
5.57,13.31,120,1,83.89,25.62,"Equipo_2","Payments","Medium","Success"
7.17,6.82,128,1,73.07,8.06,"Equipo_4","Auth","Low","Success"
18.84,6.29,105,0,94.54,2.62,"Equipo_4","Payments","Medium","Success"
8.68,8.01,130,0,76.63,14.9,"Equipo_2","Auth","Low","Success"
11.62,7.04,116,2,72.26,15.6,"Equipo_4","Database","Low","Success"
8.48,9.27,119,3,50.1,19.51,"Equipo_4","Auth","Low","Success"
11.6,6.73,116,2,91.51,33.63,"Equipo_4","Auth","Medium","Success"
5.66,12.09,119,3,70.7,14.78,"Equipo_5","Auth","Low","Success"
16.09,6.22,120,1,85.22,4.48,"Equipo_4","API","Low","Success"
12.72,10.54,122,2,50.38,8.57,"Equipo_2","Database","Medium","Success"
5.11,9.04,129,4,87.63,57.12,"Equipo_5","Payments","Low","Rolled_Back"
5.77,6.89,125,2,54.88,12.73,"Equipo_5","API","High","Success"
18.36,9.6,140,1,76.29,9.88,"Equipo_5","Database","Medium","Success"
5.83,8.73,128,2,64.45,5.87,"Equipo_3","API","Medium","Success"
13.22,11.72,103,2,83.49,14.08,"Equipo_5","API","Medium","Success"
6.11,8.82,122,1,83.42,31.02,"Equipo_5","Payments","Low","Success"
12.21,10.12,120,2,69.26,22.77,"Equipo_3","Auth","Low","Success"
15.24,7.57,147,0,54.13,13.6,"Equipo_4","Payments","Medium","Success"
4.87,6.15,107,1,68.44,17.4,"Equipo_1","Payments","High","Success"
13.28,10.61,143,2,78.23,18.12,"Equipo_5","Database","Medium","Success"
11.06,7.45,122,2,84.95,4.96,"Equipo_3","Payments","Low","Success"
8.38,7.48,107,1,92.49,7.76,"Equipo_1","Dashboard","Medium","Success"
9.25,5.38,116,1,71.19,1.38,"Equipo_5","Dashboard","Low","Success"
17.57,8.87,122,0,84.83,27.4,"Equipo_2","Auth","Medium","Rolled_Back"
5.9,8.7,112,2,84.23,4.26,"Equipo_2","Database","Medium","Success"
10.4,8.05,101,2,56.77,35.87,"Equipo_2","Database","Low","Success"
14.34,8.36,131,2,95.69,28.37,"Equipo_3","Payments","Critical","Success"
7.4,6.28,116,0,80.16,43.55,"Equipo_4","Payments","Medium","Success"
4.59,7.97,117,0,92.81,12.46,"Equipo_1","Payments","Low","Success"
9.83,10.37,111,1,56.25,46.89,"Equipo_3","Database","Low","Success"
7.94,5.47,121,2,50.38,11.72,"Equipo_1","Payments","Medium","Rolled_Back"
20.66,8.78,126,6,90.87,9.67,"Equipo_1","Auth","High","Success"
9.61,2.65,107,1,68.74,8.77,"Equipo_4","Auth","Medium","Success"
9.59,13.5,123,2,54.71,15.59,"Equipo_1","Dashboard","Medium","Success"
4.05,6.27,123,1,68.01,15.09,"Equipo_4","Auth","Low","Success"
6.63,2.7,116,0,96.09,15.8,"Equipo_4","API","High","Success"
13.77,8.64,119,1,80.42,25.66,"Equipo_2","Database","Medium","Success"
4.15,9.04,115,0,86.18,44.59,"Equipo_2","API","Medium","Success"
5.57,7.88,107,2,49.03,14.2,"Equipo_3","Payments","Medium","Success"
8.62,11.1,120,0,76.55,40.51,"Equipo_3","Payments","Medium","Success"
6.12,10.88,132,2,74.01,4.81,"Equipo_2","Payments","High","Success"
10.94,8.1,118,2,74.45,16.56,"Equipo_5","Payments","High","Success"
6.76,10.04,128,0,51.26,9.42,"Equipo_5","Database","High","Success"
10.39,12.79,117,2,82.66,15.81,"Equipo_4","Payments","High","Success"
7.66,5.38,120,2,83.8,12.75,"Equipo_1","Auth","Low","Success"
8.96,10.41,116,0,66.75,9.54,"Equipo_5","Dashboard","Medium","Success"
9.49,6.47,134,1,50.19,22.09,"Equipo_2","Dashboard","Critical","Success"
20.23,9.64,120,2,52.72,10.85,"Equipo_1","Database","Low","Success"
5.96,8.2,115,1,45.78,14.09,"Equipo_2","Database","Low","Success"
6.25,8.51,125,0,81.82,12.64,"Equipo_3","Database","Low","Success"
6.49,8.72,121,3,90.81,14.63,"Equipo_4","Database","Low","Success"
14.83,8.52,105,1,52.56,5.71,"Equipo_2","Database","Medium","Success"
13.06,9.52,124,3,94.95,15.15,"Equipo_1","Auth","Medium","Success"
19.91,9.74,134,3,90.41,38.53,"Equipo_3","API","Medium","Success"
13.12,8.3,130,1,66.8,13.41,"Equipo_2","Dashboard","High","Success"
7.45,9.79,113,3,48.09,15.86,"Equipo_5","Payments","Medium","Failed"
4.51,9.99,116,1,63.39,26.09,"Equipo_3","Database","Low","Success"
12.37,6.84,122,1,82.43,5.21,"Equipo_3","API","Medium","Rolled_Back"
12.61,13.68,103,0,47.04,41.44,"Equipo_1","API","Medium","Success"
10.05,5.02,141,5,54.62,7.49,"Equipo_5","API","High","Success"
6.36,7.57,115,0,74.66,30.86,"Equipo_5","Payments","Medium","Success"
18.02,6.99,105,1,87.2,59.54,"Equipo_3","Dashboard","Low","Success"
7.96,3.51,108,1,72.72,13.53,"Equipo_2","API","Low","Success"
14.18,12.57,126,2,53.05,12.31,"Equipo_3","Dashboard","Low","Success"
11.99,6.86,119,0,49.69,3.29,"Equipo_3","Dashboard","Low","Success"
14.62,6.28,136,1,85.18,15.85,"Equipo_1","Payments","Low","Success"
15.88,3.47,127,1,52.54,32.91,"Equipo_5","Database","Medium","Success"
10.53,11.27,124,2,99.65,30.13,"Equipo_5","Payments","Low","Success"
17.71,5.95,109,2,54.53,11.59,"Equipo_4","Database","Low","Failed"
8.53,9.9,126,2,46.07,18.07,"Equipo_4","Database","Medium","Success"
10.64,7.94,124,0,63.55,5.63,"Equipo_2","Database","Medium","Success"
18.55,11.74,130,0,59.7,38.41,"Equipo_2","Payments","High","Rolled_Back"
7,3.24,121,0,79.06,1.61,"Equipo_2","Database","Low","Success"
8.72,6.92,101,1,91.97,15.28,"Equipo_5","Payments","Medium","Success"
5.61,5.53,113,0,99.15,12.98,"Equipo_2","Database","Medium","Success"
12.31,10.82,127,4,56.44,7.6,"Equipo_2","Database","Low","Success"
10.23,10.04,107,1,91.1,23.81,"Equipo_1","Auth","Medium","Success"
8.36,5.92,124,1,86.24,6.33,"Equipo_4","API","Low","Success"
16.31,12.37,125,1,81.02,21.3,"Equipo_4","Dashboard","High","Success"
11.99,9.43,108,2,74.74,12.1,"Equipo_5","Database","Critical","Success"
17.8,5.39,116,0,67.03,2.72,"Equipo_4","Auth","Low","Success"
5.73,6.47,121,2,69.49,57.12,"Equipo_4","Auth","Low","Success"
2.97,9.5,120,1,45.59,20.87,"Equipo_4","API","Medium","Success"
19.36,10.23,118,1,51.91,20.92,"Equipo_3","Dashboard","Low","Success"
13.36,4.22,105,1,72.55,19.17,"Equipo_4","Database","Critical","Success"
5.06,6.03,120,0,54.9,7.4,"Equipo_5","Database","Medium","Success"
4.09,4.74,123,2,47.91,30.7,"Equipo_1","API","Critical","Success"
5.47,4.96,104,2,48.46,13.51,"Equipo_3","Payments","Low","Failed"
9.4,10.32,121,2,97.62,18.53,"Equipo_1","Database","Low","Success"
8.71,7.69,90,0,96.04,7.64,"Equipo_1","API","Medium","Failed"
12.28,9.71,115,1,58.74,32.15,"Equipo_3","Payments","Low","Failed"
13.56,3.94,124,2,58.78,10.19,"Equipo_5","Database","High","Success"
18.91,4.59,121,1,70.39,23.19,"Equipo_3","Database","High","Success"
10.47,12.23,99,1,52.38,25.48,"Equipo_4","Auth","Low","Success"
16.7,8.17,105,0,56.01,9.96,"Equipo_3","Payments","Low","Rolled_Back"
6.54,10.66,102,1,70.65,27.25,"Equipo_2","Dashboard","Low","Success"
6.95,6.75,129,2,67.27,27.96,"Equipo_5","API","Low","Success"
10.35,8.61,125,2,99.1,32.36,"Equipo_4","Payments","Medium","Success"
34.98,7.79,115,1,72.88,10.74,"Equipo_1","API","High","Success"
9.52,9.25,114,0,82.58,3.39,"Equipo_5","Payments","Medium","Success"
5.22,11.48,120,0,70.81,25.26,"Equipo_2","Auth","Low","Success"
8.4,6.6,136,1,47.05,4.67,"Equipo_3","Payments","High","Success"
5.85,10.69,127,3,52.24,17.25,"Equipo_5","Dashboard","Low","Success"
10.54,10.33,113,2,55.84,37.42,"Equipo_2","Auth","Medium","Success"
13.88,7.26,121,3,77.6,1.64,"Equipo_3","Dashboard","Medium","Success"
8.76,5.49,126,1,82.09,31.2,"Equipo_4","API","Medium","Failed"
2.77,11.56,110,3,85.89,28.31,"Equipo_2","Database","Low","Success"
5.18,5.1,124,3,97.74,18.29,"Equipo_4","Payments","High","Success"
17.65,6.89,118,2,67.41,37.35,"Equipo_3","Dashboard","Low","Success"
9.47,4.28,112,1,87.64,28.43,"Equipo_3","API","High","Failed"
14.06,8.52,132,1,92.19,61.34,"Equipo_2","API","Medium","Success"
10.79,6.32,136,1,60,28.56,"Equipo_3","Dashboard","Low","Success"
8.66,8.1,111,0,75.29,15.7,"Equipo_5","Auth","Medium","Success"
7.19,5.28,102,1,91.22,28.34,"Equipo_2","Auth","High","Success"
8.79,12.4,119,1,79.59,37.19,"Equipo_4","Payments","Medium","Success"
3.5,7.09,108,0,78,21.69,"Equipo_2","Payments","Low","Success"
10.33,6.22,118,3,66.15,8.3,"Equipo_5","API","Medium","Success"
13.46,8.56,109,1,94.46,6.93,"Equipo_1","Payments","Low","Success"
5.69,8.6,109,0,77.61,6.67,"Equipo_2","Database","Low","Success"
7.64,7.41,103,0,65.74,16.2,"Equipo_4","Dashboard","Medium","Success"
15.67,2.45,113,1,94.27,37.93,"Equipo_2","Database","Medium","Success"
9.43,7.98,123,0,99.3,9.24,"Equipo_4","Auth","Low","Success"
9.05,6.6,117,3,66.84,20.06,"Equipo_1","Payments","Medium","Success"
4.34,4.29,124,2,46.13,29.49,"Equipo_1","Payments","Medium","Success"
7.9,12.88,116,0,47.62,18.34,"Equipo_4","Auth","Low","Success"
9.36,9.67,122,0,50.51,6.9,"Equipo_3","Database","Low","Success"
9.99,13.47,115,4,73.08,28.14,"Equipo_1","Database","Medium","Failed"
8.23,9.69,124,0,45.43,1.78,"Equipo_1","API","Medium","Success"
14.26,8.87,112,2,97.22,7.83,"Equipo_2","API","High","Success"
16.27,4.64,121,2,48.47,6.91,"Equipo_1","Dashboard","Medium","Rolled_Back"
20.66,6.29,118,2,46.67,41.76,"Equipo_4","Dashboard","Medium","Success"
4.86,6.86,102,0,61.53,8.33,"Equipo_3","Auth","Low","Success"
11.45,7.21,122,2,52.33,11.59,"Equipo_2","Payments","Medium","Success"
4.75,6.62,133,2,93.51,19.46,"Equipo_5","Payments","Medium","Success"
5.69,12.05,112,1,46.2,19.27,"Equipo_4","Database","Low","Failed"
11.22,10.41,141,1,54.26,26.17,"Equipo_2","API","Critical","Success"
10.48,7.95,134,1,99.51,14.37,"Equipo_4","Database","Low","Success"
9.34,7.06,107,0,86.29,5.42,"Equipo_2","Database","Medium","Success"
11.33,11.91,114,1,91.4,16.32,"Equipo_3","Dashboard","Critical","Success"
14.57,11.24,115,1,45.39,47.58,"Equipo_1","Payments","High","Rolled_Back"
9.49,4.66,117,2,45.28,20.55,"Equipo_1","Payments","Low","Failed"
10.96,7.62,126,3,98.13,26.79,"Equipo_2","Dashboard","Medium","Failed"
9.98,6.19,118,0,82.73,14.89,"Equipo_5","Dashboard","High","Failed"
15.36,7.41,123,1,50.01,7.8,"Equipo_2","Database","Medium","Success"
15.97,8.44,98,0,89.09,24.11,"Equipo_3","Auth","Medium","Success"
6.28,6.7,107,3,99.42,19.65,"Equipo_5","API","Critical","Success"
8.93,11.69,126,1,47.17,20.89,"Equipo_1","API","Critical","Success"
8.15,8,107,1,65.34,18.52,"Equipo_5","Payments","Low","Success"
11.28,5.6,116,4,47.18,9.4,"Equipo_2","Payments","Low","Success"
16.13,4.01,108,2,80.12,7.73,"Equipo_1","Dashboard","Medium","Success"
6.61,10.98,125,0,79.34,20.45,"Equipo_1","Dashboard","High","Success"
4.37,6.58,106,4,47.52,3.3,"Equipo_4","API","Medium","Success"
7.16,4.78,112,4,55.95,13.81,"Equipo_1","Auth","Medium","Success"
11.35,8.45,138,2,96.25,56.85,"Equipo_2","Auth","Low","Success"
6.73,10.29,128,1,91.91,16.21,"Equipo_2","Payments","Medium","Success"
6.25,7.28,127,3,91.93,11.78,"Equipo_3","API","Medium","Failed"
9.41,10.49,130,2,68.97,24.32,"Equipo_4","API","Low","Success"
10.74,7.09,114,2,86.56,22.18,"Equipo_4","API","Medium","Success"
13.33,7.82,112,0,52.73,30.48,"Equipo_3","API","Low","Success"
12.46,10.43,135,3,61.43,4.03,"Equipo_4","API","Medium","Success"
16.98,6.05,107,4,74.43,0.8,"Equipo_2","API","Medium","Success"
10.22,6.78,126,0,71.94,2.67,"Equipo_1","Database","Low","Success"
3.99,3.64,135,1,51.47,7.36,"Equipo_1","API","Medium","Success"
9.7,7.53,105,2,91.97,17.61,"Equipo_5","Database","High","Success"
14.55,4.3,128,1,80.46,12.8,"Equipo_4","Database","Low","Rolled_Back"
10.55,8.82,123,2,66.46,13.22,"Equipo_3","Database","Low","Success"
7.91,9.44,127,3,57.22,28.27,"Equipo_1","Dashboard","Low","Success"
8.33,8.52,117,1,63.38,3,"Equipo_2","API","Medium","Success"
5.28,8.44,115,0,59.41,23.99,"Equipo_1","Dashboard","Medium","Success"
7.41,12.46,111,1,53.28,33.62,"Equipo_2","Database","Low","Success"
7.87,6.33,114,1,77.58,30.38,"Equipo_3","API","Critical","Success"
8.51,10.33,134,2,71.2,13.22,"Equipo_3","Database","Medium","Success"
7.73,3.8,120,1,76.04,22.88,"Equipo_3","Auth","High","Success"
2.57,10.81,125,2,53.25,19.46,"Equipo_1","Auth","Medium","Success"
12.88,8,123,1,92.59,17.27,"Equipo_4","Database","Medium","Success"
8.67,6.57,133,0,97.6,18.84,"Equipo_4","API","High","Success"
18.83,12.22,135,1,60.43,0.88,"Equipo_2","API","High","Success"
9.46,7.46,114,2,65.65,13.45,"Equipo_1","Dashboard","Medium","Success"
15.64,9.72,111,2,78.88,10.75,"Equipo_2","Dashboard","Medium","Success"
14.86,9.67,130,1,66.63,24.6,"Equipo_5","Auth","Low","Success"
10.81,6.69,136,2,79.37,6.83,"Equipo_1","Payments","Low","Success"
6.17,8.51,130,4,51.6,17.22,"Equipo_4","API","Medium","Success"
15.63,6.62,121,2,46.83,27.39,"Equipo_4","Payments","Low","Failed"
7.32,2.7,146,4,60.19,30.86,"Equipo_1","Payments","Low","Failed"
10.4,5.97,107,1,71.18,22.56,"Equipo_2","Dashboard","Medium","Rolled_Back"
19.09,2.19,139,1,82.22,13.58,"Equipo_5","Database","High","Success"
7.55,7.6,126,1,52.51,7.62,"Equipo_3","Payments","Low","Success"
10.81,8.83,128,3,57.22,16.01,"Equipo_3","Database","Medium","Failed"
3.79,8.3,125,1,85.73,28.07,"Equipo_5","Payments","Low","Success"
6.07,4.31,138,2,84.05,9.64,"Equipo_5","Auth","Medium","Success"
12.75,10.83,120,2,87.71,6.31,"Equipo_4","Database","Low","Success"
11.79,6.69,119,5,95.42,29.93,"Equipo_3","Database","Medium","Success"
10.59,4.11,115,1,68.8,36.27,"Equipo_1","Database","High","Failed"
6.32,6.86,121,1,85.54,11.51,"Equipo_5","Database","Low","Failed"
17.64,10.02,110,2,73.36,23.02,"Equipo_3","API","High","Success"
6.57,10.06,117,1,55.12,14.03,"Equipo_2","Payments","Medium","Success"
9.25,9.28,123,3,80.22,4.11,"Equipo_3","API","Medium","Success"
8.43,3.45,125,2,47.02,26.36,"Equipo_5","Dashboard","Medium","Success"
5.76,12.65,120,2,45.49,25.09,"Equipo_2","Dashboard","High","Success"
10.84,11.19,123,1,55.46,2.05,"Equipo_2","API","Critical","Success"
8.61,6.77,136,0,97.66,7.38,"Equipo_3","Auth","High","Success"
10.67,10.01,133,1,59.6,18.78,"Equipo_2","Payments","Medium","Success"
5.22,3.87,112,0,84.34,26.83,"Equipo_4","Auth","Low","Failed"
16.97,7.96,112,1,69.96,18.65,"Equipo_1","Dashboard","Medium","Success"
12.06,11.84,128,1,76.02,23.16,"Equipo_4","Payments","Medium","Success"
4.18,9.43,112,3,61.79,12.24,"Equipo_5","Dashboard","Critical","Success"
12.31,11.73,124,1,49.72,6.44,"Equipo_4","API","Low","Failed"
7.85,1.7,113,1,59.07,14.35,"Equipo_3","Payments","Low","Failed"
7.85,7.88,112,2,88.24,32.82,"Equipo_5","API","High","Failed"
7.28,10.09,128,1,49.38,12.22,"Equipo_3","Dashboard","Critical","Success"
7.93,7.16,109,1,94.58,4.36,"Equipo_2","API","Low","Success"
9.92,8.67,124,1,54.46,16.73,"Equipo_3","API","Critical","Success"
7.14,7.91,135,1,90.19,13.01,"Equipo_3","Payments","Low","Success"
10.89,9.12,123,2,92.8,15.71,"Equipo_4","Dashboard","Medium","Success"
